model,audit_m,target_N,law,bin_index,rank_midpoint,truth_rate
Llama-3-8B,8,100,empirical_plugin,0,0.0005,0.150492524379
Llama-3-8B,8,100,empirical_plugin,1,0.0015,0.150492524379
Llama-3-8B,8,100,empirical_plugin,2,0.0025,0.150492524379
Llama-3-8B,8,100,empirical_plugin,3,0.0035,0.150492524379
Llama-3-8B,8,100,empirical_plugin,4,0.0045,0.150492524379
Llama-3-8B,8,100,empirical_plugin,5,0.0055,0.150492524379
Llama-3-8B,8,100,empirical_plugin,6,0.0065,0.150492524379
Llama-3-8B,8,100,empirical_plugin,7,0.0075,0.150492524379
Llama-3-8B,8,100,empirical_plugin,8,0.0085,0.150492524379
Llama-3-8B,8,100,empirical_plugin,9,0.0095,0.150492524379
Llama-3-8B,8,100,empirical_plugin,10,0.0105,0.235858378038
Llama-3-8B,8,100,empirical_plugin,11,0.0115,0.235858378038
Llama-3-8B,8,100,empirical_plugin,12,0.0125,0.235858378038
Llama-3-8B,8,100,empirical_plugin,13,0.0135,0.235858378038
Llama-3-8B,8,100,empirical_plugin,14,0.0145,0.235858378038
Llama-3-8B,8,100,empirical_plugin,15,0.0155,0.235858378038
Llama-3-8B,8,100,empirical_plugin,16,0.0165,0.235858378038
Llama-3-8B,8,100,empirical_plugin,17,0.0175,0.235858378038
Llama-3-8B,8,100,empirical_plugin,18,0.0185,0.235858378038
Llama-3-8B,8,100,empirical_plugin,19,0.0195,0.235858378038
Llama-3-8B,8,100,empirical_plugin,20,0.0205,0.275492524379
Llama-3-8B,8,100,empirical_plugin,21,0.0215,0.275492524379
Llama-3-8B,8,100,empirical_plugin,22,0.0225,0.275492524379
Llama-3-8B,8,100,empirical_plugin,23,0.0235,0.275492524379
Llama-3-8B,8,100,empirical_plugin,24,0.0245,0.275492524379
Llama-3-8B,8,100,empirical_plugin,25,0.0255,0.275492524379
Llama-3-8B,8,100,empirical_plugin,26,0.0265,0.275492524379
Llama-3-8B,8,100,empirical_plugin,27,0.0275,0.275492524379
Llama-3-8B,8,100,empirical_plugin,28,0.0285,0.275492524379
Llama-3-8B,8,100,empirical_plugin,29,0.0295,0.275492524379
Llama-3-8B,8,100,empirical_plugin,30,0.0305,0.28768764633
Llama-3-8B,8,100,empirical_plugin,31,0.0315,0.28768764633
Llama-3-8B,8,100,empirical_plugin,32,0.0325,0.28768764633
Llama-3-8B,8,100,empirical_plugin,33,0.0335,0.28768764633
Llama-3-8B,8,100,empirical_plugin,34,0.0345,0.28768764633
Llama-3-8B,8,100,empirical_plugin,35,0.0355,0.28768764633
Llama-3-8B,8,100,empirical_plugin,36,0.0365,0.28768764633
Llama-3-8B,8,100,empirical_plugin,37,0.0375,0.28768764633
Llama-3-8B,8,100,empirical_plugin,38,0.0385,0.28768764633
Llama-3-8B,8,100,empirical_plugin,39,0.0395,0.28768764633
Llama-3-8B,8,100,empirical_plugin,40,0.0405,0.305218134135
Llama-3-8B,8,100,empirical_plugin,41,0.0415,0.305218134135
Llama-3-8B,8,100,empirical_plugin,42,0.0425,0.305218134135
Llama-3-8B,8,100,empirical_plugin,43,0.0435,0.305218134135
Llama-3-8B,8,100,empirical_plugin,44,0.0445,0.305218134135
Llama-3-8B,8,100,empirical_plugin,45,0.0455,0.305218134135
Llama-3-8B,8,100,empirical_plugin,46,0.0465,0.305218134135
Llama-3-8B,8,100,empirical_plugin,47,0.0475,0.305218134135
Llama-3-8B,8,100,empirical_plugin,48,0.0485,0.305218134135
Llama-3-8B,8,100,empirical_plugin,49,0.0495,0.305218134135
Llama-3-8B,8,100,empirical_plugin,50,0.0505,0.312535207306
Llama-3-8B,8,100,empirical_plugin,51,0.0515,0.312535207306
Llama-3-8B,8,100,empirical_plugin,52,0.0525,0.312535207306
Llama-3-8B,8,100,empirical_plugin,53,0.0535,0.312535207306
Llama-3-8B,8,100,empirical_plugin,54,0.0545,0.312535207306
Llama-3-8B,8,100,empirical_plugin,55,0.0555,0.312535207306
Llama-3-8B,8,100,empirical_plugin,56,0.0565,0.312535207306
Llama-3-8B,8,100,empirical_plugin,57,0.0575,0.312535207306
Llama-3-8B,8,100,empirical_plugin,58,0.0585,0.312535207306
Llama-3-8B,8,100,empirical_plugin,59,0.0595,0.312535207306
Llama-3-8B,8,100,empirical_plugin,60,0.0605,0.312535207306
Llama-3-8B,8,100,empirical_plugin,61,0.0615,0.312535207306
Llama-3-8B,8,100,empirical_plugin,62,0.0625,0.312535207306
Llama-3-8B,8,100,empirical_plugin,63,0.0635,0.312535207306
Llama-3-8B,8,100,empirical_plugin,64,0.0645,0.312535207306
Llama-3-8B,8,100,empirical_plugin,65,0.0655,0.312535207306
Llama-3-8B,8,100,empirical_plugin,66,0.0665,0.312535207306
Llama-3-8B,8,100,empirical_plugin,67,0.0675,0.312535207306
Llama-3-8B,8,100,empirical_plugin,68,0.0685,0.312535207306
Llama-3-8B,8,100,empirical_plugin,69,0.0695,0.312535207306
Llama-3-8B,8,100,empirical_plugin,70,0.0705,0.318632768282
Llama-3-8B,8,100,empirical_plugin,71,0.0715,0.318632768282
Llama-3-8B,8,100,empirical_plugin,72,0.0725,0.318632768282
Llama-3-8B,8,100,empirical_plugin,73,0.0735,0.318632768282
Llama-3-8B,8,100,empirical_plugin,74,0.0745,0.318632768282
Llama-3-8B,8,100,empirical_plugin,75,0.0755,0.318632768282
Llama-3-8B,8,100,empirical_plugin,76,0.0765,0.318632768282
Llama-3-8B,8,100,empirical_plugin,77,0.0775,0.318632768282
Llama-3-8B,8,100,empirical_plugin,78,0.0785,0.318632768282
Llama-3-8B,8,100,empirical_plugin,79,0.0795,0.318632768282
Llama-3-8B,8,100,empirical_plugin,80,0.0805,0.342419956703
Llama-3-8B,8,100,empirical_plugin,81,0.0815,0.342419956703
Llama-3-8B,8,100,empirical_plugin,82,0.0825,0.342419956703
Llama-3-8B,8,100,empirical_plugin,83,0.0835,0.342419956703
Llama-3-8B,8,100,empirical_plugin,84,0.0845,0.342419956703
Llama-3-8B,8,100,empirical_plugin,85,0.0855,0.342419956703
Llama-3-8B,8,100,empirical_plugin,86,0.0865,0.342419956703
Llama-3-8B,8,100,empirical_plugin,87,0.0875,0.342419956703
Llama-3-8B,8,100,empirical_plugin,88,0.0885,0.342419956703
Llama-3-8B,8,100,empirical_plugin,89,0.0895,0.342419956703
Llama-3-8B,8,100,empirical_plugin,90,0.0905,0.348517517678
Llama-3-8B,8,100,empirical_plugin,91,0.0915,0.348517517678
Llama-3-8B,8,100,empirical_plugin,92,0.0925,0.348517517678
Llama-3-8B,8,100,empirical_plugin,93,0.0935,0.348517517678
Llama-3-8B,8,100,empirical_plugin,94,0.0945,0.348517517678
Llama-3-8B,8,100,empirical_plugin,95,0.0955,0.348517517678
Llama-3-8B,8,100,empirical_plugin,96,0.0965,0.348517517678
Llama-3-8B,8,100,empirical_plugin,97,0.0975,0.348517517678
Llama-3-8B,8,100,empirical_plugin,98,0.0985,0.348517517678
Llama-3-8B,8,100,empirical_plugin,99,0.0995,0.348517517678
Llama-3-8B,8,100,empirical_plugin,100,0.1005,0.356473382951
Llama-3-8B,8,100,empirical_plugin,101,0.1015,0.356473382951
Llama-3-8B,8,100,empirical_plugin,102,0.1025,0.356473382951
Llama-3-8B,8,100,empirical_plugin,103,0.1035,0.356473382951
Llama-3-8B,8,100,empirical_plugin,104,0.1045,0.356473382951
Llama-3-8B,8,100,empirical_plugin,105,0.1055,0.356473382951
Llama-3-8B,8,100,empirical_plugin,106,0.1065,0.356473382951
Llama-3-8B,8,100,empirical_plugin,107,0.1075,0.356473382951
Llama-3-8B,8,100,empirical_plugin,108,0.1085,0.356473382951
Llama-3-8B,8,100,empirical_plugin,109,0.1095,0.356473382951
Llama-3-8B,8,100,empirical_plugin,110,0.1105,0.368668504903
Llama-3-8B,8,100,empirical_plugin,111,0.1115,0.368668504903
Llama-3-8B,8,100,empirical_plugin,112,0.1125,0.368668504903
Llama-3-8B,8,100,empirical_plugin,113,0.1135,0.368668504903
Llama-3-8B,8,100,empirical_plugin,114,0.1145,0.368668504903
Llama-3-8B,8,100,empirical_plugin,115,0.1155,0.368668504903
Llama-3-8B,8,100,empirical_plugin,116,0.1165,0.368668504903
Llama-3-8B,8,100,empirical_plugin,117,0.1175,0.368668504903
Llama-3-8B,8,100,empirical_plugin,118,0.1185,0.368668504903
Llama-3-8B,8,100,empirical_plugin,119,0.1195,0.368668504903
Llama-3-8B,8,100,empirical_plugin,120,0.1205,0.380863626854
Llama-3-8B,8,100,empirical_plugin,121,0.1215,0.380863626854
Llama-3-8B,8,100,empirical_plugin,122,0.1225,0.380863626854
Llama-3-8B,8,100,empirical_plugin,123,0.1235,0.380863626854
Llama-3-8B,8,100,empirical_plugin,124,0.1245,0.380863626854
Llama-3-8B,8,100,empirical_plugin,125,0.1255,0.380863626854
Llama-3-8B,8,100,empirical_plugin,126,0.1265,0.380863626854
Llama-3-8B,8,100,empirical_plugin,127,0.1275,0.380863626854
Llama-3-8B,8,100,empirical_plugin,128,0.1285,0.380863626854
Llama-3-8B,8,100,empirical_plugin,129,0.1295,0.380863626854
Llama-3-8B,8,100,empirical_plugin,130,0.1305,0.381110825272
Llama-3-8B,8,100,empirical_plugin,131,0.1315,0.381110825272
Llama-3-8B,8,100,empirical_plugin,132,0.1325,0.381110825272
Llama-3-8B,8,100,empirical_plugin,133,0.1335,0.381110825272
Llama-3-8B,8,100,empirical_plugin,134,0.1345,0.381110825272
Llama-3-8B,8,100,empirical_plugin,135,0.1355,0.381110825272
Llama-3-8B,8,100,empirical_plugin,136,0.1365,0.381110825272
Llama-3-8B,8,100,empirical_plugin,137,0.1375,0.381110825272
Llama-3-8B,8,100,empirical_plugin,138,0.1385,0.381110825272
Llama-3-8B,8,100,empirical_plugin,139,0.1395,0.381110825272
Llama-3-8B,8,100,empirical_plugin,140,0.1405,0.399403508199
Llama-3-8B,8,100,empirical_plugin,141,0.1415,0.399403508199
Llama-3-8B,8,100,empirical_plugin,142,0.1425,0.399403508199
Llama-3-8B,8,100,empirical_plugin,143,0.1435,0.399403508199
Llama-3-8B,8,100,empirical_plugin,144,0.1445,0.399403508199
Llama-3-8B,8,100,empirical_plugin,145,0.1455,0.399403508199
Llama-3-8B,8,100,empirical_plugin,146,0.1465,0.399403508199
Llama-3-8B,8,100,empirical_plugin,147,0.1475,0.399403508199
Llama-3-8B,8,100,empirical_plugin,148,0.1485,0.399403508199
Llama-3-8B,8,100,empirical_plugin,149,0.1495,0.399403508199
Llama-3-8B,8,100,empirical_plugin,150,0.1505,0.405501069174
Llama-3-8B,8,100,empirical_plugin,151,0.1515,0.405501069174
Llama-3-8B,8,100,empirical_plugin,152,0.1525,0.405501069174
Llama-3-8B,8,100,empirical_plugin,153,0.1535,0.405501069174
Llama-3-8B,8,100,empirical_plugin,154,0.1545,0.405501069174
Llama-3-8B,8,100,empirical_plugin,155,0.1555,0.405501069174
Llama-3-8B,8,100,empirical_plugin,156,0.1565,0.405501069174
Llama-3-8B,8,100,empirical_plugin,157,0.1575,0.405501069174
Llama-3-8B,8,100,empirical_plugin,158,0.1585,0.405501069174
Llama-3-8B,8,100,empirical_plugin,159,0.1595,0.405501069174
Llama-3-8B,8,100,empirical_plugin,160,0.1605,0.41159863015
Llama-3-8B,8,100,empirical_plugin,161,0.1615,0.41159863015
Llama-3-8B,8,100,empirical_plugin,162,0.1625,0.41159863015
Llama-3-8B,8,100,empirical_plugin,163,0.1635,0.41159863015
Llama-3-8B,8,100,empirical_plugin,164,0.1645,0.41159863015
Llama-3-8B,8,100,empirical_plugin,165,0.1655,0.41159863015
Llama-3-8B,8,100,empirical_plugin,166,0.1665,0.41159863015
Llama-3-8B,8,100,empirical_plugin,167,0.1675,0.41159863015
Llama-3-8B,8,100,empirical_plugin,168,0.1685,0.41159863015
Llama-3-8B,8,100,empirical_plugin,169,0.1695,0.41159863015
Llama-3-8B,8,100,empirical_plugin,170,0.1705,0.41159863015
Llama-3-8B,8,100,empirical_plugin,171,0.1715,0.41159863015
Llama-3-8B,8,100,empirical_plugin,172,0.1725,0.41159863015
Llama-3-8B,8,100,empirical_plugin,173,0.1735,0.41159863015
Llama-3-8B,8,100,empirical_plugin,174,0.1745,0.41159863015
Llama-3-8B,8,100,empirical_plugin,175,0.1755,0.41159863015
Llama-3-8B,8,100,empirical_plugin,176,0.1765,0.41159863015
Llama-3-8B,8,100,empirical_plugin,177,0.1775,0.41159863015
Llama-3-8B,8,100,empirical_plugin,178,0.1785,0.41159863015
Llama-3-8B,8,100,empirical_plugin,179,0.1795,0.41159863015
Llama-3-8B,8,100,empirical_plugin,180,0.1805,0.420298808615
Llama-3-8B,8,100,empirical_plugin,181,0.1815,0.420298808615
Llama-3-8B,8,100,empirical_plugin,182,0.1825,0.420298808615
Llama-3-8B,8,100,empirical_plugin,183,0.1835,0.420298808615
Llama-3-8B,8,100,empirical_plugin,184,0.1845,0.420298808615
Llama-3-8B,8,100,empirical_plugin,185,0.1855,0.420298808615
Llama-3-8B,8,100,empirical_plugin,186,0.1865,0.420298808615
Llama-3-8B,8,100,empirical_plugin,187,0.1875,0.420298808615
Llama-3-8B,8,100,empirical_plugin,188,0.1885,0.420298808615
Llama-3-8B,8,100,empirical_plugin,189,0.1895,0.420298808615
Llama-3-8B,8,100,empirical_plugin,190,0.1905,0.420298808615
Llama-3-8B,8,100,empirical_plugin,191,0.1915,0.420298808615
Llama-3-8B,8,100,empirical_plugin,192,0.1925,0.420298808615
Llama-3-8B,8,100,empirical_plugin,193,0.1935,0.420298808615
Llama-3-8B,8,100,empirical_plugin,194,0.1945,0.420298808615
Llama-3-8B,8,100,empirical_plugin,195,0.1955,0.420298808615
Llama-3-8B,8,100,empirical_plugin,196,0.1965,0.420298808615
Llama-3-8B,8,100,empirical_plugin,197,0.1975,0.420298808615
Llama-3-8B,8,100,empirical_plugin,198,0.1985,0.420298808615
Llama-3-8B,8,100,empirical_plugin,199,0.1995,0.420298808615
Llama-3-8B,8,100,empirical_plugin,200,0.2005,0.427158564713
Llama-3-8B,8,100,empirical_plugin,201,0.2015,0.427158564713
Llama-3-8B,8,100,empirical_plugin,202,0.2025,0.427158564713
Llama-3-8B,8,100,empirical_plugin,203,0.2035,0.427158564713
Llama-3-8B,8,100,empirical_plugin,204,0.2045,0.427158564713
Llama-3-8B,8,100,empirical_plugin,205,0.2055,0.427158564713
Llama-3-8B,8,100,empirical_plugin,206,0.2065,0.427158564713
Llama-3-8B,8,100,empirical_plugin,207,0.2075,0.427158564713
Llama-3-8B,8,100,empirical_plugin,208,0.2085,0.427158564713
Llama-3-8B,8,100,empirical_plugin,209,0.2095,0.427158564713
Llama-3-8B,8,100,empirical_plugin,210,0.2105,0.433256125688
Llama-3-8B,8,100,empirical_plugin,211,0.2115,0.433256125688
Llama-3-8B,8,100,empirical_plugin,212,0.2125,0.433256125688
Llama-3-8B,8,100,empirical_plugin,213,0.2135,0.433256125688
Llama-3-8B,8,100,empirical_plugin,214,0.2145,0.433256125688
Llama-3-8B,8,100,empirical_plugin,215,0.2155,0.433256125688
Llama-3-8B,8,100,empirical_plugin,216,0.2165,0.433256125688
Llama-3-8B,8,100,empirical_plugin,217,0.2175,0.433256125688
Llama-3-8B,8,100,empirical_plugin,218,0.2185,0.433256125688
Llama-3-8B,8,100,empirical_plugin,219,0.2195,0.433256125688
Llama-3-8B,8,100,empirical_plugin,220,0.2205,0.433256125688
Llama-3-8B,8,100,empirical_plugin,221,0.2215,0.433256125688
Llama-3-8B,8,100,empirical_plugin,222,0.2225,0.433256125688
Llama-3-8B,8,100,empirical_plugin,223,0.2235,0.433256125688
Llama-3-8B,8,100,empirical_plugin,224,0.2245,0.433256125688
Llama-3-8B,8,100,empirical_plugin,225,0.2255,0.433256125688
Llama-3-8B,8,100,empirical_plugin,226,0.2265,0.433256125688
Llama-3-8B,8,100,empirical_plugin,227,0.2275,0.433256125688
Llama-3-8B,8,100,empirical_plugin,228,0.2285,0.433256125688
Llama-3-8B,8,100,empirical_plugin,229,0.2295,0.433256125688
Llama-3-8B,8,100,empirical_plugin,230,0.2305,0.445451247639
Llama-3-8B,8,100,empirical_plugin,231,0.2315,0.445451247639
Llama-3-8B,8,100,empirical_plugin,232,0.2325,0.445451247639
Llama-3-8B,8,100,empirical_plugin,233,0.2335,0.445451247639
Llama-3-8B,8,100,empirical_plugin,234,0.2345,0.445451247639
Llama-3-8B,8,100,empirical_plugin,235,0.2355,0.445451247639
Llama-3-8B,8,100,empirical_plugin,236,0.2365,0.445451247639
Llama-3-8B,8,100,empirical_plugin,237,0.2375,0.445451247639
Llama-3-8B,8,100,empirical_plugin,238,0.2385,0.445451247639
Llama-3-8B,8,100,empirical_plugin,239,0.2395,0.445451247639
Llama-3-8B,8,100,empirical_plugin,240,0.2405,0.451548808615
Llama-3-8B,8,100,empirical_plugin,241,0.2415,0.451548808615
Llama-3-8B,8,100,empirical_plugin,242,0.2425,0.451548808615
Llama-3-8B,8,100,empirical_plugin,243,0.2435,0.451548808615
Llama-3-8B,8,100,empirical_plugin,244,0.2445,0.451548808615
Llama-3-8B,8,100,empirical_plugin,245,0.2455,0.451548808615
Llama-3-8B,8,100,empirical_plugin,246,0.2465,0.451548808615
Llama-3-8B,8,100,empirical_plugin,247,0.2475,0.451548808615
Llama-3-8B,8,100,empirical_plugin,248,0.2485,0.451548808615
Llama-3-8B,8,100,empirical_plugin,249,0.2495,0.451548808615
Llama-3-8B,8,100,empirical_plugin,250,0.2505,0.463743930566
Llama-3-8B,8,100,empirical_plugin,251,0.2515,0.463743930566
Llama-3-8B,8,100,empirical_plugin,252,0.2525,0.463743930566
Llama-3-8B,8,100,empirical_plugin,253,0.2535,0.463743930566
Llama-3-8B,8,100,empirical_plugin,254,0.2545,0.463743930566
Llama-3-8B,8,100,empirical_plugin,255,0.2555,0.463743930566
Llama-3-8B,8,100,empirical_plugin,256,0.2565,0.463743930566
Llama-3-8B,8,100,empirical_plugin,257,0.2575,0.463743930566
Llama-3-8B,8,100,empirical_plugin,258,0.2585,0.463743930566
Llama-3-8B,8,100,empirical_plugin,259,0.2595,0.463743930566
Llama-3-8B,8,100,empirical_plugin,260,0.2605,0.463743930566
Llama-3-8B,8,100,empirical_plugin,261,0.2615,0.463743930566
Llama-3-8B,8,100,empirical_plugin,262,0.2625,0.463743930566
Llama-3-8B,8,100,empirical_plugin,263,0.2635,0.463743930566
Llama-3-8B,8,100,empirical_plugin,264,0.2645,0.463743930566
Llama-3-8B,8,100,empirical_plugin,265,0.2655,0.463743930566
Llama-3-8B,8,100,empirical_plugin,266,0.2665,0.463743930566
Llama-3-8B,8,100,empirical_plugin,267,0.2675,0.463743930566
Llama-3-8B,8,100,empirical_plugin,268,0.2685,0.463743930566
Llama-3-8B,8,100,empirical_plugin,269,0.2695,0.463743930566
Llama-3-8B,8,100,empirical_plugin,270,0.2705,0.469841491542
Llama-3-8B,8,100,empirical_plugin,271,0.2715,0.469841491542
Llama-3-8B,8,100,empirical_plugin,272,0.2725,0.469841491542
Llama-3-8B,8,100,empirical_plugin,273,0.2735,0.469841491542
Llama-3-8B,8,100,empirical_plugin,274,0.2745,0.469841491542
Llama-3-8B,8,100,empirical_plugin,275,0.2755,0.469841491542
Llama-3-8B,8,100,empirical_plugin,276,0.2765,0.469841491542
Llama-3-8B,8,100,empirical_plugin,277,0.2775,0.469841491542
Llama-3-8B,8,100,empirical_plugin,278,0.2785,0.469841491542
Llama-3-8B,8,100,empirical_plugin,279,0.2795,0.469841491542
Llama-3-8B,8,100,empirical_plugin,280,0.2805,0.475939052517
Llama-3-8B,8,100,empirical_plugin,281,0.2815,0.475939052517
Llama-3-8B,8,100,empirical_plugin,282,0.2825,0.475939052517
Llama-3-8B,8,100,empirical_plugin,283,0.2835,0.475939052517
Llama-3-8B,8,100,empirical_plugin,284,0.2845,0.475939052517
Llama-3-8B,8,100,empirical_plugin,285,0.2855,0.475939052517
Llama-3-8B,8,100,empirical_plugin,286,0.2865,0.475939052517
Llama-3-8B,8,100,empirical_plugin,287,0.2875,0.475939052517
Llama-3-8B,8,100,empirical_plugin,288,0.2885,0.475939052517
Llama-3-8B,8,100,empirical_plugin,289,0.2895,0.475939052517
Llama-3-8B,8,100,empirical_plugin,290,0.2905,0.482036613493
Llama-3-8B,8,100,empirical_plugin,291,0.2915,0.482036613493
Llama-3-8B,8,100,empirical_plugin,292,0.2925,0.482036613493
Llama-3-8B,8,100,empirical_plugin,293,0.2935,0.482036613493
Llama-3-8B,8,100,empirical_plugin,294,0.2945,0.482036613493
Llama-3-8B,8,100,empirical_plugin,295,0.2955,0.482036613493
Llama-3-8B,8,100,empirical_plugin,296,0.2965,0.482036613493
Llama-3-8B,8,100,empirical_plugin,297,0.2975,0.482036613493
Llama-3-8B,8,100,empirical_plugin,298,0.2985,0.482036613493
Llama-3-8B,8,100,empirical_plugin,299,0.2995,0.482036613493
Llama-3-8B,8,100,empirical_plugin,300,0.3005,0.488134174469
Llama-3-8B,8,100,empirical_plugin,301,0.3015,0.488134174469
Llama-3-8B,8,100,empirical_plugin,302,0.3025,0.488134174469
Llama-3-8B,8,100,empirical_plugin,303,0.3035,0.488134174469
Llama-3-8B,8,100,empirical_plugin,304,0.3045,0.488134174469
Llama-3-8B,8,100,empirical_plugin,305,0.3055,0.488134174469
Llama-3-8B,8,100,empirical_plugin,306,0.3065,0.488134174469
Llama-3-8B,8,100,empirical_plugin,307,0.3075,0.488134174469
Llama-3-8B,8,100,empirical_plugin,308,0.3085,0.488134174469
Llama-3-8B,8,100,empirical_plugin,309,0.3095,0.488134174469
Llama-3-8B,8,100,empirical_plugin,310,0.3105,0.494231735444
Llama-3-8B,8,100,empirical_plugin,311,0.3115,0.494231735444
Llama-3-8B,8,100,empirical_plugin,312,0.3125,0.494231735444
Llama-3-8B,8,100,empirical_plugin,313,0.3135,0.494231735444
Llama-3-8B,8,100,empirical_plugin,314,0.3145,0.494231735444
Llama-3-8B,8,100,empirical_plugin,315,0.3155,0.494231735444
Llama-3-8B,8,100,empirical_plugin,316,0.3165,0.494231735444
Llama-3-8B,8,100,empirical_plugin,317,0.3175,0.494231735444
Llama-3-8B,8,100,empirical_plugin,318,0.3185,0.494231735444
Llama-3-8B,8,100,empirical_plugin,319,0.3195,0.494231735444
Llama-3-8B,8,100,empirical_plugin,320,0.3205,0.494231735444
Llama-3-8B,8,100,empirical_plugin,321,0.3215,0.494231735444
Llama-3-8B,8,100,empirical_plugin,322,0.3225,0.494231735444
Llama-3-8B,8,100,empirical_plugin,323,0.3235,0.494231735444
Llama-3-8B,8,100,empirical_plugin,324,0.3245,0.494231735444
Llama-3-8B,8,100,empirical_plugin,325,0.3255,0.494231735444
Llama-3-8B,8,100,empirical_plugin,326,0.3265,0.494231735444
Llama-3-8B,8,100,empirical_plugin,327,0.3275,0.494231735444
Llama-3-8B,8,100,empirical_plugin,328,0.3285,0.494231735444
Llama-3-8B,8,100,empirical_plugin,329,0.3295,0.494231735444
Llama-3-8B,8,100,empirical_plugin,330,0.3305,0.494231735444
Llama-3-8B,8,100,empirical_plugin,331,0.3315,0.494231735444
Llama-3-8B,8,100,empirical_plugin,332,0.3325,0.494231735444
Llama-3-8B,8,100,empirical_plugin,333,0.3335,0.494231735444
Llama-3-8B,8,100,empirical_plugin,334,0.3345,0.494231735444
Llama-3-8B,8,100,empirical_plugin,335,0.3355,0.494231735444
Llama-3-8B,8,100,empirical_plugin,336,0.3365,0.494231735444
Llama-3-8B,8,100,empirical_plugin,337,0.3375,0.494231735444
Llama-3-8B,8,100,empirical_plugin,338,0.3385,0.494231735444
Llama-3-8B,8,100,empirical_plugin,339,0.3395,0.494231735444
Llama-3-8B,8,100,empirical_plugin,340,0.3405,0.488134174469
Llama-3-8B,8,100,empirical_plugin,341,0.3415,0.488134174469
Llama-3-8B,8,100,empirical_plugin,342,0.3425,0.488134174469
Llama-3-8B,8,100,empirical_plugin,343,0.3435,0.488134174469
Llama-3-8B,8,100,empirical_plugin,344,0.3445,0.488134174469
Llama-3-8B,8,100,empirical_plugin,345,0.3455,0.488134174469
Llama-3-8B,8,100,empirical_plugin,346,0.3465,0.488134174469
Llama-3-8B,8,100,empirical_plugin,347,0.3475,0.488134174469
Llama-3-8B,8,100,empirical_plugin,348,0.3485,0.488134174469
Llama-3-8B,8,100,empirical_plugin,349,0.3495,0.488134174469
Llama-3-8B,8,100,empirical_plugin,350,0.3505,0.488134174469
Llama-3-8B,8,100,empirical_plugin,351,0.3515,0.488134174469
Llama-3-8B,8,100,empirical_plugin,352,0.3525,0.488134174469
Llama-3-8B,8,100,empirical_plugin,353,0.3535,0.488134174469
Llama-3-8B,8,100,empirical_plugin,354,0.3545,0.488134174469
Llama-3-8B,8,100,empirical_plugin,355,0.3555,0.488134174469
Llama-3-8B,8,100,empirical_plugin,356,0.3565,0.488134174469
Llama-3-8B,8,100,empirical_plugin,357,0.3575,0.488134174469
Llama-3-8B,8,100,empirical_plugin,358,0.3585,0.488134174469
Llama-3-8B,8,100,empirical_plugin,359,0.3595,0.488134174469
Llama-3-8B,8,100,empirical_plugin,360,0.3605,0.488134174469
Llama-3-8B,8,100,empirical_plugin,361,0.3615,0.488134174469
Llama-3-8B,8,100,empirical_plugin,362,0.3625,0.488134174469
Llama-3-8B,8,100,empirical_plugin,363,0.3635,0.488134174469
Llama-3-8B,8,100,empirical_plugin,364,0.3645,0.488134174469
Llama-3-8B,8,100,empirical_plugin,365,0.3655,0.488134174469
Llama-3-8B,8,100,empirical_plugin,366,0.3665,0.488134174469
Llama-3-8B,8,100,empirical_plugin,367,0.3675,0.488134174469
Llama-3-8B,8,100,empirical_plugin,368,0.3685,0.488134174469
Llama-3-8B,8,100,empirical_plugin,369,0.3695,0.488134174469
Llama-3-8B,8,100,empirical_plugin,370,0.3705,0.488134174469
Llama-3-8B,8,100,empirical_plugin,371,0.3715,0.488134174469
Llama-3-8B,8,100,empirical_plugin,372,0.3725,0.488134174469
Llama-3-8B,8,100,empirical_plugin,373,0.3735,0.488134174469
Llama-3-8B,8,100,empirical_plugin,374,0.3745,0.488134174469
Llama-3-8B,8,100,empirical_plugin,375,0.3755,0.488134174469
Llama-3-8B,8,100,empirical_plugin,376,0.3765,0.488134174469
Llama-3-8B,8,100,empirical_plugin,377,0.3775,0.488134174469
Llama-3-8B,8,100,empirical_plugin,378,0.3785,0.488134174469
Llama-3-8B,8,100,empirical_plugin,379,0.3795,0.488134174469
Llama-3-8B,8,100,empirical_plugin,380,0.3805,0.499847910027
Llama-3-8B,8,100,empirical_plugin,381,0.3815,0.499847910027
Llama-3-8B,8,100,empirical_plugin,382,0.3825,0.499847910027
Llama-3-8B,8,100,empirical_plugin,383,0.3835,0.499847910027
Llama-3-8B,8,100,empirical_plugin,384,0.3845,0.499847910027
Llama-3-8B,8,100,empirical_plugin,385,0.3855,0.499847910027
Llama-3-8B,8,100,empirical_plugin,386,0.3865,0.499847910027
Llama-3-8B,8,100,empirical_plugin,387,0.3875,0.499847910027
Llama-3-8B,8,100,empirical_plugin,388,0.3885,0.499847910027
Llama-3-8B,8,100,empirical_plugin,389,0.3895,0.499847910027
Llama-3-8B,8,100,empirical_plugin,390,0.3905,0.505945471003
Llama-3-8B,8,100,empirical_plugin,391,0.3915,0.505945471003
Llama-3-8B,8,100,empirical_plugin,392,0.3925,0.505945471003
Llama-3-8B,8,100,empirical_plugin,393,0.3935,0.505945471003
Llama-3-8B,8,100,empirical_plugin,394,0.3945,0.505945471003
Llama-3-8B,8,100,empirical_plugin,395,0.3955,0.505945471003
Llama-3-8B,8,100,empirical_plugin,396,0.3965,0.505945471003
Llama-3-8B,8,100,empirical_plugin,397,0.3975,0.505945471003
Llama-3-8B,8,100,empirical_plugin,398,0.3985,0.505945471003
Llama-3-8B,8,100,empirical_plugin,399,0.3995,0.505945471003
Llama-3-8B,8,100,empirical_plugin,400,0.4005,0.505945471003
Llama-3-8B,8,100,empirical_plugin,401,0.4015,0.505945471003
Llama-3-8B,8,100,empirical_plugin,402,0.4025,0.505945471003
Llama-3-8B,8,100,empirical_plugin,403,0.4035,0.505945471003
Llama-3-8B,8,100,empirical_plugin,404,0.4045,0.505945471003
Llama-3-8B,8,100,empirical_plugin,405,0.4055,0.505945471003
Llama-3-8B,8,100,empirical_plugin,406,0.4065,0.505945471003
Llama-3-8B,8,100,empirical_plugin,407,0.4075,0.505945471003
Llama-3-8B,8,100,empirical_plugin,408,0.4085,0.505945471003
Llama-3-8B,8,100,empirical_plugin,409,0.4095,0.505945471003
Llama-3-8B,8,100,empirical_plugin,410,0.4105,0.505945471003
Llama-3-8B,8,100,empirical_plugin,411,0.4115,0.505945471003
Llama-3-8B,8,100,empirical_plugin,412,0.4125,0.505945471003
Llama-3-8B,8,100,empirical_plugin,413,0.4135,0.505945471003
Llama-3-8B,8,100,empirical_plugin,414,0.4145,0.505945471003
Llama-3-8B,8,100,empirical_plugin,415,0.4155,0.505945471003
Llama-3-8B,8,100,empirical_plugin,416,0.4165,0.505945471003
Llama-3-8B,8,100,empirical_plugin,417,0.4175,0.505945471003
Llama-3-8B,8,100,empirical_plugin,418,0.4185,0.505945471003
Llama-3-8B,8,100,empirical_plugin,419,0.4195,0.505945471003
Llama-3-8B,8,100,empirical_plugin,420,0.4205,0.505945471003
Llama-3-8B,8,100,empirical_plugin,421,0.4215,0.505945471003
Llama-3-8B,8,100,empirical_plugin,422,0.4225,0.505945471003
Llama-3-8B,8,100,empirical_plugin,423,0.4235,0.505945471003
Llama-3-8B,8,100,empirical_plugin,424,0.4245,0.505945471003
Llama-3-8B,8,100,empirical_plugin,425,0.4255,0.505945471003
Llama-3-8B,8,100,empirical_plugin,426,0.4265,0.505945471003
Llama-3-8B,8,100,empirical_plugin,427,0.4275,0.505945471003
Llama-3-8B,8,100,empirical_plugin,428,0.4285,0.505945471003
Llama-3-8B,8,100,empirical_plugin,429,0.4295,0.505945471003
Llama-3-8B,8,100,empirical_plugin,430,0.4305,0.518140592954
Llama-3-8B,8,100,empirical_plugin,431,0.4315,0.518140592954
Llama-3-8B,8,100,empirical_plugin,432,0.4325,0.518140592954
Llama-3-8B,8,100,empirical_plugin,433,0.4335,0.518140592954
Llama-3-8B,8,100,empirical_plugin,434,0.4345,0.518140592954
Llama-3-8B,8,100,empirical_plugin,435,0.4355,0.518140592954
Llama-3-8B,8,100,empirical_plugin,436,0.4365,0.518140592954
Llama-3-8B,8,100,empirical_plugin,437,0.4375,0.518140592954
Llama-3-8B,8,100,empirical_plugin,438,0.4385,0.518140592954
Llama-3-8B,8,100,empirical_plugin,439,0.4395,0.518140592954
Llama-3-8B,8,100,empirical_plugin,440,0.4405,0.518140592954
Llama-3-8B,8,100,empirical_plugin,441,0.4415,0.518140592954
Llama-3-8B,8,100,empirical_plugin,442,0.4425,0.518140592954
Llama-3-8B,8,100,empirical_plugin,443,0.4435,0.518140592954
Llama-3-8B,8,100,empirical_plugin,444,0.4445,0.518140592954
Llama-3-8B,8,100,empirical_plugin,445,0.4455,0.518140592954
Llama-3-8B,8,100,empirical_plugin,446,0.4465,0.518140592954
Llama-3-8B,8,100,empirical_plugin,447,0.4475,0.518140592954
Llama-3-8B,8,100,empirical_plugin,448,0.4485,0.518140592954
Llama-3-8B,8,100,empirical_plugin,449,0.4495,0.518140592954
Llama-3-8B,8,100,empirical_plugin,450,0.4505,0.524897349711
Llama-3-8B,8,100,empirical_plugin,451,0.4515,0.524897349711
Llama-3-8B,8,100,empirical_plugin,452,0.4525,0.524897349711
Llama-3-8B,8,100,empirical_plugin,453,0.4535,0.524897349711
Llama-3-8B,8,100,empirical_plugin,454,0.4545,0.524897349711
Llama-3-8B,8,100,empirical_plugin,455,0.4555,0.524897349711
Llama-3-8B,8,100,empirical_plugin,456,0.4565,0.524897349711
Llama-3-8B,8,100,empirical_plugin,457,0.4575,0.524897349711
Llama-3-8B,8,100,empirical_plugin,458,0.4585,0.524897349711
Llama-3-8B,8,100,empirical_plugin,459,0.4595,0.524897349711
Llama-3-8B,8,100,empirical_plugin,460,0.4605,0.537092471662
Llama-3-8B,8,100,empirical_plugin,461,0.4615,0.537092471662
Llama-3-8B,8,100,empirical_plugin,462,0.4625,0.537092471662
Llama-3-8B,8,100,empirical_plugin,463,0.4635,0.537092471662
Llama-3-8B,8,100,empirical_plugin,464,0.4645,0.537092471662
Llama-3-8B,8,100,empirical_plugin,465,0.4655,0.537092471662
Llama-3-8B,8,100,empirical_plugin,466,0.4665,0.537092471662
Llama-3-8B,8,100,empirical_plugin,467,0.4675,0.537092471662
Llama-3-8B,8,100,empirical_plugin,468,0.4685,0.537092471662
Llama-3-8B,8,100,empirical_plugin,469,0.4695,0.537092471662
Llama-3-8B,8,100,empirical_plugin,470,0.4705,0.537092471662
Llama-3-8B,8,100,empirical_plugin,471,0.4715,0.537092471662
Llama-3-8B,8,100,empirical_plugin,472,0.4725,0.537092471662
Llama-3-8B,8,100,empirical_plugin,473,0.4735,0.537092471662
Llama-3-8B,8,100,empirical_plugin,474,0.4745,0.537092471662
Llama-3-8B,8,100,empirical_plugin,475,0.4755,0.537092471662
Llama-3-8B,8,100,empirical_plugin,476,0.4765,0.537092471662
Llama-3-8B,8,100,empirical_plugin,477,0.4775,0.537092471662
Llama-3-8B,8,100,empirical_plugin,478,0.4785,0.537092471662
Llama-3-8B,8,100,empirical_plugin,479,0.4795,0.537092471662
Llama-3-8B,8,100,empirical_plugin,480,0.4805,0.537092471662
Llama-3-8B,8,100,empirical_plugin,481,0.4815,0.537092471662
Llama-3-8B,8,100,empirical_plugin,482,0.4825,0.537092471662
Llama-3-8B,8,100,empirical_plugin,483,0.4835,0.537092471662
Llama-3-8B,8,100,empirical_plugin,484,0.4845,0.537092471662
Llama-3-8B,8,100,empirical_plugin,485,0.4855,0.537092471662
Llama-3-8B,8,100,empirical_plugin,486,0.4865,0.537092471662
Llama-3-8B,8,100,empirical_plugin,487,0.4875,0.537092471662
Llama-3-8B,8,100,empirical_plugin,488,0.4885,0.537092471662
Llama-3-8B,8,100,empirical_plugin,489,0.4895,0.537092471662
Llama-3-8B,8,100,empirical_plugin,490,0.4905,0.541074552299
Llama-3-8B,8,100,empirical_plugin,491,0.4915,0.541074552299
Llama-3-8B,8,100,empirical_plugin,492,0.4925,0.541074552299
Llama-3-8B,8,100,empirical_plugin,493,0.4935,0.541074552299
Llama-3-8B,8,100,empirical_plugin,494,0.4945,0.541074552299
Llama-3-8B,8,100,empirical_plugin,495,0.4955,0.541074552299
Llama-3-8B,8,100,empirical_plugin,496,0.4965,0.541074552299
Llama-3-8B,8,100,empirical_plugin,497,0.4975,0.541074552299
Llama-3-8B,8,100,empirical_plugin,498,0.4985,0.541074552299
Llama-3-8B,8,100,empirical_plugin,499,0.4995,0.541074552299
Llama-3-8B,8,100,empirical_plugin,500,0.5005,0.541074552299
Llama-3-8B,8,100,empirical_plugin,501,0.5015,0.541074552299
Llama-3-8B,8,100,empirical_plugin,502,0.5025,0.541074552299
Llama-3-8B,8,100,empirical_plugin,503,0.5035,0.541074552299
Llama-3-8B,8,100,empirical_plugin,504,0.5045,0.541074552299
Llama-3-8B,8,100,empirical_plugin,505,0.5055,0.541074552299
Llama-3-8B,8,100,empirical_plugin,506,0.5065,0.541074552299
Llama-3-8B,8,100,empirical_plugin,507,0.5075,0.541074552299
Llama-3-8B,8,100,empirical_plugin,508,0.5085,0.541074552299
Llama-3-8B,8,100,empirical_plugin,509,0.5095,0.541074552299
Llama-3-8B,8,100,empirical_plugin,510,0.5105,0.541074552299
Llama-3-8B,8,100,empirical_plugin,511,0.5115,0.541074552299
Llama-3-8B,8,100,empirical_plugin,512,0.5125,0.541074552299
Llama-3-8B,8,100,empirical_plugin,513,0.5135,0.541074552299
Llama-3-8B,8,100,empirical_plugin,514,0.5145,0.541074552299
Llama-3-8B,8,100,empirical_plugin,515,0.5155,0.541074552299
Llama-3-8B,8,100,empirical_plugin,516,0.5165,0.541074552299
Llama-3-8B,8,100,empirical_plugin,517,0.5175,0.541074552299
Llama-3-8B,8,100,empirical_plugin,518,0.5185,0.541074552299
Llama-3-8B,8,100,empirical_plugin,519,0.5195,0.541074552299
Llama-3-8B,8,100,empirical_plugin,520,0.5205,0.538606491904
Llama-3-8B,8,100,empirical_plugin,521,0.5215,0.538606491904
Llama-3-8B,8,100,empirical_plugin,522,0.5225,0.538606491904
Llama-3-8B,8,100,empirical_plugin,523,0.5235,0.538606491904
Llama-3-8B,8,100,empirical_plugin,524,0.5245,0.538606491904
Llama-3-8B,8,100,empirical_plugin,525,0.5255,0.538606491904
Llama-3-8B,8,100,empirical_plugin,526,0.5265,0.538606491904
Llama-3-8B,8,100,empirical_plugin,527,0.5275,0.538606491904
Llama-3-8B,8,100,empirical_plugin,528,0.5285,0.538606491904
Llama-3-8B,8,100,empirical_plugin,529,0.5295,0.538606491904
Llama-3-8B,8,100,empirical_plugin,530,0.5305,0.542407982147
Llama-3-8B,8,100,empirical_plugin,531,0.5315,0.542407982147
Llama-3-8B,8,100,empirical_plugin,532,0.5325,0.542407982147
Llama-3-8B,8,100,empirical_plugin,533,0.5335,0.542407982147
Llama-3-8B,8,100,empirical_plugin,534,0.5345,0.542407982147
Llama-3-8B,8,100,empirical_plugin,535,0.5355,0.542407982147
Llama-3-8B,8,100,empirical_plugin,536,0.5365,0.542407982147
Llama-3-8B,8,100,empirical_plugin,537,0.5375,0.542407982147
Llama-3-8B,8,100,empirical_plugin,538,0.5385,0.542407982147
Llama-3-8B,8,100,empirical_plugin,539,0.5395,0.542407982147
Llama-3-8B,8,100,empirical_plugin,540,0.5405,0.542407982147
Llama-3-8B,8,100,empirical_plugin,541,0.5415,0.542407982147
Llama-3-8B,8,100,empirical_plugin,542,0.5425,0.542407982147
Llama-3-8B,8,100,empirical_plugin,543,0.5435,0.542407982147
Llama-3-8B,8,100,empirical_plugin,544,0.5445,0.542407982147
Llama-3-8B,8,100,empirical_plugin,545,0.5455,0.542407982147
Llama-3-8B,8,100,empirical_plugin,546,0.5465,0.542407982147
Llama-3-8B,8,100,empirical_plugin,547,0.5475,0.542407982147
Llama-3-8B,8,100,empirical_plugin,548,0.5485,0.542407982147
Llama-3-8B,8,100,empirical_plugin,549,0.5495,0.542407982147
Llama-3-8B,8,100,empirical_plugin,550,0.5505,0.55246071781
Llama-3-8B,8,100,empirical_plugin,551,0.5515,0.55246071781
Llama-3-8B,8,100,empirical_plugin,552,0.5525,0.55246071781
Llama-3-8B,8,100,empirical_plugin,553,0.5535,0.55246071781
Llama-3-8B,8,100,empirical_plugin,554,0.5545,0.55246071781
Llama-3-8B,8,100,empirical_plugin,555,0.5555,0.55246071781
Llama-3-8B,8,100,empirical_plugin,556,0.5565,0.55246071781
Llama-3-8B,8,100,empirical_plugin,557,0.5575,0.55246071781
Llama-3-8B,8,100,empirical_plugin,558,0.5585,0.55246071781
Llama-3-8B,8,100,empirical_plugin,559,0.5595,0.55246071781
Llama-3-8B,8,100,empirical_plugin,560,0.5605,0.55246071781
Llama-3-8B,8,100,empirical_plugin,561,0.5615,0.55246071781
Llama-3-8B,8,100,empirical_plugin,562,0.5625,0.55246071781
Llama-3-8B,8,100,empirical_plugin,563,0.5635,0.55246071781
Llama-3-8B,8,100,empirical_plugin,564,0.5645,0.55246071781
Llama-3-8B,8,100,empirical_plugin,565,0.5655,0.55246071781
Llama-3-8B,8,100,empirical_plugin,566,0.5665,0.55246071781
Llama-3-8B,8,100,empirical_plugin,567,0.5675,0.55246071781
Llama-3-8B,8,100,empirical_plugin,568,0.5685,0.55246071781
Llama-3-8B,8,100,empirical_plugin,569,0.5695,0.55246071781
Llama-3-8B,8,100,empirical_plugin,570,0.5705,0.558558278785
Llama-3-8B,8,100,empirical_plugin,571,0.5715,0.558558278785
Llama-3-8B,8,100,empirical_plugin,572,0.5725,0.558558278785
Llama-3-8B,8,100,empirical_plugin,573,0.5735,0.558558278785
Llama-3-8B,8,100,empirical_plugin,574,0.5745,0.558558278785
Llama-3-8B,8,100,empirical_plugin,575,0.5755,0.558558278785
Llama-3-8B,8,100,empirical_plugin,576,0.5765,0.558558278785
Llama-3-8B,8,100,empirical_plugin,577,0.5775,0.558558278785
Llama-3-8B,8,100,empirical_plugin,578,0.5785,0.558558278785
Llama-3-8B,8,100,empirical_plugin,579,0.5795,0.558558278785
Llama-3-8B,8,100,empirical_plugin,580,0.5805,0.570753400736
Llama-3-8B,8,100,empirical_plugin,581,0.5815,0.570753400736
Llama-3-8B,8,100,empirical_plugin,582,0.5825,0.570753400736
Llama-3-8B,8,100,empirical_plugin,583,0.5835,0.570753400736
Llama-3-8B,8,100,empirical_plugin,584,0.5845,0.570753400736
Llama-3-8B,8,100,empirical_plugin,585,0.5855,0.570753400736
Llama-3-8B,8,100,empirical_plugin,586,0.5865,0.570753400736
Llama-3-8B,8,100,empirical_plugin,587,0.5875,0.570753400736
Llama-3-8B,8,100,empirical_plugin,588,0.5885,0.570753400736
Llama-3-8B,8,100,empirical_plugin,589,0.5895,0.570753400736
Llama-3-8B,8,100,empirical_plugin,590,0.5905,0.576850961712
Llama-3-8B,8,100,empirical_plugin,591,0.5915,0.576850961712
Llama-3-8B,8,100,empirical_plugin,592,0.5925,0.576850961712
Llama-3-8B,8,100,empirical_plugin,593,0.5935,0.576850961712
Llama-3-8B,8,100,empirical_plugin,594,0.5945,0.576850961712
Llama-3-8B,8,100,empirical_plugin,595,0.5955,0.576850961712
Llama-3-8B,8,100,empirical_plugin,596,0.5965,0.576850961712
Llama-3-8B,8,100,empirical_plugin,597,0.5975,0.576850961712
Llama-3-8B,8,100,empirical_plugin,598,0.5985,0.576850961712
Llama-3-8B,8,100,empirical_plugin,599,0.5995,0.576850961712
Llama-3-8B,8,100,empirical_plugin,600,0.6005,0.589046083663
Llama-3-8B,8,100,empirical_plugin,601,0.6015,0.589046083663
Llama-3-8B,8,100,empirical_plugin,602,0.6025,0.589046083663
Llama-3-8B,8,100,empirical_plugin,603,0.6035,0.589046083663
Llama-3-8B,8,100,empirical_plugin,604,0.6045,0.589046083663
Llama-3-8B,8,100,empirical_plugin,605,0.6055,0.589046083663
Llama-3-8B,8,100,empirical_plugin,606,0.6065,0.589046083663
Llama-3-8B,8,100,empirical_plugin,607,0.6075,0.589046083663
Llama-3-8B,8,100,empirical_plugin,608,0.6085,0.589046083663
Llama-3-8B,8,100,empirical_plugin,609,0.6095,0.589046083663
Llama-3-8B,8,100,empirical_plugin,610,0.6105,0.589046083663
Llama-3-8B,8,100,empirical_plugin,611,0.6115,0.589046083663
Llama-3-8B,8,100,empirical_plugin,612,0.6125,0.589046083663
Llama-3-8B,8,100,empirical_plugin,613,0.6135,0.589046083663
Llama-3-8B,8,100,empirical_plugin,614,0.6145,0.589046083663
Llama-3-8B,8,100,empirical_plugin,615,0.6155,0.589046083663
Llama-3-8B,8,100,empirical_plugin,616,0.6165,0.589046083663
Llama-3-8B,8,100,empirical_plugin,617,0.6175,0.589046083663
Llama-3-8B,8,100,empirical_plugin,618,0.6185,0.589046083663
Llama-3-8B,8,100,empirical_plugin,619,0.6195,0.589046083663
Llama-3-8B,8,100,empirical_plugin,620,0.6205,0.601241205614
Llama-3-8B,8,100,empirical_plugin,621,0.6215,0.601241205614
Llama-3-8B,8,100,empirical_plugin,622,0.6225,0.601241205614
Llama-3-8B,8,100,empirical_plugin,623,0.6235,0.601241205614
Llama-3-8B,8,100,empirical_plugin,624,0.6245,0.601241205614
Llama-3-8B,8,100,empirical_plugin,625,0.6255,0.601241205614
Llama-3-8B,8,100,empirical_plugin,626,0.6265,0.601241205614
Llama-3-8B,8,100,empirical_plugin,627,0.6275,0.601241205614
Llama-3-8B,8,100,empirical_plugin,628,0.6285,0.601241205614
Llama-3-8B,8,100,empirical_plugin,629,0.6295,0.601241205614
Llama-3-8B,8,100,empirical_plugin,630,0.6305,0.60733876659
Llama-3-8B,8,100,empirical_plugin,631,0.6315,0.60733876659
Llama-3-8B,8,100,empirical_plugin,632,0.6325,0.60733876659
Llama-3-8B,8,100,empirical_plugin,633,0.6335,0.60733876659
Llama-3-8B,8,100,empirical_plugin,634,0.6345,0.60733876659
Llama-3-8B,8,100,empirical_plugin,635,0.6355,0.60733876659
Llama-3-8B,8,100,empirical_plugin,636,0.6365,0.60733876659
Llama-3-8B,8,100,empirical_plugin,637,0.6375,0.60733876659
Llama-3-8B,8,100,empirical_plugin,638,0.6385,0.60733876659
Llama-3-8B,8,100,empirical_plugin,639,0.6395,0.60733876659
Llama-3-8B,8,100,empirical_plugin,640,0.6405,0.60733876659
Llama-3-8B,8,100,empirical_plugin,641,0.6415,0.60733876659
Llama-3-8B,8,100,empirical_plugin,642,0.6425,0.60733876659
Llama-3-8B,8,100,empirical_plugin,643,0.6435,0.60733876659
Llama-3-8B,8,100,empirical_plugin,644,0.6445,0.60733876659
Llama-3-8B,8,100,empirical_plugin,645,0.6455,0.60733876659
Llama-3-8B,8,100,empirical_plugin,646,0.6465,0.60733876659
Llama-3-8B,8,100,empirical_plugin,647,0.6475,0.60733876659
Llama-3-8B,8,100,empirical_plugin,648,0.6485,0.60733876659
Llama-3-8B,8,100,empirical_plugin,649,0.6495,0.60733876659
Llama-3-8B,8,100,empirical_plugin,650,0.6505,0.60733876659
Llama-3-8B,8,100,empirical_plugin,651,0.6515,0.60733876659
Llama-3-8B,8,100,empirical_plugin,652,0.6525,0.60733876659
Llama-3-8B,8,100,empirical_plugin,653,0.6535,0.60733876659
Llama-3-8B,8,100,empirical_plugin,654,0.6545,0.60733876659
Llama-3-8B,8,100,empirical_plugin,655,0.6555,0.60733876659
Llama-3-8B,8,100,empirical_plugin,656,0.6565,0.60733876659
Llama-3-8B,8,100,empirical_plugin,657,0.6575,0.60733876659
Llama-3-8B,8,100,empirical_plugin,658,0.6585,0.60733876659
Llama-3-8B,8,100,empirical_plugin,659,0.6595,0.60733876659
Llama-3-8B,8,100,empirical_plugin,660,0.6605,0.615468847891
Llama-3-8B,8,100,empirical_plugin,661,0.6615,0.615468847891
Llama-3-8B,8,100,empirical_plugin,662,0.6625,0.615468847891
Llama-3-8B,8,100,empirical_plugin,663,0.6635,0.615468847891
Llama-3-8B,8,100,empirical_plugin,664,0.6645,0.615468847891
Llama-3-8B,8,100,empirical_plugin,665,0.6655,0.615468847891
Llama-3-8B,8,100,empirical_plugin,666,0.6665,0.615468847891
Llama-3-8B,8,100,empirical_plugin,667,0.6675,0.615468847891
Llama-3-8B,8,100,empirical_plugin,668,0.6685,0.615468847891
Llama-3-8B,8,100,empirical_plugin,669,0.6695,0.615468847891
Llama-3-8B,8,100,empirical_plugin,670,0.6705,0.615468847891
Llama-3-8B,8,100,empirical_plugin,671,0.6715,0.615468847891
Llama-3-8B,8,100,empirical_plugin,672,0.6725,0.615468847891
Llama-3-8B,8,100,empirical_plugin,673,0.6735,0.615468847891
Llama-3-8B,8,100,empirical_plugin,674,0.6745,0.615468847891
Llama-3-8B,8,100,empirical_plugin,675,0.6755,0.615468847891
Llama-3-8B,8,100,empirical_plugin,676,0.6765,0.615468847891
Llama-3-8B,8,100,empirical_plugin,677,0.6775,0.615468847891
Llama-3-8B,8,100,empirical_plugin,678,0.6785,0.615468847891
Llama-3-8B,8,100,empirical_plugin,679,0.6795,0.615468847891
Llama-3-8B,8,100,empirical_plugin,680,0.6805,0.615468847891
Llama-3-8B,8,100,empirical_plugin,681,0.6815,0.615468847891
Llama-3-8B,8,100,empirical_plugin,682,0.6825,0.615468847891
Llama-3-8B,8,100,empirical_plugin,683,0.6835,0.615468847891
Llama-3-8B,8,100,empirical_plugin,684,0.6845,0.615468847891
Llama-3-8B,8,100,empirical_plugin,685,0.6855,0.615468847891
Llama-3-8B,8,100,empirical_plugin,686,0.6865,0.615468847891
Llama-3-8B,8,100,empirical_plugin,687,0.6875,0.615468847891
Llama-3-8B,8,100,empirical_plugin,688,0.6885,0.615468847891
Llama-3-8B,8,100,empirical_plugin,689,0.6895,0.615468847891
Llama-3-8B,8,100,empirical_plugin,690,0.6905,0.633564835302
Llama-3-8B,8,100,empirical_plugin,691,0.6915,0.633564835302
Llama-3-8B,8,100,empirical_plugin,692,0.6925,0.633564835302
Llama-3-8B,8,100,empirical_plugin,693,0.6935,0.633564835302
Llama-3-8B,8,100,empirical_plugin,694,0.6945,0.633564835302
Llama-3-8B,8,100,empirical_plugin,695,0.6955,0.633564835302
Llama-3-8B,8,100,empirical_plugin,696,0.6965,0.633564835302
Llama-3-8B,8,100,empirical_plugin,697,0.6975,0.633564835302
Llama-3-8B,8,100,empirical_plugin,698,0.6985,0.633564835302
Llama-3-8B,8,100,empirical_plugin,699,0.6995,0.633564835302
Llama-3-8B,8,100,empirical_plugin,700,0.7005,0.636816867823
Llama-3-8B,8,100,empirical_plugin,701,0.7015,0.636816867823
Llama-3-8B,8,100,empirical_plugin,702,0.7025,0.636816867823
Llama-3-8B,8,100,empirical_plugin,703,0.7035,0.636816867823
Llama-3-8B,8,100,empirical_plugin,704,0.7045,0.636816867823
Llama-3-8B,8,100,empirical_plugin,705,0.7055,0.636816867823
Llama-3-8B,8,100,empirical_plugin,706,0.7065,0.636816867823
Llama-3-8B,8,100,empirical_plugin,707,0.7075,0.636816867823
Llama-3-8B,8,100,empirical_plugin,708,0.7085,0.636816867823
Llama-3-8B,8,100,empirical_plugin,709,0.7095,0.636816867823
Llama-3-8B,8,100,empirical_plugin,710,0.7105,0.647012186074
Llama-3-8B,8,100,empirical_plugin,711,0.7115,0.647012186074
Llama-3-8B,8,100,empirical_plugin,712,0.7125,0.647012186074
Llama-3-8B,8,100,empirical_plugin,713,0.7135,0.647012186074
Llama-3-8B,8,100,empirical_plugin,714,0.7145,0.647012186074
Llama-3-8B,8,100,empirical_plugin,715,0.7155,0.647012186074
Llama-3-8B,8,100,empirical_plugin,716,0.7165,0.647012186074
Llama-3-8B,8,100,empirical_plugin,717,0.7175,0.647012186074
Llama-3-8B,8,100,empirical_plugin,718,0.7185,0.647012186074
Llama-3-8B,8,100,empirical_plugin,719,0.7195,0.647012186074
Llama-3-8B,8,100,empirical_plugin,720,0.7205,0.647012186074
Llama-3-8B,8,100,empirical_plugin,721,0.7215,0.647012186074
Llama-3-8B,8,100,empirical_plugin,722,0.7225,0.647012186074
Llama-3-8B,8,100,empirical_plugin,723,0.7235,0.647012186074
Llama-3-8B,8,100,empirical_plugin,724,0.7245,0.647012186074
Llama-3-8B,8,100,empirical_plugin,725,0.7255,0.647012186074
Llama-3-8B,8,100,empirical_plugin,726,0.7265,0.647012186074
Llama-3-8B,8,100,empirical_plugin,727,0.7275,0.647012186074
Llama-3-8B,8,100,empirical_plugin,728,0.7285,0.647012186074
Llama-3-8B,8,100,empirical_plugin,729,0.7295,0.647012186074
Llama-3-8B,8,100,empirical_plugin,730,0.7305,0.647012186074
Llama-3-8B,8,100,empirical_plugin,731,0.7315,0.647012186074
Llama-3-8B,8,100,empirical_plugin,732,0.7325,0.647012186074
Llama-3-8B,8,100,empirical_plugin,733,0.7335,0.647012186074
Llama-3-8B,8,100,empirical_plugin,734,0.7345,0.647012186074
Llama-3-8B,8,100,empirical_plugin,735,0.7355,0.647012186074
Llama-3-8B,8,100,empirical_plugin,736,0.7365,0.647012186074
Llama-3-8B,8,100,empirical_plugin,737,0.7375,0.647012186074
Llama-3-8B,8,100,empirical_plugin,738,0.7385,0.647012186074
Llama-3-8B,8,100,empirical_plugin,739,0.7395,0.647012186074
Llama-3-8B,8,100,empirical_plugin,740,0.7405,0.653109747049
Llama-3-8B,8,100,empirical_plugin,741,0.7415,0.653109747049
Llama-3-8B,8,100,empirical_plugin,742,0.7425,0.653109747049
Llama-3-8B,8,100,empirical_plugin,743,0.7435,0.653109747049
Llama-3-8B,8,100,empirical_plugin,744,0.7445,0.653109747049
Llama-3-8B,8,100,empirical_plugin,745,0.7455,0.653109747049
Llama-3-8B,8,100,empirical_plugin,746,0.7465,0.653109747049
Llama-3-8B,8,100,empirical_plugin,747,0.7475,0.653109747049
Llama-3-8B,8,100,empirical_plugin,748,0.7485,0.653109747049
Llama-3-8B,8,100,empirical_plugin,749,0.7495,0.653109747049
Llama-3-8B,8,100,empirical_plugin,750,0.7505,0.653109747049
Llama-3-8B,8,100,empirical_plugin,751,0.7515,0.653109747049
Llama-3-8B,8,100,empirical_plugin,752,0.7525,0.653109747049
Llama-3-8B,8,100,empirical_plugin,753,0.7535,0.653109747049
Llama-3-8B,8,100,empirical_plugin,754,0.7545,0.653109747049
Llama-3-8B,8,100,empirical_plugin,755,0.7555,0.653109747049
Llama-3-8B,8,100,empirical_plugin,756,0.7565,0.653109747049
Llama-3-8B,8,100,empirical_plugin,757,0.7575,0.653109747049
Llama-3-8B,8,100,empirical_plugin,758,0.7585,0.653109747049
Llama-3-8B,8,100,empirical_plugin,759,0.7595,0.653109747049
Llama-3-8B,8,100,empirical_plugin,760,0.7605,0.653109747049
Llama-3-8B,8,100,empirical_plugin,761,0.7615,0.653109747049
Llama-3-8B,8,100,empirical_plugin,762,0.7625,0.653109747049
Llama-3-8B,8,100,empirical_plugin,763,0.7635,0.653109747049
Llama-3-8B,8,100,empirical_plugin,764,0.7645,0.653109747049
Llama-3-8B,8,100,empirical_plugin,765,0.7655,0.653109747049
Llama-3-8B,8,100,empirical_plugin,766,0.7665,0.653109747049
Llama-3-8B,8,100,empirical_plugin,767,0.7675,0.653109747049
Llama-3-8B,8,100,empirical_plugin,768,0.7685,0.653109747049
Llama-3-8B,8,100,empirical_plugin,769,0.7695,0.653109747049
Llama-3-8B,8,100,empirical_plugin,770,0.7705,0.665304869
Llama-3-8B,8,100,empirical_plugin,771,0.7715,0.665304869
Llama-3-8B,8,100,empirical_plugin,772,0.7725,0.665304869
Llama-3-8B,8,100,empirical_plugin,773,0.7735,0.665304869
Llama-3-8B,8,100,empirical_plugin,774,0.7745,0.665304869
Llama-3-8B,8,100,empirical_plugin,775,0.7755,0.665304869
Llama-3-8B,8,100,empirical_plugin,776,0.7765,0.665304869
Llama-3-8B,8,100,empirical_plugin,777,0.7775,0.665304869
Llama-3-8B,8,100,empirical_plugin,778,0.7785,0.665304869
Llama-3-8B,8,100,empirical_plugin,779,0.7795,0.665304869
Llama-3-8B,8,100,empirical_plugin,780,0.7805,0.667047029279
Llama-3-8B,8,100,empirical_plugin,781,0.7815,0.667047029279
Llama-3-8B,8,100,empirical_plugin,782,0.7825,0.667047029279
Llama-3-8B,8,100,empirical_plugin,783,0.7835,0.667047029279
Llama-3-8B,8,100,empirical_plugin,784,0.7845,0.667047029279
Llama-3-8B,8,100,empirical_plugin,785,0.7855,0.667047029279
Llama-3-8B,8,100,empirical_plugin,786,0.7865,0.667047029279
Llama-3-8B,8,100,empirical_plugin,787,0.7875,0.667047029279
Llama-3-8B,8,100,empirical_plugin,788,0.7885,0.667047029279
Llama-3-8B,8,100,empirical_plugin,789,0.7895,0.667047029279
Llama-3-8B,8,100,empirical_plugin,790,0.7905,0.673144590255
Llama-3-8B,8,100,empirical_plugin,791,0.7915,0.673144590255
Llama-3-8B,8,100,empirical_plugin,792,0.7925,0.673144590255
Llama-3-8B,8,100,empirical_plugin,793,0.7935,0.673144590255
Llama-3-8B,8,100,empirical_plugin,794,0.7945,0.673144590255
Llama-3-8B,8,100,empirical_plugin,795,0.7955,0.673144590255
Llama-3-8B,8,100,empirical_plugin,796,0.7965,0.673144590255
Llama-3-8B,8,100,empirical_plugin,797,0.7975,0.673144590255
Llama-3-8B,8,100,empirical_plugin,798,0.7985,0.673144590255
Llama-3-8B,8,100,empirical_plugin,799,0.7995,0.673144590255
Llama-3-8B,8,100,empirical_plugin,800,0.8005,0.67924215123
Llama-3-8B,8,100,empirical_plugin,801,0.8015,0.67924215123
Llama-3-8B,8,100,empirical_plugin,802,0.8025,0.67924215123
Llama-3-8B,8,100,empirical_plugin,803,0.8035,0.67924215123
Llama-3-8B,8,100,empirical_plugin,804,0.8045,0.67924215123
Llama-3-8B,8,100,empirical_plugin,805,0.8055,0.67924215123
Llama-3-8B,8,100,empirical_plugin,806,0.8065,0.67924215123
Llama-3-8B,8,100,empirical_plugin,807,0.8075,0.67924215123
Llama-3-8B,8,100,empirical_plugin,808,0.8085,0.67924215123
Llama-3-8B,8,100,empirical_plugin,809,0.8095,0.67924215123
Llama-3-8B,8,100,empirical_plugin,810,0.8105,0.673144590255
Llama-3-8B,8,100,empirical_plugin,811,0.8115,0.673144590255
Llama-3-8B,8,100,empirical_plugin,812,0.8125,0.673144590255
Llama-3-8B,8,100,empirical_plugin,813,0.8135,0.673144590255
Llama-3-8B,8,100,empirical_plugin,814,0.8145,0.673144590255
Llama-3-8B,8,100,empirical_plugin,815,0.8155,0.673144590255
Llama-3-8B,8,100,empirical_plugin,816,0.8165,0.673144590255
Llama-3-8B,8,100,empirical_plugin,817,0.8175,0.673144590255
Llama-3-8B,8,100,empirical_plugin,818,0.8185,0.673144590255
Llama-3-8B,8,100,empirical_plugin,819,0.8195,0.673144590255
Llama-3-8B,8,100,empirical_plugin,820,0.8205,0.678582955449
Llama-3-8B,8,100,empirical_plugin,821,0.8215,0.678582955449
Llama-3-8B,8,100,empirical_plugin,822,0.8225,0.678582955449
Llama-3-8B,8,100,empirical_plugin,823,0.8235,0.678582955449
Llama-3-8B,8,100,empirical_plugin,824,0.8245,0.678582955449
Llama-3-8B,8,100,empirical_plugin,825,0.8255,0.678582955449
Llama-3-8B,8,100,empirical_plugin,826,0.8265,0.678582955449
Llama-3-8B,8,100,empirical_plugin,827,0.8275,0.678582955449
Llama-3-8B,8,100,empirical_plugin,828,0.8285,0.678582955449
Llama-3-8B,8,100,empirical_plugin,829,0.8295,0.678582955449
Llama-3-8B,8,100,empirical_plugin,830,0.8305,0.681741932822
Llama-3-8B,8,100,empirical_plugin,831,0.8315,0.681741932822
Llama-3-8B,8,100,empirical_plugin,832,0.8325,0.681741932822
Llama-3-8B,8,100,empirical_plugin,833,0.8335,0.681741932822
Llama-3-8B,8,100,empirical_plugin,834,0.8345,0.681741932822
Llama-3-8B,8,100,empirical_plugin,835,0.8355,0.681741932822
Llama-3-8B,8,100,empirical_plugin,836,0.8365,0.681741932822
Llama-3-8B,8,100,empirical_plugin,837,0.8375,0.681741932822
Llama-3-8B,8,100,empirical_plugin,838,0.8385,0.681741932822
Llama-3-8B,8,100,empirical_plugin,839,0.8395,0.681741932822
Llama-3-8B,8,100,empirical_plugin,840,0.8405,0.687839493798
Llama-3-8B,8,100,empirical_plugin,841,0.8415,0.687839493798
Llama-3-8B,8,100,empirical_plugin,842,0.8425,0.687839493798
Llama-3-8B,8,100,empirical_plugin,843,0.8435,0.687839493798
Llama-3-8B,8,100,empirical_plugin,844,0.8445,0.687839493798
Llama-3-8B,8,100,empirical_plugin,845,0.8455,0.687839493798
Llama-3-8B,8,100,empirical_plugin,846,0.8465,0.687839493798
Llama-3-8B,8,100,empirical_plugin,847,0.8475,0.687839493798
Llama-3-8B,8,100,empirical_plugin,848,0.8485,0.687839493798
Llama-3-8B,8,100,empirical_plugin,849,0.8495,0.687839493798
Llama-3-8B,8,100,empirical_plugin,850,0.8505,0.684300517232
Llama-3-8B,8,100,empirical_plugin,851,0.8515,0.684300517232
Llama-3-8B,8,100,empirical_plugin,852,0.8525,0.684300517232
Llama-3-8B,8,100,empirical_plugin,853,0.8535,0.684300517232
Llama-3-8B,8,100,empirical_plugin,854,0.8545,0.684300517232
Llama-3-8B,8,100,empirical_plugin,855,0.8555,0.684300517232
Llama-3-8B,8,100,empirical_plugin,856,0.8565,0.684300517232
Llama-3-8B,8,100,empirical_plugin,857,0.8575,0.684300517232
Llama-3-8B,8,100,empirical_plugin,858,0.8585,0.684300517232
Llama-3-8B,8,100,empirical_plugin,859,0.8595,0.684300517232
Llama-3-8B,8,100,empirical_plugin,860,0.8605,0.690398078207
Llama-3-8B,8,100,empirical_plugin,861,0.8615,0.690398078207
Llama-3-8B,8,100,empirical_plugin,862,0.8625,0.690398078207
Llama-3-8B,8,100,empirical_plugin,863,0.8635,0.690398078207
Llama-3-8B,8,100,empirical_plugin,864,0.8645,0.690398078207
Llama-3-8B,8,100,empirical_plugin,865,0.8655,0.690398078207
Llama-3-8B,8,100,empirical_plugin,866,0.8665,0.690398078207
Llama-3-8B,8,100,empirical_plugin,867,0.8675,0.690398078207
Llama-3-8B,8,100,empirical_plugin,868,0.8685,0.690398078207
Llama-3-8B,8,100,empirical_plugin,869,0.8695,0.690398078207
Llama-3-8B,8,100,empirical_plugin,870,0.8705,0.690619922941
Llama-3-8B,8,100,empirical_plugin,871,0.8715,0.690619922941
Llama-3-8B,8,100,empirical_plugin,872,0.8725,0.690619922941
Llama-3-8B,8,100,empirical_plugin,873,0.8735,0.690619922941
Llama-3-8B,8,100,empirical_plugin,874,0.8745,0.690619922941
Llama-3-8B,8,100,empirical_plugin,875,0.8755,0.690619922941
Llama-3-8B,8,100,empirical_plugin,876,0.8765,0.690619922941
Llama-3-8B,8,100,empirical_plugin,877,0.8775,0.690619922941
Llama-3-8B,8,100,empirical_plugin,878,0.8785,0.690619922941
Llama-3-8B,8,100,empirical_plugin,879,0.8795,0.690619922941
Llama-3-8B,8,100,empirical_plugin,880,0.8805,0.696717483917
Llama-3-8B,8,100,empirical_plugin,881,0.8815,0.696717483917
Llama-3-8B,8,100,empirical_plugin,882,0.8825,0.696717483917
Llama-3-8B,8,100,empirical_plugin,883,0.8835,0.696717483917
Llama-3-8B,8,100,empirical_plugin,884,0.8845,0.696717483917
Llama-3-8B,8,100,empirical_plugin,885,0.8855,0.696717483917
Llama-3-8B,8,100,empirical_plugin,886,0.8865,0.696717483917
Llama-3-8B,8,100,empirical_plugin,887,0.8875,0.696717483917
Llama-3-8B,8,100,empirical_plugin,888,0.8885,0.696717483917
Llama-3-8B,8,100,empirical_plugin,889,0.8895,0.696717483917
Llama-3-8B,8,100,empirical_plugin,890,0.8905,0.702815044892
Llama-3-8B,8,100,empirical_plugin,891,0.8915,0.702815044892
Llama-3-8B,8,100,empirical_plugin,892,0.8925,0.702815044892
Llama-3-8B,8,100,empirical_plugin,893,0.8935,0.702815044892
Llama-3-8B,8,100,empirical_plugin,894,0.8945,0.702815044892
Llama-3-8B,8,100,empirical_plugin,895,0.8955,0.702815044892
Llama-3-8B,8,100,empirical_plugin,896,0.8965,0.702815044892
Llama-3-8B,8,100,empirical_plugin,897,0.8975,0.702815044892
Llama-3-8B,8,100,empirical_plugin,898,0.8985,0.702815044892
Llama-3-8B,8,100,empirical_plugin,899,0.8995,0.702815044892
Llama-3-8B,8,100,empirical_plugin,900,0.9005,0.699427511017
Llama-3-8B,8,100,empirical_plugin,901,0.9015,0.699427511017
Llama-3-8B,8,100,empirical_plugin,902,0.9025,0.699427511017
Llama-3-8B,8,100,empirical_plugin,903,0.9035,0.699427511017
Llama-3-8B,8,100,empirical_plugin,904,0.9045,0.699427511017
Llama-3-8B,8,100,empirical_plugin,905,0.9055,0.699427511017
Llama-3-8B,8,100,empirical_plugin,906,0.9065,0.699427511017
Llama-3-8B,8,100,empirical_plugin,907,0.9075,0.699427511017
Llama-3-8B,8,100,empirical_plugin,908,0.9085,0.699427511017
Llama-3-8B,8,100,empirical_plugin,909,0.9095,0.699427511017
Llama-3-8B,8,100,empirical_plugin,910,0.9105,0.699427511017
Llama-3-8B,8,100,empirical_plugin,911,0.9115,0.699427511017
Llama-3-8B,8,100,empirical_plugin,912,0.9125,0.699427511017
Llama-3-8B,8,100,empirical_plugin,913,0.9135,0.699427511017
Llama-3-8B,8,100,empirical_plugin,914,0.9145,0.699427511017
Llama-3-8B,8,100,empirical_plugin,915,0.9155,0.699427511017
Llama-3-8B,8,100,empirical_plugin,916,0.9165,0.699427511017
Llama-3-8B,8,100,empirical_plugin,917,0.9175,0.699427511017
Llama-3-8B,8,100,empirical_plugin,918,0.9185,0.699427511017
Llama-3-8B,8,100,empirical_plugin,919,0.9195,0.699427511017
Llama-3-8B,8,100,empirical_plugin,920,0.9205,0.69547233633
Llama-3-8B,8,100,empirical_plugin,921,0.9215,0.69547233633
Llama-3-8B,8,100,empirical_plugin,922,0.9225,0.69547233633
Llama-3-8B,8,100,empirical_plugin,923,0.9235,0.69547233633
Llama-3-8B,8,100,empirical_plugin,924,0.9245,0.69547233633
Llama-3-8B,8,100,empirical_plugin,925,0.9255,0.69547233633
Llama-3-8B,8,100,empirical_plugin,926,0.9265,0.69547233633
Llama-3-8B,8,100,empirical_plugin,927,0.9275,0.69547233633
Llama-3-8B,8,100,empirical_plugin,928,0.9285,0.69547233633
Llama-3-8B,8,100,empirical_plugin,929,0.9295,0.69547233633
Llama-3-8B,8,100,empirical_plugin,930,0.9305,0.693730176051
Llama-3-8B,8,100,empirical_plugin,931,0.9315,0.693730176051
Llama-3-8B,8,100,empirical_plugin,932,0.9325,0.693730176051
Llama-3-8B,8,100,empirical_plugin,933,0.9335,0.693730176051
Llama-3-8B,8,100,empirical_plugin,934,0.9345,0.693730176051
Llama-3-8B,8,100,empirical_plugin,935,0.9355,0.693730176051
Llama-3-8B,8,100,empirical_plugin,936,0.9365,0.693730176051
Llama-3-8B,8,100,empirical_plugin,937,0.9375,0.693730176051
Llama-3-8B,8,100,empirical_plugin,938,0.9385,0.693730176051
Llama-3-8B,8,100,empirical_plugin,939,0.9395,0.693730176051
Llama-3-8B,8,100,empirical_plugin,940,0.9405,0.694746436214
Llama-3-8B,8,100,empirical_plugin,941,0.9415,0.694746436214
Llama-3-8B,8,100,empirical_plugin,942,0.9425,0.694746436214
Llama-3-8B,8,100,empirical_plugin,943,0.9435,0.694746436214
Llama-3-8B,8,100,empirical_plugin,944,0.9445,0.694746436214
Llama-3-8B,8,100,empirical_plugin,945,0.9455,0.694746436214
Llama-3-8B,8,100,empirical_plugin,946,0.9465,0.694746436214
Llama-3-8B,8,100,empirical_plugin,947,0.9475,0.694746436214
Llama-3-8B,8,100,empirical_plugin,948,0.9485,0.694746436214
Llama-3-8B,8,100,empirical_plugin,949,0.9495,0.694746436214
Llama-3-8B,8,100,empirical_plugin,950,0.9505,0.70572204597
Llama-3-8B,8,100,empirical_plugin,951,0.9515,0.70572204597
Llama-3-8B,8,100,empirical_plugin,952,0.9525,0.70572204597
Llama-3-8B,8,100,empirical_plugin,953,0.9535,0.70572204597
Llama-3-8B,8,100,empirical_plugin,954,0.9545,0.70572204597
Llama-3-8B,8,100,empirical_plugin,955,0.9555,0.70572204597
Llama-3-8B,8,100,empirical_plugin,956,0.9565,0.70572204597
Llama-3-8B,8,100,empirical_plugin,957,0.9575,0.70572204597
Llama-3-8B,8,100,empirical_plugin,958,0.9585,0.70572204597
Llama-3-8B,8,100,empirical_plugin,959,0.9595,0.70572204597
Llama-3-8B,8,100,empirical_plugin,960,0.9605,0.70572204597
Llama-3-8B,8,100,empirical_plugin,961,0.9615,0.70572204597
Llama-3-8B,8,100,empirical_plugin,962,0.9625,0.70572204597
Llama-3-8B,8,100,empirical_plugin,963,0.9635,0.70572204597
Llama-3-8B,8,100,empirical_plugin,964,0.9645,0.70572204597
Llama-3-8B,8,100,empirical_plugin,965,0.9655,0.70572204597
Llama-3-8B,8,100,empirical_plugin,966,0.9665,0.70572204597
Llama-3-8B,8,100,empirical_plugin,967,0.9675,0.70572204597
Llama-3-8B,8,100,empirical_plugin,968,0.9685,0.70572204597
Llama-3-8B,8,100,empirical_plugin,969,0.9695,0.70572204597
Llama-3-8B,8,100,empirical_plugin,970,0.9705,0.693526924019
Llama-3-8B,8,100,empirical_plugin,971,0.9715,0.693526924019
Llama-3-8B,8,100,empirical_plugin,972,0.9725,0.693526924019
Llama-3-8B,8,100,empirical_plugin,973,0.9735,0.693526924019
Llama-3-8B,8,100,empirical_plugin,974,0.9745,0.693526924019
Llama-3-8B,8,100,empirical_plugin,975,0.9755,0.693526924019
Llama-3-8B,8,100,empirical_plugin,976,0.9765,0.693526924019
Llama-3-8B,8,100,empirical_plugin,977,0.9775,0.693526924019
Llama-3-8B,8,100,empirical_plugin,978,0.9785,0.693526924019
Llama-3-8B,8,100,empirical_plugin,979,0.9795,0.693526924019
Llama-3-8B,8,100,empirical_plugin,980,0.9805,0.714868387434
Llama-3-8B,8,100,empirical_plugin,981,0.9815,0.714868387434
Llama-3-8B,8,100,empirical_plugin,982,0.9825,0.714868387434
Llama-3-8B,8,100,empirical_plugin,983,0.9835,0.714868387434
Llama-3-8B,8,100,empirical_plugin,984,0.9845,0.714868387434
Llama-3-8B,8,100,empirical_plugin,985,0.9855,0.714868387434
Llama-3-8B,8,100,empirical_plugin,986,0.9865,0.714868387434
Llama-3-8B,8,100,empirical_plugin,987,0.9875,0.714868387434
Llama-3-8B,8,100,empirical_plugin,988,0.9885,0.714868387434
Llama-3-8B,8,100,empirical_plugin,989,0.9895,0.714868387434
Llama-3-8B,8,100,empirical_plugin,990,0.9905,0.71885897679
Llama-3-8B,8,100,empirical_plugin,991,0.9915,0.71885897679
Llama-3-8B,8,100,empirical_plugin,992,0.9925,0.71885897679
Llama-3-8B,8,100,empirical_plugin,993,0.9935,0.71885897679
Llama-3-8B,8,100,empirical_plugin,994,0.9945,0.71885897679
Llama-3-8B,8,100,empirical_plugin,995,0.9955,0.71885897679
Llama-3-8B,8,100,empirical_plugin,996,0.9965,0.71885897679
Llama-3-8B,8,100,empirical_plugin,997,0.9975,0.71885897679
Llama-3-8B,8,100,empirical_plugin,998,0.9985,0.71885897679
Llama-3-8B,8,100,empirical_plugin,999,0.9995,0.71885897679
Llama-3-8B,8,100,lower_extremizer,0,0.0005,0
Llama-3-8B,8,100,lower_extremizer,1,0.0015,0
Llama-3-8B,8,100,lower_extremizer,2,0.0025,0
Llama-3-8B,8,100,lower_extremizer,3,0.0035,0
Llama-3-8B,8,100,lower_extremizer,4,0.0045,0
Llama-3-8B,8,100,lower_extremizer,5,0.0055,0
Llama-3-8B,8,100,lower_extremizer,6,0.0065,0
Llama-3-8B,8,100,lower_extremizer,7,0.0075,0
Llama-3-8B,8,100,lower_extremizer,8,0.0085,0
Llama-3-8B,8,100,lower_extremizer,9,0.0095,0
Llama-3-8B,8,100,lower_extremizer,10,0.0105,0
Llama-3-8B,8,100,lower_extremizer,11,0.0115,0
Llama-3-8B,8,100,lower_extremizer,12,0.0125,0
Llama-3-8B,8,100,lower_extremizer,13,0.0135,0
Llama-3-8B,8,100,lower_extremizer,14,0.0145,0
Llama-3-8B,8,100,lower_extremizer,15,0.0155,0
Llama-3-8B,8,100,lower_extremizer,16,0.0165,0
Llama-3-8B,8,100,lower_extremizer,17,0.0175,0
Llama-3-8B,8,100,lower_extremizer,18,0.0185,0
Llama-3-8B,8,100,lower_extremizer,19,0.0195,0
Llama-3-8B,8,100,lower_extremizer,20,0.0205,0
Llama-3-8B,8,100,lower_extremizer,21,0.0215,0
Llama-3-8B,8,100,lower_extremizer,22,0.0225,0
Llama-3-8B,8,100,lower_extremizer,23,0.0235,0
Llama-3-8B,8,100,lower_extremizer,24,0.0245,0
Llama-3-8B,8,100,lower_extremizer,25,0.0255,0
Llama-3-8B,8,100,lower_extremizer,26,0.0265,0
Llama-3-8B,8,100,lower_extremizer,27,0.0275,0
Llama-3-8B,8,100,lower_extremizer,28,0.0285,0
Llama-3-8B,8,100,lower_extremizer,29,0.0295,0
Llama-3-8B,8,100,lower_extremizer,30,0.0305,0
Llama-3-8B,8,100,lower_extremizer,31,0.0315,0
Llama-3-8B,8,100,lower_extremizer,32,0.0325,0
Llama-3-8B,8,100,lower_extremizer,33,0.0335,0
Llama-3-8B,8,100,lower_extremizer,34,0.0345,0
Llama-3-8B,8,100,lower_extremizer,35,0.0355,0
Llama-3-8B,8,100,lower_extremizer,36,0.0365,0
Llama-3-8B,8,100,lower_extremizer,37,0.0375,0
Llama-3-8B,8,100,lower_extremizer,38,0.0385,0
Llama-3-8B,8,100,lower_extremizer,39,0.0395,0
Llama-3-8B,8,100,lower_extremizer,40,0.0405,0
Llama-3-8B,8,100,lower_extremizer,41,0.0415,0
Llama-3-8B,8,100,lower_extremizer,42,0.0425,0
Llama-3-8B,8,100,lower_extremizer,43,0.0435,0
Llama-3-8B,8,100,lower_extremizer,44,0.0445,0
Llama-3-8B,8,100,lower_extremizer,45,0.0455,0
Llama-3-8B,8,100,lower_extremizer,46,0.0465,0
Llama-3-8B,8,100,lower_extremizer,47,0.0475,0
Llama-3-8B,8,100,lower_extremizer,48,0.0485,0
Llama-3-8B,8,100,lower_extremizer,49,0.0495,0
Llama-3-8B,8,100,lower_extremizer,50,0.0505,0
Llama-3-8B,8,100,lower_extremizer,51,0.0515,0
Llama-3-8B,8,100,lower_extremizer,52,0.0525,0
Llama-3-8B,8,100,lower_extremizer,53,0.0535,0.407760171214
Llama-3-8B,8,100,lower_extremizer,54,0.0545,1
Llama-3-8B,8,100,lower_extremizer,55,0.0555,1
Llama-3-8B,8,100,lower_extremizer,56,0.0565,1
Llama-3-8B,8,100,lower_extremizer,57,0.0575,1
Llama-3-8B,8,100,lower_extremizer,58,0.0585,1
Llama-3-8B,8,100,lower_extremizer,59,0.0595,1
Llama-3-8B,8,100,lower_extremizer,60,0.0605,1
Llama-3-8B,8,100,lower_extremizer,61,0.0615,1
Llama-3-8B,8,100,lower_extremizer,62,0.0625,1
Llama-3-8B,8,100,lower_extremizer,63,0.0635,1
Llama-3-8B,8,100,lower_extremizer,64,0.0645,1
Llama-3-8B,8,100,lower_extremizer,65,0.0655,1
Llama-3-8B,8,100,lower_extremizer,66,0.0665,1
Llama-3-8B,8,100,lower_extremizer,67,0.0675,1
Llama-3-8B,8,100,lower_extremizer,68,0.0685,1
Llama-3-8B,8,100,lower_extremizer,69,0.0695,1
Llama-3-8B,8,100,lower_extremizer,70,0.0705,1
Llama-3-8B,8,100,lower_extremizer,71,0.0715,1
Llama-3-8B,8,100,lower_extremizer,72,0.0725,1
Llama-3-8B,8,100,lower_extremizer,73,0.0735,1
Llama-3-8B,8,100,lower_extremizer,74,0.0745,1
Llama-3-8B,8,100,lower_extremizer,75,0.0755,1
Llama-3-8B,8,100,lower_extremizer,76,0.0765,1
Llama-3-8B,8,100,lower_extremizer,77,0.0775,1
Llama-3-8B,8,100,lower_extremizer,78,0.0785,1
Llama-3-8B,8,100,lower_extremizer,79,0.0795,1
Llama-3-8B,8,100,lower_extremizer,80,0.0805,1
Llama-3-8B,8,100,lower_extremizer,81,0.0815,1
Llama-3-8B,8,100,lower_extremizer,82,0.0825,1
Llama-3-8B,8,100,lower_extremizer,83,0.0835,1
Llama-3-8B,8,100,lower_extremizer,84,0.0845,1
Llama-3-8B,8,100,lower_extremizer,85,0.0855,1
Llama-3-8B,8,100,lower_extremizer,86,0.0865,1
Llama-3-8B,8,100,lower_extremizer,87,0.0875,1
Llama-3-8B,8,100,lower_extremizer,88,0.0885,1
Llama-3-8B,8,100,lower_extremizer,89,0.0895,1
Llama-3-8B,8,100,lower_extremizer,90,0.0905,1
Llama-3-8B,8,100,lower_extremizer,91,0.0915,1
Llama-3-8B,8,100,lower_extremizer,92,0.0925,1
Llama-3-8B,8,100,lower_extremizer,93,0.0935,1
Llama-3-8B,8,100,lower_extremizer,94,0.0945,1
Llama-3-8B,8,100,lower_extremizer,95,0.0955,1
Llama-3-8B,8,100,lower_extremizer,96,0.0965,1
Llama-3-8B,8,100,lower_extremizer,97,0.0975,1
Llama-3-8B,8,100,lower_extremizer,98,0.0985,1
Llama-3-8B,8,100,lower_extremizer,99,0.0995,1
Llama-3-8B,8,100,lower_extremizer,100,0.1005,1
Llama-3-8B,8,100,lower_extremizer,101,0.1015,1
Llama-3-8B,8,100,lower_extremizer,102,0.1025,1
Llama-3-8B,8,100,lower_extremizer,103,0.1035,1
Llama-3-8B,8,100,lower_extremizer,104,0.1045,1
Llama-3-8B,8,100,lower_extremizer,105,0.1055,1
Llama-3-8B,8,100,lower_extremizer,106,0.1065,1
Llama-3-8B,8,100,lower_extremizer,107,0.1075,1
Llama-3-8B,8,100,lower_extremizer,108,0.1085,1
Llama-3-8B,8,100,lower_extremizer,109,0.1095,1
Llama-3-8B,8,100,lower_extremizer,110,0.1105,1
Llama-3-8B,8,100,lower_extremizer,111,0.1115,1
Llama-3-8B,8,100,lower_extremizer,112,0.1125,1
Llama-3-8B,8,100,lower_extremizer,113,0.1135,1
Llama-3-8B,8,100,lower_extremizer,114,0.1145,0.576359482411
Llama-3-8B,8,100,lower_extremizer,115,0.1155,0
Llama-3-8B,8,100,lower_extremizer,116,0.1165,0
Llama-3-8B,8,100,lower_extremizer,117,0.1175,0
Llama-3-8B,8,100,lower_extremizer,118,0.1185,0
Llama-3-8B,8,100,lower_extremizer,119,0.1195,0
Llama-3-8B,8,100,lower_extremizer,120,0.1205,0
Llama-3-8B,8,100,lower_extremizer,121,0.1215,0
Llama-3-8B,8,100,lower_extremizer,122,0.1225,0
Llama-3-8B,8,100,lower_extremizer,123,0.1235,0
Llama-3-8B,8,100,lower_extremizer,124,0.1245,0
Llama-3-8B,8,100,lower_extremizer,125,0.1255,0
Llama-3-8B,8,100,lower_extremizer,126,0.1265,0
Llama-3-8B,8,100,lower_extremizer,127,0.1275,0
Llama-3-8B,8,100,lower_extremizer,128,0.1285,0
Llama-3-8B,8,100,lower_extremizer,129,0.1295,0
Llama-3-8B,8,100,lower_extremizer,130,0.1305,0
Llama-3-8B,8,100,lower_extremizer,131,0.1315,0
Llama-3-8B,8,100,lower_extremizer,132,0.1325,0
Llama-3-8B,8,100,lower_extremizer,133,0.1335,0
Llama-3-8B,8,100,lower_extremizer,134,0.1345,0
Llama-3-8B,8,100,lower_extremizer,135,0.1355,0
Llama-3-8B,8,100,lower_extremizer,136,0.1365,0
Llama-3-8B,8,100,lower_extremizer,137,0.1375,0
Llama-3-8B,8,100,lower_extremizer,138,0.1385,0
Llama-3-8B,8,100,lower_extremizer,139,0.1395,0
Llama-3-8B,8,100,lower_extremizer,140,0.1405,0
Llama-3-8B,8,100,lower_extremizer,141,0.1415,0
Llama-3-8B,8,100,lower_extremizer,142,0.1425,0
Llama-3-8B,8,100,lower_extremizer,143,0.1435,0
Llama-3-8B,8,100,lower_extremizer,144,0.1445,0
Llama-3-8B,8,100,lower_extremizer,145,0.1455,0
Llama-3-8B,8,100,lower_extremizer,146,0.1465,0
Llama-3-8B,8,100,lower_extremizer,147,0.1475,0
Llama-3-8B,8,100,lower_extremizer,148,0.1485,0
Llama-3-8B,8,100,lower_extremizer,149,0.1495,0
Llama-3-8B,8,100,lower_extremizer,150,0.1505,0
Llama-3-8B,8,100,lower_extremizer,151,0.1515,0
Llama-3-8B,8,100,lower_extremizer,152,0.1525,0
Llama-3-8B,8,100,lower_extremizer,153,0.1535,0
Llama-3-8B,8,100,lower_extremizer,154,0.1545,0
Llama-3-8B,8,100,lower_extremizer,155,0.1555,0
Llama-3-8B,8,100,lower_extremizer,156,0.1565,0
Llama-3-8B,8,100,lower_extremizer,157,0.1575,0
Llama-3-8B,8,100,lower_extremizer,158,0.1585,0
Llama-3-8B,8,100,lower_extremizer,159,0.1595,0
Llama-3-8B,8,100,lower_extremizer,160,0.1605,0
Llama-3-8B,8,100,lower_extremizer,161,0.1615,0
Llama-3-8B,8,100,lower_extremizer,162,0.1625,0
Llama-3-8B,8,100,lower_extremizer,163,0.1635,0
Llama-3-8B,8,100,lower_extremizer,164,0.1645,0
Llama-3-8B,8,100,lower_extremizer,165,0.1655,0
Llama-3-8B,8,100,lower_extremizer,166,0.1665,0
Llama-3-8B,8,100,lower_extremizer,167,0.1675,0
Llama-3-8B,8,100,lower_extremizer,168,0.1685,0
Llama-3-8B,8,100,lower_extremizer,169,0.1695,0
Llama-3-8B,8,100,lower_extremizer,170,0.1705,0
Llama-3-8B,8,100,lower_extremizer,171,0.1715,0
Llama-3-8B,8,100,lower_extremizer,172,0.1725,0
Llama-3-8B,8,100,lower_extremizer,173,0.1735,0
Llama-3-8B,8,100,lower_extremizer,174,0.1745,0
Llama-3-8B,8,100,lower_extremizer,175,0.1755,0
Llama-3-8B,8,100,lower_extremizer,176,0.1765,0
Llama-3-8B,8,100,lower_extremizer,177,0.1775,0
Llama-3-8B,8,100,lower_extremizer,178,0.1785,0
Llama-3-8B,8,100,lower_extremizer,179,0.1795,0
Llama-3-8B,8,100,lower_extremizer,180,0.1805,0
Llama-3-8B,8,100,lower_extremizer,181,0.1815,0
Llama-3-8B,8,100,lower_extremizer,182,0.1825,0
Llama-3-8B,8,100,lower_extremizer,183,0.1835,0
Llama-3-8B,8,100,lower_extremizer,184,0.1845,0
Llama-3-8B,8,100,lower_extremizer,185,0.1855,0
Llama-3-8B,8,100,lower_extremizer,186,0.1865,0
Llama-3-8B,8,100,lower_extremizer,187,0.1875,0
Llama-3-8B,8,100,lower_extremizer,188,0.1885,0
Llama-3-8B,8,100,lower_extremizer,189,0.1895,0
Llama-3-8B,8,100,lower_extremizer,190,0.1905,0
Llama-3-8B,8,100,lower_extremizer,191,0.1915,0
Llama-3-8B,8,100,lower_extremizer,192,0.1925,0
Llama-3-8B,8,100,lower_extremizer,193,0.1935,0
Llama-3-8B,8,100,lower_extremizer,194,0.1945,0
Llama-3-8B,8,100,lower_extremizer,195,0.1955,0
Llama-3-8B,8,100,lower_extremizer,196,0.1965,0
Llama-3-8B,8,100,lower_extremizer,197,0.1975,0
Llama-3-8B,8,100,lower_extremizer,198,0.1985,0
Llama-3-8B,8,100,lower_extremizer,199,0.1995,0
Llama-3-8B,8,100,lower_extremizer,200,0.2005,0
Llama-3-8B,8,100,lower_extremizer,201,0.2015,0
Llama-3-8B,8,100,lower_extremizer,202,0.2025,0
Llama-3-8B,8,100,lower_extremizer,203,0.2035,0
Llama-3-8B,8,100,lower_extremizer,204,0.2045,0
Llama-3-8B,8,100,lower_extremizer,205,0.2055,0
Llama-3-8B,8,100,lower_extremizer,206,0.2065,0
Llama-3-8B,8,100,lower_extremizer,207,0.2075,0
Llama-3-8B,8,100,lower_extremizer,208,0.2085,0
Llama-3-8B,8,100,lower_extremizer,209,0.2095,0
Llama-3-8B,8,100,lower_extremizer,210,0.2105,0
Llama-3-8B,8,100,lower_extremizer,211,0.2115,0
Llama-3-8B,8,100,lower_extremizer,212,0.2125,0
Llama-3-8B,8,100,lower_extremizer,213,0.2135,0
Llama-3-8B,8,100,lower_extremizer,214,0.2145,0
Llama-3-8B,8,100,lower_extremizer,215,0.2155,0
Llama-3-8B,8,100,lower_extremizer,216,0.2165,0
Llama-3-8B,8,100,lower_extremizer,217,0.2175,0
Llama-3-8B,8,100,lower_extremizer,218,0.2185,0
Llama-3-8B,8,100,lower_extremizer,219,0.2195,0
Llama-3-8B,8,100,lower_extremizer,220,0.2205,0
Llama-3-8B,8,100,lower_extremizer,221,0.2215,0
Llama-3-8B,8,100,lower_extremizer,222,0.2225,0
Llama-3-8B,8,100,lower_extremizer,223,0.2235,0
Llama-3-8B,8,100,lower_extremizer,224,0.2245,0
Llama-3-8B,8,100,lower_extremizer,225,0.2255,0
Llama-3-8B,8,100,lower_extremizer,226,0.2265,0
Llama-3-8B,8,100,lower_extremizer,227,0.2275,0
Llama-3-8B,8,100,lower_extremizer,228,0.2285,0
Llama-3-8B,8,100,lower_extremizer,229,0.2295,0
Llama-3-8B,8,100,lower_extremizer,230,0.2305,0
Llama-3-8B,8,100,lower_extremizer,231,0.2315,0
Llama-3-8B,8,100,lower_extremizer,232,0.2325,0
Llama-3-8B,8,100,lower_extremizer,233,0.2335,0
Llama-3-8B,8,100,lower_extremizer,234,0.2345,0
Llama-3-8B,8,100,lower_extremizer,235,0.2355,0
Llama-3-8B,8,100,lower_extremizer,236,0.2365,0
Llama-3-8B,8,100,lower_extremizer,237,0.2375,0
Llama-3-8B,8,100,lower_extremizer,238,0.2385,0
Llama-3-8B,8,100,lower_extremizer,239,0.2395,0
Llama-3-8B,8,100,lower_extremizer,240,0.2405,0
Llama-3-8B,8,100,lower_extremizer,241,0.2415,0
Llama-3-8B,8,100,lower_extremizer,242,0.2425,0
Llama-3-8B,8,100,lower_extremizer,243,0.2435,0
Llama-3-8B,8,100,lower_extremizer,244,0.2445,0
Llama-3-8B,8,100,lower_extremizer,245,0.2455,0
Llama-3-8B,8,100,lower_extremizer,246,0.2465,0
Llama-3-8B,8,100,lower_extremizer,247,0.2475,0
Llama-3-8B,8,100,lower_extremizer,248,0.2485,0
Llama-3-8B,8,100,lower_extremizer,249,0.2495,0
Llama-3-8B,8,100,lower_extremizer,250,0.2505,0
Llama-3-8B,8,100,lower_extremizer,251,0.2515,0
Llama-3-8B,8,100,lower_extremizer,252,0.2525,0
Llama-3-8B,8,100,lower_extremizer,253,0.2535,0
Llama-3-8B,8,100,lower_extremizer,254,0.2545,0
Llama-3-8B,8,100,lower_extremizer,255,0.2555,0
Llama-3-8B,8,100,lower_extremizer,256,0.2565,0
Llama-3-8B,8,100,lower_extremizer,257,0.2575,0
Llama-3-8B,8,100,lower_extremizer,258,0.2585,0
Llama-3-8B,8,100,lower_extremizer,259,0.2595,0
Llama-3-8B,8,100,lower_extremizer,260,0.2605,0
Llama-3-8B,8,100,lower_extremizer,261,0.2615,0
Llama-3-8B,8,100,lower_extremizer,262,0.2625,0
Llama-3-8B,8,100,lower_extremizer,263,0.2635,0
Llama-3-8B,8,100,lower_extremizer,264,0.2645,0.398364826732
Llama-3-8B,8,100,lower_extremizer,265,0.2655,1
Llama-3-8B,8,100,lower_extremizer,266,0.2665,1
Llama-3-8B,8,100,lower_extremizer,267,0.2675,1
Llama-3-8B,8,100,lower_extremizer,268,0.2685,1
Llama-3-8B,8,100,lower_extremizer,269,0.2695,1
Llama-3-8B,8,100,lower_extremizer,270,0.2705,1
Llama-3-8B,8,100,lower_extremizer,271,0.2715,1
Llama-3-8B,8,100,lower_extremizer,272,0.2725,1
Llama-3-8B,8,100,lower_extremizer,273,0.2735,1
Llama-3-8B,8,100,lower_extremizer,274,0.2745,1
Llama-3-8B,8,100,lower_extremizer,275,0.2755,1
Llama-3-8B,8,100,lower_extremizer,276,0.2765,1
Llama-3-8B,8,100,lower_extremizer,277,0.2775,1
Llama-3-8B,8,100,lower_extremizer,278,0.2785,1
Llama-3-8B,8,100,lower_extremizer,279,0.2795,1
Llama-3-8B,8,100,lower_extremizer,280,0.2805,1
Llama-3-8B,8,100,lower_extremizer,281,0.2815,1
Llama-3-8B,8,100,lower_extremizer,282,0.2825,1
Llama-3-8B,8,100,lower_extremizer,283,0.2835,1
Llama-3-8B,8,100,lower_extremizer,284,0.2845,1
Llama-3-8B,8,100,lower_extremizer,285,0.2855,1
Llama-3-8B,8,100,lower_extremizer,286,0.2865,1
Llama-3-8B,8,100,lower_extremizer,287,0.2875,1
Llama-3-8B,8,100,lower_extremizer,288,0.2885,1
Llama-3-8B,8,100,lower_extremizer,289,0.2895,1
Llama-3-8B,8,100,lower_extremizer,290,0.2905,1
Llama-3-8B,8,100,lower_extremizer,291,0.2915,1
Llama-3-8B,8,100,lower_extremizer,292,0.2925,1
Llama-3-8B,8,100,lower_extremizer,293,0.2935,1
Llama-3-8B,8,100,lower_extremizer,294,0.2945,1
Llama-3-8B,8,100,lower_extremizer,295,0.2955,1
Llama-3-8B,8,100,lower_extremizer,296,0.2965,1
Llama-3-8B,8,100,lower_extremizer,297,0.2975,1
Llama-3-8B,8,100,lower_extremizer,298,0.2985,1
Llama-3-8B,8,100,lower_extremizer,299,0.2995,1
Llama-3-8B,8,100,lower_extremizer,300,0.3005,1
Llama-3-8B,8,100,lower_extremizer,301,0.3015,1
Llama-3-8B,8,100,lower_extremizer,302,0.3025,1
Llama-3-8B,8,100,lower_extremizer,303,0.3035,1
Llama-3-8B,8,100,lower_extremizer,304,0.3045,1
Llama-3-8B,8,100,lower_extremizer,305,0.3055,1
Llama-3-8B,8,100,lower_extremizer,306,0.3065,1
Llama-3-8B,8,100,lower_extremizer,307,0.3075,1
Llama-3-8B,8,100,lower_extremizer,308,0.3085,1
Llama-3-8B,8,100,lower_extremizer,309,0.3095,1
Llama-3-8B,8,100,lower_extremizer,310,0.3105,1
Llama-3-8B,8,100,lower_extremizer,311,0.3115,1
Llama-3-8B,8,100,lower_extremizer,312,0.3125,1
Llama-3-8B,8,100,lower_extremizer,313,0.3135,1
Llama-3-8B,8,100,lower_extremizer,314,0.3145,1
Llama-3-8B,8,100,lower_extremizer,315,0.3155,1
Llama-3-8B,8,100,lower_extremizer,316,0.3165,1
Llama-3-8B,8,100,lower_extremizer,317,0.3175,1
Llama-3-8B,8,100,lower_extremizer,318,0.3185,1
Llama-3-8B,8,100,lower_extremizer,319,0.3195,1
Llama-3-8B,8,100,lower_extremizer,320,0.3205,1
Llama-3-8B,8,100,lower_extremizer,321,0.3215,1
Llama-3-8B,8,100,lower_extremizer,322,0.3225,1
Llama-3-8B,8,100,lower_extremizer,323,0.3235,1
Llama-3-8B,8,100,lower_extremizer,324,0.3245,1
Llama-3-8B,8,100,lower_extremizer,325,0.3255,1
Llama-3-8B,8,100,lower_extremizer,326,0.3265,1
Llama-3-8B,8,100,lower_extremizer,327,0.3275,1
Llama-3-8B,8,100,lower_extremizer,328,0.3285,1
Llama-3-8B,8,100,lower_extremizer,329,0.3295,1
Llama-3-8B,8,100,lower_extremizer,330,0.3305,1
Llama-3-8B,8,100,lower_extremizer,331,0.3315,1
Llama-3-8B,8,100,lower_extremizer,332,0.3325,1
Llama-3-8B,8,100,lower_extremizer,333,0.3335,1
Llama-3-8B,8,100,lower_extremizer,334,0.3345,1
Llama-3-8B,8,100,lower_extremizer,335,0.3355,1
Llama-3-8B,8,100,lower_extremizer,336,0.3365,1
Llama-3-8B,8,100,lower_extremizer,337,0.3375,1
Llama-3-8B,8,100,lower_extremizer,338,0.3385,1
Llama-3-8B,8,100,lower_extremizer,339,0.3395,1
Llama-3-8B,8,100,lower_extremizer,340,0.3405,1
Llama-3-8B,8,100,lower_extremizer,341,0.3415,1
Llama-3-8B,8,100,lower_extremizer,342,0.3425,1
Llama-3-8B,8,100,lower_extremizer,343,0.3435,1
Llama-3-8B,8,100,lower_extremizer,344,0.3445,1
Llama-3-8B,8,100,lower_extremizer,345,0.3455,1
Llama-3-8B,8,100,lower_extremizer,346,0.3465,1
Llama-3-8B,8,100,lower_extremizer,347,0.3475,1
Llama-3-8B,8,100,lower_extremizer,348,0.3485,1
Llama-3-8B,8,100,lower_extremizer,349,0.3495,1
Llama-3-8B,8,100,lower_extremizer,350,0.3505,1
Llama-3-8B,8,100,lower_extremizer,351,0.3515,1
Llama-3-8B,8,100,lower_extremizer,352,0.3525,1
Llama-3-8B,8,100,lower_extremizer,353,0.3535,1
Llama-3-8B,8,100,lower_extremizer,354,0.3545,1
Llama-3-8B,8,100,lower_extremizer,355,0.3555,1
Llama-3-8B,8,100,lower_extremizer,356,0.3565,1
Llama-3-8B,8,100,lower_extremizer,357,0.3575,1
Llama-3-8B,8,100,lower_extremizer,358,0.3585,1
Llama-3-8B,8,100,lower_extremizer,359,0.3595,1
Llama-3-8B,8,100,lower_extremizer,360,0.3605,1
Llama-3-8B,8,100,lower_extremizer,361,0.3615,1
Llama-3-8B,8,100,lower_extremizer,362,0.3625,1
Llama-3-8B,8,100,lower_extremizer,363,0.3635,1
Llama-3-8B,8,100,lower_extremizer,364,0.3645,1
Llama-3-8B,8,100,lower_extremizer,365,0.3655,1
Llama-3-8B,8,100,lower_extremizer,366,0.3665,1
Llama-3-8B,8,100,lower_extremizer,367,0.3675,1
Llama-3-8B,8,100,lower_extremizer,368,0.3685,1
Llama-3-8B,8,100,lower_extremizer,369,0.3695,1
Llama-3-8B,8,100,lower_extremizer,370,0.3705,1
Llama-3-8B,8,100,lower_extremizer,371,0.3715,1
Llama-3-8B,8,100,lower_extremizer,372,0.3725,1
Llama-3-8B,8,100,lower_extremizer,373,0.3735,1
Llama-3-8B,8,100,lower_extremizer,374,0.3745,1
Llama-3-8B,8,100,lower_extremizer,375,0.3755,1
Llama-3-8B,8,100,lower_extremizer,376,0.3765,1
Llama-3-8B,8,100,lower_extremizer,377,0.3775,1
Llama-3-8B,8,100,lower_extremizer,378,0.3785,1
Llama-3-8B,8,100,lower_extremizer,379,0.3795,1
Llama-3-8B,8,100,lower_extremizer,380,0.3805,1
Llama-3-8B,8,100,lower_extremizer,381,0.3815,1
Llama-3-8B,8,100,lower_extremizer,382,0.3825,1
Llama-3-8B,8,100,lower_extremizer,383,0.3835,1
Llama-3-8B,8,100,lower_extremizer,384,0.3845,1
Llama-3-8B,8,100,lower_extremizer,385,0.3855,1
Llama-3-8B,8,100,lower_extremizer,386,0.3865,1
Llama-3-8B,8,100,lower_extremizer,387,0.3875,1
Llama-3-8B,8,100,lower_extremizer,388,0.3885,1
Llama-3-8B,8,100,lower_extremizer,389,0.3895,1
Llama-3-8B,8,100,lower_extremizer,390,0.3905,1
Llama-3-8B,8,100,lower_extremizer,391,0.3915,1
Llama-3-8B,8,100,lower_extremizer,392,0.3925,1
Llama-3-8B,8,100,lower_extremizer,393,0.3935,1
Llama-3-8B,8,100,lower_extremizer,394,0.3945,1
Llama-3-8B,8,100,lower_extremizer,395,0.3955,1
Llama-3-8B,8,100,lower_extremizer,396,0.3965,1
Llama-3-8B,8,100,lower_extremizer,397,0.3975,1
Llama-3-8B,8,100,lower_extremizer,398,0.3985,1
Llama-3-8B,8,100,lower_extremizer,399,0.3995,1
Llama-3-8B,8,100,lower_extremizer,400,0.4005,1
Llama-3-8B,8,100,lower_extremizer,401,0.4015,1
Llama-3-8B,8,100,lower_extremizer,402,0.4025,1
Llama-3-8B,8,100,lower_extremizer,403,0.4035,1
Llama-3-8B,8,100,lower_extremizer,404,0.4045,1
Llama-3-8B,8,100,lower_extremizer,405,0.4055,1
Llama-3-8B,8,100,lower_extremizer,406,0.4065,1
Llama-3-8B,8,100,lower_extremizer,407,0.4075,1
Llama-3-8B,8,100,lower_extremizer,408,0.4085,1
Llama-3-8B,8,100,lower_extremizer,409,0.4095,1
Llama-3-8B,8,100,lower_extremizer,410,0.4105,1
Llama-3-8B,8,100,lower_extremizer,411,0.4115,1
Llama-3-8B,8,100,lower_extremizer,412,0.4125,1
Llama-3-8B,8,100,lower_extremizer,413,0.4135,1
Llama-3-8B,8,100,lower_extremizer,414,0.4145,1
Llama-3-8B,8,100,lower_extremizer,415,0.4155,1
Llama-3-8B,8,100,lower_extremizer,416,0.4165,1
Llama-3-8B,8,100,lower_extremizer,417,0.4175,1
Llama-3-8B,8,100,lower_extremizer,418,0.4185,1
Llama-3-8B,8,100,lower_extremizer,419,0.4195,0.890677618658
Llama-3-8B,8,100,lower_extremizer,420,0.4205,0
Llama-3-8B,8,100,lower_extremizer,421,0.4215,0
Llama-3-8B,8,100,lower_extremizer,422,0.4225,0
Llama-3-8B,8,100,lower_extremizer,423,0.4235,0
Llama-3-8B,8,100,lower_extremizer,424,0.4245,0
Llama-3-8B,8,100,lower_extremizer,425,0.4255,0
Llama-3-8B,8,100,lower_extremizer,426,0.4265,0
Llama-3-8B,8,100,lower_extremizer,427,0.4275,0
Llama-3-8B,8,100,lower_extremizer,428,0.4285,0
Llama-3-8B,8,100,lower_extremizer,429,0.4295,0
Llama-3-8B,8,100,lower_extremizer,430,0.4305,0
Llama-3-8B,8,100,lower_extremizer,431,0.4315,0
Llama-3-8B,8,100,lower_extremizer,432,0.4325,0
Llama-3-8B,8,100,lower_extremizer,433,0.4335,0
Llama-3-8B,8,100,lower_extremizer,434,0.4345,0
Llama-3-8B,8,100,lower_extremizer,435,0.4355,0
Llama-3-8B,8,100,lower_extremizer,436,0.4365,0
Llama-3-8B,8,100,lower_extremizer,437,0.4375,0
Llama-3-8B,8,100,lower_extremizer,438,0.4385,0
Llama-3-8B,8,100,lower_extremizer,439,0.4395,0
Llama-3-8B,8,100,lower_extremizer,440,0.4405,0
Llama-3-8B,8,100,lower_extremizer,441,0.4415,0
Llama-3-8B,8,100,lower_extremizer,442,0.4425,0
Llama-3-8B,8,100,lower_extremizer,443,0.4435,0
Llama-3-8B,8,100,lower_extremizer,444,0.4445,0
Llama-3-8B,8,100,lower_extremizer,445,0.4455,0
Llama-3-8B,8,100,lower_extremizer,446,0.4465,0
Llama-3-8B,8,100,lower_extremizer,447,0.4475,0
Llama-3-8B,8,100,lower_extremizer,448,0.4485,0
Llama-3-8B,8,100,lower_extremizer,449,0.4495,0
Llama-3-8B,8,100,lower_extremizer,450,0.4505,0
Llama-3-8B,8,100,lower_extremizer,451,0.4515,0
Llama-3-8B,8,100,lower_extremizer,452,0.4525,0
Llama-3-8B,8,100,lower_extremizer,453,0.4535,0
Llama-3-8B,8,100,lower_extremizer,454,0.4545,0
Llama-3-8B,8,100,lower_extremizer,455,0.4555,0
Llama-3-8B,8,100,lower_extremizer,456,0.4565,0
Llama-3-8B,8,100,lower_extremizer,457,0.4575,0
Llama-3-8B,8,100,lower_extremizer,458,0.4585,0
Llama-3-8B,8,100,lower_extremizer,459,0.4595,0
Llama-3-8B,8,100,lower_extremizer,460,0.4605,0
Llama-3-8B,8,100,lower_extremizer,461,0.4615,0
Llama-3-8B,8,100,lower_extremizer,462,0.4625,0
Llama-3-8B,8,100,lower_extremizer,463,0.4635,0
Llama-3-8B,8,100,lower_extremizer,464,0.4645,0
Llama-3-8B,8,100,lower_extremizer,465,0.4655,0
Llama-3-8B,8,100,lower_extremizer,466,0.4665,0
Llama-3-8B,8,100,lower_extremizer,467,0.4675,0
Llama-3-8B,8,100,lower_extremizer,468,0.4685,0
Llama-3-8B,8,100,lower_extremizer,469,0.4695,0
Llama-3-8B,8,100,lower_extremizer,470,0.4705,0
Llama-3-8B,8,100,lower_extremizer,471,0.4715,0
Llama-3-8B,8,100,lower_extremizer,472,0.4725,0
Llama-3-8B,8,100,lower_extremizer,473,0.4735,0
Llama-3-8B,8,100,lower_extremizer,474,0.4745,0
Llama-3-8B,8,100,lower_extremizer,475,0.4755,0
Llama-3-8B,8,100,lower_extremizer,476,0.4765,0
Llama-3-8B,8,100,lower_extremizer,477,0.4775,0
Llama-3-8B,8,100,lower_extremizer,478,0.4785,0
Llama-3-8B,8,100,lower_extremizer,479,0.4795,0
Llama-3-8B,8,100,lower_extremizer,480,0.4805,0
Llama-3-8B,8,100,lower_extremizer,481,0.4815,0
Llama-3-8B,8,100,lower_extremizer,482,0.4825,0
Llama-3-8B,8,100,lower_extremizer,483,0.4835,0
Llama-3-8B,8,100,lower_extremizer,484,0.4845,0
Llama-3-8B,8,100,lower_extremizer,485,0.4855,0
Llama-3-8B,8,100,lower_extremizer,486,0.4865,0
Llama-3-8B,8,100,lower_extremizer,487,0.4875,0
Llama-3-8B,8,100,lower_extremizer,488,0.4885,0
Llama-3-8B,8,100,lower_extremizer,489,0.4895,0
Llama-3-8B,8,100,lower_extremizer,490,0.4905,0
Llama-3-8B,8,100,lower_extremizer,491,0.4915,0
Llama-3-8B,8,100,lower_extremizer,492,0.4925,0
Llama-3-8B,8,100,lower_extremizer,493,0.4935,0
Llama-3-8B,8,100,lower_extremizer,494,0.4945,0
Llama-3-8B,8,100,lower_extremizer,495,0.4955,0
Llama-3-8B,8,100,lower_extremizer,496,0.4965,0
Llama-3-8B,8,100,lower_extremizer,497,0.4975,0
Llama-3-8B,8,100,lower_extremizer,498,0.4985,0
Llama-3-8B,8,100,lower_extremizer,499,0.4995,0
Llama-3-8B,8,100,lower_extremizer,500,0.5005,0
Llama-3-8B,8,100,lower_extremizer,501,0.5015,0
Llama-3-8B,8,100,lower_extremizer,502,0.5025,0
Llama-3-8B,8,100,lower_extremizer,503,0.5035,0
Llama-3-8B,8,100,lower_extremizer,504,0.5045,0
Llama-3-8B,8,100,lower_extremizer,505,0.5055,0
Llama-3-8B,8,100,lower_extremizer,506,0.5065,0
Llama-3-8B,8,100,lower_extremizer,507,0.5075,0
Llama-3-8B,8,100,lower_extremizer,508,0.5085,0
Llama-3-8B,8,100,lower_extremizer,509,0.5095,0
Llama-3-8B,8,100,lower_extremizer,510,0.5105,0
Llama-3-8B,8,100,lower_extremizer,511,0.5115,0
Llama-3-8B,8,100,lower_extremizer,512,0.5125,0
Llama-3-8B,8,100,lower_extremizer,513,0.5135,0
Llama-3-8B,8,100,lower_extremizer,514,0.5145,0
Llama-3-8B,8,100,lower_extremizer,515,0.5155,0
Llama-3-8B,8,100,lower_extremizer,516,0.5165,0
Llama-3-8B,8,100,lower_extremizer,517,0.5175,0
Llama-3-8B,8,100,lower_extremizer,518,0.5185,0
Llama-3-8B,8,100,lower_extremizer,519,0.5195,0
Llama-3-8B,8,100,lower_extremizer,520,0.5205,0
Llama-3-8B,8,100,lower_extremizer,521,0.5215,0
Llama-3-8B,8,100,lower_extremizer,522,0.5225,0
Llama-3-8B,8,100,lower_extremizer,523,0.5235,0
Llama-3-8B,8,100,lower_extremizer,524,0.5245,0
Llama-3-8B,8,100,lower_extremizer,525,0.5255,0
Llama-3-8B,8,100,lower_extremizer,526,0.5265,0
Llama-3-8B,8,100,lower_extremizer,527,0.5275,0
Llama-3-8B,8,100,lower_extremizer,528,0.5285,0
Llama-3-8B,8,100,lower_extremizer,529,0.5295,0
Llama-3-8B,8,100,lower_extremizer,530,0.5305,0
Llama-3-8B,8,100,lower_extremizer,531,0.5315,0
Llama-3-8B,8,100,lower_extremizer,532,0.5325,0
Llama-3-8B,8,100,lower_extremizer,533,0.5335,0
Llama-3-8B,8,100,lower_extremizer,534,0.5345,0
Llama-3-8B,8,100,lower_extremizer,535,0.5355,0
Llama-3-8B,8,100,lower_extremizer,536,0.5365,0
Llama-3-8B,8,100,lower_extremizer,537,0.5375,0
Llama-3-8B,8,100,lower_extremizer,538,0.5385,0
Llama-3-8B,8,100,lower_extremizer,539,0.5395,0
Llama-3-8B,8,100,lower_extremizer,540,0.5405,0
Llama-3-8B,8,100,lower_extremizer,541,0.5415,0
Llama-3-8B,8,100,lower_extremizer,542,0.5425,0
Llama-3-8B,8,100,lower_extremizer,543,0.5435,0
Llama-3-8B,8,100,lower_extremizer,544,0.5445,0
Llama-3-8B,8,100,lower_extremizer,545,0.5455,0
Llama-3-8B,8,100,lower_extremizer,546,0.5465,0
Llama-3-8B,8,100,lower_extremizer,547,0.5475,0
Llama-3-8B,8,100,lower_extremizer,548,0.5485,0
Llama-3-8B,8,100,lower_extremizer,549,0.5495,0
Llama-3-8B,8,100,lower_extremizer,550,0.5505,0
Llama-3-8B,8,100,lower_extremizer,551,0.5515,0
Llama-3-8B,8,100,lower_extremizer,552,0.5525,0
Llama-3-8B,8,100,lower_extremizer,553,0.5535,0
Llama-3-8B,8,100,lower_extremizer,554,0.5545,0
Llama-3-8B,8,100,lower_extremizer,555,0.5555,0
Llama-3-8B,8,100,lower_extremizer,556,0.5565,0
Llama-3-8B,8,100,lower_extremizer,557,0.5575,0
Llama-3-8B,8,100,lower_extremizer,558,0.5585,0
Llama-3-8B,8,100,lower_extremizer,559,0.5595,0
Llama-3-8B,8,100,lower_extremizer,560,0.5605,0
Llama-3-8B,8,100,lower_extremizer,561,0.5615,0
Llama-3-8B,8,100,lower_extremizer,562,0.5625,0
Llama-3-8B,8,100,lower_extremizer,563,0.5635,0
Llama-3-8B,8,100,lower_extremizer,564,0.5645,0
Llama-3-8B,8,100,lower_extremizer,565,0.5655,0
Llama-3-8B,8,100,lower_extremizer,566,0.5665,0
Llama-3-8B,8,100,lower_extremizer,567,0.5675,0
Llama-3-8B,8,100,lower_extremizer,568,0.5685,0
Llama-3-8B,8,100,lower_extremizer,569,0.5695,0
Llama-3-8B,8,100,lower_extremizer,570,0.5705,0
Llama-3-8B,8,100,lower_extremizer,571,0.5715,0
Llama-3-8B,8,100,lower_extremizer,572,0.5725,0
Llama-3-8B,8,100,lower_extremizer,573,0.5735,0
Llama-3-8B,8,100,lower_extremizer,574,0.5745,0
Llama-3-8B,8,100,lower_extremizer,575,0.5755,0.764864210928
Llama-3-8B,8,100,lower_extremizer,576,0.5765,1
Llama-3-8B,8,100,lower_extremizer,577,0.5775,1
Llama-3-8B,8,100,lower_extremizer,578,0.5785,1
Llama-3-8B,8,100,lower_extremizer,579,0.5795,1
Llama-3-8B,8,100,lower_extremizer,580,0.5805,1
Llama-3-8B,8,100,lower_extremizer,581,0.5815,1
Llama-3-8B,8,100,lower_extremizer,582,0.5825,1
Llama-3-8B,8,100,lower_extremizer,583,0.5835,1
Llama-3-8B,8,100,lower_extremizer,584,0.5845,1
Llama-3-8B,8,100,lower_extremizer,585,0.5855,1
Llama-3-8B,8,100,lower_extremizer,586,0.5865,1
Llama-3-8B,8,100,lower_extremizer,587,0.5875,1
Llama-3-8B,8,100,lower_extremizer,588,0.5885,1
Llama-3-8B,8,100,lower_extremizer,589,0.5895,1
Llama-3-8B,8,100,lower_extremizer,590,0.5905,1
Llama-3-8B,8,100,lower_extremizer,591,0.5915,1
Llama-3-8B,8,100,lower_extremizer,592,0.5925,1
Llama-3-8B,8,100,lower_extremizer,593,0.5935,1
Llama-3-8B,8,100,lower_extremizer,594,0.5945,1
Llama-3-8B,8,100,lower_extremizer,595,0.5955,1
Llama-3-8B,8,100,lower_extremizer,596,0.5965,1
Llama-3-8B,8,100,lower_extremizer,597,0.5975,1
Llama-3-8B,8,100,lower_extremizer,598,0.5985,1
Llama-3-8B,8,100,lower_extremizer,599,0.5995,1
Llama-3-8B,8,100,lower_extremizer,600,0.6005,1
Llama-3-8B,8,100,lower_extremizer,601,0.6015,1
Llama-3-8B,8,100,lower_extremizer,602,0.6025,1
Llama-3-8B,8,100,lower_extremizer,603,0.6035,1
Llama-3-8B,8,100,lower_extremizer,604,0.6045,1
Llama-3-8B,8,100,lower_extremizer,605,0.6055,1
Llama-3-8B,8,100,lower_extremizer,606,0.6065,1
Llama-3-8B,8,100,lower_extremizer,607,0.6075,1
Llama-3-8B,8,100,lower_extremizer,608,0.6085,1
Llama-3-8B,8,100,lower_extremizer,609,0.6095,1
Llama-3-8B,8,100,lower_extremizer,610,0.6105,1
Llama-3-8B,8,100,lower_extremizer,611,0.6115,1
Llama-3-8B,8,100,lower_extremizer,612,0.6125,1
Llama-3-8B,8,100,lower_extremizer,613,0.6135,1
Llama-3-8B,8,100,lower_extremizer,614,0.6145,1
Llama-3-8B,8,100,lower_extremizer,615,0.6155,1
Llama-3-8B,8,100,lower_extremizer,616,0.6165,1
Llama-3-8B,8,100,lower_extremizer,617,0.6175,1
Llama-3-8B,8,100,lower_extremizer,618,0.6185,1
Llama-3-8B,8,100,lower_extremizer,619,0.6195,1
Llama-3-8B,8,100,lower_extremizer,620,0.6205,1
Llama-3-8B,8,100,lower_extremizer,621,0.6215,1
Llama-3-8B,8,100,lower_extremizer,622,0.6225,1
Llama-3-8B,8,100,lower_extremizer,623,0.6235,1
Llama-3-8B,8,100,lower_extremizer,624,0.6245,1
Llama-3-8B,8,100,lower_extremizer,625,0.6255,1
Llama-3-8B,8,100,lower_extremizer,626,0.6265,1
Llama-3-8B,8,100,lower_extremizer,627,0.6275,1
Llama-3-8B,8,100,lower_extremizer,628,0.6285,1
Llama-3-8B,8,100,lower_extremizer,629,0.6295,1
Llama-3-8B,8,100,lower_extremizer,630,0.6305,1
Llama-3-8B,8,100,lower_extremizer,631,0.6315,1
Llama-3-8B,8,100,lower_extremizer,632,0.6325,1
Llama-3-8B,8,100,lower_extremizer,633,0.6335,1
Llama-3-8B,8,100,lower_extremizer,634,0.6345,1
Llama-3-8B,8,100,lower_extremizer,635,0.6355,1
Llama-3-8B,8,100,lower_extremizer,636,0.6365,1
Llama-3-8B,8,100,lower_extremizer,637,0.6375,1
Llama-3-8B,8,100,lower_extremizer,638,0.6385,1
Llama-3-8B,8,100,lower_extremizer,639,0.6395,1
Llama-3-8B,8,100,lower_extremizer,640,0.6405,1
Llama-3-8B,8,100,lower_extremizer,641,0.6415,1
Llama-3-8B,8,100,lower_extremizer,642,0.6425,1
Llama-3-8B,8,100,lower_extremizer,643,0.6435,1
Llama-3-8B,8,100,lower_extremizer,644,0.6445,1
Llama-3-8B,8,100,lower_extremizer,645,0.6455,1
Llama-3-8B,8,100,lower_extremizer,646,0.6465,1
Llama-3-8B,8,100,lower_extremizer,647,0.6475,1
Llama-3-8B,8,100,lower_extremizer,648,0.6485,1
Llama-3-8B,8,100,lower_extremizer,649,0.6495,1
Llama-3-8B,8,100,lower_extremizer,650,0.6505,1
Llama-3-8B,8,100,lower_extremizer,651,0.6515,1
Llama-3-8B,8,100,lower_extremizer,652,0.6525,1
Llama-3-8B,8,100,lower_extremizer,653,0.6535,1
Llama-3-8B,8,100,lower_extremizer,654,0.6545,1
Llama-3-8B,8,100,lower_extremizer,655,0.6555,1
Llama-3-8B,8,100,lower_extremizer,656,0.6565,1
Llama-3-8B,8,100,lower_extremizer,657,0.6575,1
Llama-3-8B,8,100,lower_extremizer,658,0.6585,1
Llama-3-8B,8,100,lower_extremizer,659,0.6595,1
Llama-3-8B,8,100,lower_extremizer,660,0.6605,1
Llama-3-8B,8,100,lower_extremizer,661,0.6615,1
Llama-3-8B,8,100,lower_extremizer,662,0.6625,1
Llama-3-8B,8,100,lower_extremizer,663,0.6635,1
Llama-3-8B,8,100,lower_extremizer,664,0.6645,1
Llama-3-8B,8,100,lower_extremizer,665,0.6655,1
Llama-3-8B,8,100,lower_extremizer,666,0.6665,1
Llama-3-8B,8,100,lower_extremizer,667,0.6675,1
Llama-3-8B,8,100,lower_extremizer,668,0.6685,1
Llama-3-8B,8,100,lower_extremizer,669,0.6695,1
Llama-3-8B,8,100,lower_extremizer,670,0.6705,1
Llama-3-8B,8,100,lower_extremizer,671,0.6715,1
Llama-3-8B,8,100,lower_extremizer,672,0.6725,1
Llama-3-8B,8,100,lower_extremizer,673,0.6735,1
Llama-3-8B,8,100,lower_extremizer,674,0.6745,1
Llama-3-8B,8,100,lower_extremizer,675,0.6755,1
Llama-3-8B,8,100,lower_extremizer,676,0.6765,1
Llama-3-8B,8,100,lower_extremizer,677,0.6775,1
Llama-3-8B,8,100,lower_extremizer,678,0.6785,1
Llama-3-8B,8,100,lower_extremizer,679,0.6795,1
Llama-3-8B,8,100,lower_extremizer,680,0.6805,1
Llama-3-8B,8,100,lower_extremizer,681,0.6815,1
Llama-3-8B,8,100,lower_extremizer,682,0.6825,1
Llama-3-8B,8,100,lower_extremizer,683,0.6835,1
Llama-3-8B,8,100,lower_extremizer,684,0.6845,1
Llama-3-8B,8,100,lower_extremizer,685,0.6855,1
Llama-3-8B,8,100,lower_extremizer,686,0.6865,1
Llama-3-8B,8,100,lower_extremizer,687,0.6875,1
Llama-3-8B,8,100,lower_extremizer,688,0.6885,1
Llama-3-8B,8,100,lower_extremizer,689,0.6895,1
Llama-3-8B,8,100,lower_extremizer,690,0.6905,1
Llama-3-8B,8,100,lower_extremizer,691,0.6915,1
Llama-3-8B,8,100,lower_extremizer,692,0.6925,1
Llama-3-8B,8,100,lower_extremizer,693,0.6935,1
Llama-3-8B,8,100,lower_extremizer,694,0.6945,1
Llama-3-8B,8,100,lower_extremizer,695,0.6955,1
Llama-3-8B,8,100,lower_extremizer,696,0.6965,1
Llama-3-8B,8,100,lower_extremizer,697,0.6975,1
Llama-3-8B,8,100,lower_extremizer,698,0.6985,1
Llama-3-8B,8,100,lower_extremizer,699,0.6995,1
Llama-3-8B,8,100,lower_extremizer,700,0.7005,1
Llama-3-8B,8,100,lower_extremizer,701,0.7015,1
Llama-3-8B,8,100,lower_extremizer,702,0.7025,1
Llama-3-8B,8,100,lower_extremizer,703,0.7035,1
Llama-3-8B,8,100,lower_extremizer,704,0.7045,1
Llama-3-8B,8,100,lower_extremizer,705,0.7055,1
Llama-3-8B,8,100,lower_extremizer,706,0.7065,1
Llama-3-8B,8,100,lower_extremizer,707,0.7075,1
Llama-3-8B,8,100,lower_extremizer,708,0.7085,1
Llama-3-8B,8,100,lower_extremizer,709,0.7095,1
Llama-3-8B,8,100,lower_extremizer,710,0.7105,1
Llama-3-8B,8,100,lower_extremizer,711,0.7115,1
Llama-3-8B,8,100,lower_extremizer,712,0.7125,1
Llama-3-8B,8,100,lower_extremizer,713,0.7135,1
Llama-3-8B,8,100,lower_extremizer,714,0.7145,1
Llama-3-8B,8,100,lower_extremizer,715,0.7155,1
Llama-3-8B,8,100,lower_extremizer,716,0.7165,1
Llama-3-8B,8,100,lower_extremizer,717,0.7175,1
Llama-3-8B,8,100,lower_extremizer,718,0.7185,1
Llama-3-8B,8,100,lower_extremizer,719,0.7195,1
Llama-3-8B,8,100,lower_extremizer,720,0.7205,1
Llama-3-8B,8,100,lower_extremizer,721,0.7215,1
Llama-3-8B,8,100,lower_extremizer,722,0.7225,1
Llama-3-8B,8,100,lower_extremizer,723,0.7235,1
Llama-3-8B,8,100,lower_extremizer,724,0.7245,1
Llama-3-8B,8,100,lower_extremizer,725,0.7255,1
Llama-3-8B,8,100,lower_extremizer,726,0.7265,1
Llama-3-8B,8,100,lower_extremizer,727,0.7275,1
Llama-3-8B,8,100,lower_extremizer,728,0.7285,1
Llama-3-8B,8,100,lower_extremizer,729,0.7295,1
Llama-3-8B,8,100,lower_extremizer,730,0.7305,1
Llama-3-8B,8,100,lower_extremizer,731,0.7315,1
Llama-3-8B,8,100,lower_extremizer,732,0.7325,1
Llama-3-8B,8,100,lower_extremizer,733,0.7335,1
Llama-3-8B,8,100,lower_extremizer,734,0.7345,1
Llama-3-8B,8,100,lower_extremizer,735,0.7355,1
Llama-3-8B,8,100,lower_extremizer,736,0.7365,1
Llama-3-8B,8,100,lower_extremizer,737,0.7375,1
Llama-3-8B,8,100,lower_extremizer,738,0.7385,1
Llama-3-8B,8,100,lower_extremizer,739,0.7395,1
Llama-3-8B,8,100,lower_extremizer,740,0.7405,1
Llama-3-8B,8,100,lower_extremizer,741,0.7415,1
Llama-3-8B,8,100,lower_extremizer,742,0.7425,1
Llama-3-8B,8,100,lower_extremizer,743,0.7435,1
Llama-3-8B,8,100,lower_extremizer,744,0.7445,1
Llama-3-8B,8,100,lower_extremizer,745,0.7455,1
Llama-3-8B,8,100,lower_extremizer,746,0.7465,1
Llama-3-8B,8,100,lower_extremizer,747,0.7475,1
Llama-3-8B,8,100,lower_extremizer,748,0.7485,1
Llama-3-8B,8,100,lower_extremizer,749,0.7495,1
Llama-3-8B,8,100,lower_extremizer,750,0.7505,1
Llama-3-8B,8,100,lower_extremizer,751,0.7515,1
Llama-3-8B,8,100,lower_extremizer,752,0.7525,1
Llama-3-8B,8,100,lower_extremizer,753,0.7535,1
Llama-3-8B,8,100,lower_extremizer,754,0.7545,1
Llama-3-8B,8,100,lower_extremizer,755,0.7555,1
Llama-3-8B,8,100,lower_extremizer,756,0.7565,1
Llama-3-8B,8,100,lower_extremizer,757,0.7575,1
Llama-3-8B,8,100,lower_extremizer,758,0.7585,1
Llama-3-8B,8,100,lower_extremizer,759,0.7595,1
Llama-3-8B,8,100,lower_extremizer,760,0.7605,1
Llama-3-8B,8,100,lower_extremizer,761,0.7615,1
Llama-3-8B,8,100,lower_extremizer,762,0.7625,1
Llama-3-8B,8,100,lower_extremizer,763,0.7635,1
Llama-3-8B,8,100,lower_extremizer,764,0.7645,1
Llama-3-8B,8,100,lower_extremizer,765,0.7655,1
Llama-3-8B,8,100,lower_extremizer,766,0.7665,1
Llama-3-8B,8,100,lower_extremizer,767,0.7675,1
Llama-3-8B,8,100,lower_extremizer,768,0.7685,1
Llama-3-8B,8,100,lower_extremizer,769,0.7695,1
Llama-3-8B,8,100,lower_extremizer,770,0.7705,1
Llama-3-8B,8,100,lower_extremizer,771,0.7715,1
Llama-3-8B,8,100,lower_extremizer,772,0.7725,0.200256110196
Llama-3-8B,8,100,lower_extremizer,773,0.7735,0
Llama-3-8B,8,100,lower_extremizer,774,0.7745,0
Llama-3-8B,8,100,lower_extremizer,775,0.7755,0
Llama-3-8B,8,100,lower_extremizer,776,0.7765,0
Llama-3-8B,8,100,lower_extremizer,777,0.7775,0
Llama-3-8B,8,100,lower_extremizer,778,0.7785,0
Llama-3-8B,8,100,lower_extremizer,779,0.7795,0
Llama-3-8B,8,100,lower_extremizer,780,0.7805,0
Llama-3-8B,8,100,lower_extremizer,781,0.7815,0
Llama-3-8B,8,100,lower_extremizer,782,0.7825,0
Llama-3-8B,8,100,lower_extremizer,783,0.7835,0
Llama-3-8B,8,100,lower_extremizer,784,0.7845,0
Llama-3-8B,8,100,lower_extremizer,785,0.7855,0
Llama-3-8B,8,100,lower_extremizer,786,0.7865,0
Llama-3-8B,8,100,lower_extremizer,787,0.7875,0
Llama-3-8B,8,100,lower_extremizer,788,0.7885,0
Llama-3-8B,8,100,lower_extremizer,789,0.7895,0
Llama-3-8B,8,100,lower_extremizer,790,0.7905,0
Llama-3-8B,8,100,lower_extremizer,791,0.7915,0
Llama-3-8B,8,100,lower_extremizer,792,0.7925,0
Llama-3-8B,8,100,lower_extremizer,793,0.7935,0
Llama-3-8B,8,100,lower_extremizer,794,0.7945,0
Llama-3-8B,8,100,lower_extremizer,795,0.7955,0
Llama-3-8B,8,100,lower_extremizer,796,0.7965,0
Llama-3-8B,8,100,lower_extremizer,797,0.7975,0
Llama-3-8B,8,100,lower_extremizer,798,0.7985,0
Llama-3-8B,8,100,lower_extremizer,799,0.7995,0
Llama-3-8B,8,100,lower_extremizer,800,0.8005,0
Llama-3-8B,8,100,lower_extremizer,801,0.8015,0
Llama-3-8B,8,100,lower_extremizer,802,0.8025,0
Llama-3-8B,8,100,lower_extremizer,803,0.8035,0
Llama-3-8B,8,100,lower_extremizer,804,0.8045,0
Llama-3-8B,8,100,lower_extremizer,805,0.8055,0
Llama-3-8B,8,100,lower_extremizer,806,0.8065,0
Llama-3-8B,8,100,lower_extremizer,807,0.8075,0
Llama-3-8B,8,100,lower_extremizer,808,0.8085,0
Llama-3-8B,8,100,lower_extremizer,809,0.8095,0
Llama-3-8B,8,100,lower_extremizer,810,0.8105,0
Llama-3-8B,8,100,lower_extremizer,811,0.8115,0
Llama-3-8B,8,100,lower_extremizer,812,0.8125,0
Llama-3-8B,8,100,lower_extremizer,813,0.8135,0
Llama-3-8B,8,100,lower_extremizer,814,0.8145,0
Llama-3-8B,8,100,lower_extremizer,815,0.8155,0
Llama-3-8B,8,100,lower_extremizer,816,0.8165,0
Llama-3-8B,8,100,lower_extremizer,817,0.8175,0
Llama-3-8B,8,100,lower_extremizer,818,0.8185,0
Llama-3-8B,8,100,lower_extremizer,819,0.8195,0
Llama-3-8B,8,100,lower_extremizer,820,0.8205,0
Llama-3-8B,8,100,lower_extremizer,821,0.8215,0
Llama-3-8B,8,100,lower_extremizer,822,0.8225,0
Llama-3-8B,8,100,lower_extremizer,823,0.8235,0
Llama-3-8B,8,100,lower_extremizer,824,0.8245,0
Llama-3-8B,8,100,lower_extremizer,825,0.8255,0
Llama-3-8B,8,100,lower_extremizer,826,0.8265,0
Llama-3-8B,8,100,lower_extremizer,827,0.8275,0
Llama-3-8B,8,100,lower_extremizer,828,0.8285,0
Llama-3-8B,8,100,lower_extremizer,829,0.8295,0
Llama-3-8B,8,100,lower_extremizer,830,0.8305,0
Llama-3-8B,8,100,lower_extremizer,831,0.8315,0
Llama-3-8B,8,100,lower_extremizer,832,0.8325,0
Llama-3-8B,8,100,lower_extremizer,833,0.8335,0
Llama-3-8B,8,100,lower_extremizer,834,0.8345,0
Llama-3-8B,8,100,lower_extremizer,835,0.8355,0
Llama-3-8B,8,100,lower_extremizer,836,0.8365,0
Llama-3-8B,8,100,lower_extremizer,837,0.8375,0
Llama-3-8B,8,100,lower_extremizer,838,0.8385,0
Llama-3-8B,8,100,lower_extremizer,839,0.8395,0
Llama-3-8B,8,100,lower_extremizer,840,0.8405,0
Llama-3-8B,8,100,lower_extremizer,841,0.8415,0
Llama-3-8B,8,100,lower_extremizer,842,0.8425,0
Llama-3-8B,8,100,lower_extremizer,843,0.8435,0
Llama-3-8B,8,100,lower_extremizer,844,0.8445,0
Llama-3-8B,8,100,lower_extremizer,845,0.8455,0
Llama-3-8B,8,100,lower_extremizer,846,0.8465,0
Llama-3-8B,8,100,lower_extremizer,847,0.8475,0
Llama-3-8B,8,100,lower_extremizer,848,0.8485,0
Llama-3-8B,8,100,lower_extremizer,849,0.8495,0
Llama-3-8B,8,100,lower_extremizer,850,0.8505,0
Llama-3-8B,8,100,lower_extremizer,851,0.8515,0
Llama-3-8B,8,100,lower_extremizer,852,0.8525,0
Llama-3-8B,8,100,lower_extremizer,853,0.8535,0
Llama-3-8B,8,100,lower_extremizer,854,0.8545,0
Llama-3-8B,8,100,lower_extremizer,855,0.8555,0
Llama-3-8B,8,100,lower_extremizer,856,0.8565,0
Llama-3-8B,8,100,lower_extremizer,857,0.8575,0
Llama-3-8B,8,100,lower_extremizer,858,0.8585,0
Llama-3-8B,8,100,lower_extremizer,859,0.8595,0
Llama-3-8B,8,100,lower_extremizer,860,0.8605,0.264376871341
Llama-3-8B,8,100,lower_extremizer,861,0.8615,1
Llama-3-8B,8,100,lower_extremizer,862,0.8625,1
Llama-3-8B,8,100,lower_extremizer,863,0.8635,1
Llama-3-8B,8,100,lower_extremizer,864,0.8645,1
Llama-3-8B,8,100,lower_extremizer,865,0.8655,1
Llama-3-8B,8,100,lower_extremizer,866,0.8665,1
Llama-3-8B,8,100,lower_extremizer,867,0.8675,1
Llama-3-8B,8,100,lower_extremizer,868,0.8685,1
Llama-3-8B,8,100,lower_extremizer,869,0.8695,1
Llama-3-8B,8,100,lower_extremizer,870,0.8705,1
Llama-3-8B,8,100,lower_extremizer,871,0.8715,1
Llama-3-8B,8,100,lower_extremizer,872,0.8725,1
Llama-3-8B,8,100,lower_extremizer,873,0.8735,1
Llama-3-8B,8,100,lower_extremizer,874,0.8745,1
Llama-3-8B,8,100,lower_extremizer,875,0.8755,1
Llama-3-8B,8,100,lower_extremizer,876,0.8765,1
Llama-3-8B,8,100,lower_extremizer,877,0.8775,1
Llama-3-8B,8,100,lower_extremizer,878,0.8785,1
Llama-3-8B,8,100,lower_extremizer,879,0.8795,1
Llama-3-8B,8,100,lower_extremizer,880,0.8805,1
Llama-3-8B,8,100,lower_extremizer,881,0.8815,1
Llama-3-8B,8,100,lower_extremizer,882,0.8825,1
Llama-3-8B,8,100,lower_extremizer,883,0.8835,1
Llama-3-8B,8,100,lower_extremizer,884,0.8845,1
Llama-3-8B,8,100,lower_extremizer,885,0.8855,1
Llama-3-8B,8,100,lower_extremizer,886,0.8865,1
Llama-3-8B,8,100,lower_extremizer,887,0.8875,1
Llama-3-8B,8,100,lower_extremizer,888,0.8885,1
Llama-3-8B,8,100,lower_extremizer,889,0.8895,1
Llama-3-8B,8,100,lower_extremizer,890,0.8905,1
Llama-3-8B,8,100,lower_extremizer,891,0.8915,1
Llama-3-8B,8,100,lower_extremizer,892,0.8925,1
Llama-3-8B,8,100,lower_extremizer,893,0.8935,1
Llama-3-8B,8,100,lower_extremizer,894,0.8945,1
Llama-3-8B,8,100,lower_extremizer,895,0.8955,1
Llama-3-8B,8,100,lower_extremizer,896,0.8965,1
Llama-3-8B,8,100,lower_extremizer,897,0.8975,1
Llama-3-8B,8,100,lower_extremizer,898,0.8985,1
Llama-3-8B,8,100,lower_extremizer,899,0.8995,1
Llama-3-8B,8,100,lower_extremizer,900,0.9005,1
Llama-3-8B,8,100,lower_extremizer,901,0.9015,1
Llama-3-8B,8,100,lower_extremizer,902,0.9025,1
Llama-3-8B,8,100,lower_extremizer,903,0.9035,1
Llama-3-8B,8,100,lower_extremizer,904,0.9045,1
Llama-3-8B,8,100,lower_extremizer,905,0.9055,1
Llama-3-8B,8,100,lower_extremizer,906,0.9065,1
Llama-3-8B,8,100,lower_extremizer,907,0.9075,1
Llama-3-8B,8,100,lower_extremizer,908,0.9085,1
Llama-3-8B,8,100,lower_extremizer,909,0.9095,1
Llama-3-8B,8,100,lower_extremizer,910,0.9105,1
Llama-3-8B,8,100,lower_extremizer,911,0.9115,1
Llama-3-8B,8,100,lower_extremizer,912,0.9125,1
Llama-3-8B,8,100,lower_extremizer,913,0.9135,1
Llama-3-8B,8,100,lower_extremizer,914,0.9145,1
Llama-3-8B,8,100,lower_extremizer,915,0.9155,1
Llama-3-8B,8,100,lower_extremizer,916,0.9165,1
Llama-3-8B,8,100,lower_extremizer,917,0.9175,1
Llama-3-8B,8,100,lower_extremizer,918,0.9185,1
Llama-3-8B,8,100,lower_extremizer,919,0.9195,1
Llama-3-8B,8,100,lower_extremizer,920,0.9205,1
Llama-3-8B,8,100,lower_extremizer,921,0.9215,1
Llama-3-8B,8,100,lower_extremizer,922,0.9225,1
Llama-3-8B,8,100,lower_extremizer,923,0.9235,1
Llama-3-8B,8,100,lower_extremizer,924,0.9245,1
Llama-3-8B,8,100,lower_extremizer,925,0.9255,1
Llama-3-8B,8,100,lower_extremizer,926,0.9265,1
Llama-3-8B,8,100,lower_extremizer,927,0.9275,1
Llama-3-8B,8,100,lower_extremizer,928,0.9285,1
Llama-3-8B,8,100,lower_extremizer,929,0.9295,1
Llama-3-8B,8,100,lower_extremizer,930,0.9305,1
Llama-3-8B,8,100,lower_extremizer,931,0.9315,1
Llama-3-8B,8,100,lower_extremizer,932,0.9325,1
Llama-3-8B,8,100,lower_extremizer,933,0.9335,1
Llama-3-8B,8,100,lower_extremizer,934,0.9345,1
Llama-3-8B,8,100,lower_extremizer,935,0.9355,1
Llama-3-8B,8,100,lower_extremizer,936,0.9365,1
Llama-3-8B,8,100,lower_extremizer,937,0.9375,1
Llama-3-8B,8,100,lower_extremizer,938,0.9385,1
Llama-3-8B,8,100,lower_extremizer,939,0.9395,1
Llama-3-8B,8,100,lower_extremizer,940,0.9405,1
Llama-3-8B,8,100,lower_extremizer,941,0.9415,1
Llama-3-8B,8,100,lower_extremizer,942,0.9425,1
Llama-3-8B,8,100,lower_extremizer,943,0.9435,1
Llama-3-8B,8,100,lower_extremizer,944,0.9445,1
Llama-3-8B,8,100,lower_extremizer,945,0.9455,1
Llama-3-8B,8,100,lower_extremizer,946,0.9465,1
Llama-3-8B,8,100,lower_extremizer,947,0.9475,1
Llama-3-8B,8,100,lower_extremizer,948,0.9485,1
Llama-3-8B,8,100,lower_extremizer,949,0.9495,1
Llama-3-8B,8,100,lower_extremizer,950,0.9505,1
Llama-3-8B,8,100,lower_extremizer,951,0.9515,1
Llama-3-8B,8,100,lower_extremizer,952,0.9525,1
Llama-3-8B,8,100,lower_extremizer,953,0.9535,1
Llama-3-8B,8,100,lower_extremizer,954,0.9545,1
Llama-3-8B,8,100,lower_extremizer,955,0.9555,1
Llama-3-8B,8,100,lower_extremizer,956,0.9565,1
Llama-3-8B,8,100,lower_extremizer,957,0.9575,1
Llama-3-8B,8,100,lower_extremizer,958,0.9585,1
Llama-3-8B,8,100,lower_extremizer,959,0.9595,1
Llama-3-8B,8,100,lower_extremizer,960,0.9605,1
Llama-3-8B,8,100,lower_extremizer,961,0.9615,1
Llama-3-8B,8,100,lower_extremizer,962,0.9625,1
Llama-3-8B,8,100,lower_extremizer,963,0.9635,1
Llama-3-8B,8,100,lower_extremizer,964,0.9645,1
Llama-3-8B,8,100,lower_extremizer,965,0.9655,1
Llama-3-8B,8,100,lower_extremizer,966,0.9665,1
Llama-3-8B,8,100,lower_extremizer,967,0.9675,1
Llama-3-8B,8,100,lower_extremizer,968,0.9685,1
Llama-3-8B,8,100,lower_extremizer,969,0.9695,1
Llama-3-8B,8,100,lower_extremizer,970,0.9705,1
Llama-3-8B,8,100,lower_extremizer,971,0.9715,1
Llama-3-8B,8,100,lower_extremizer,972,0.9725,1
Llama-3-8B,8,100,lower_extremizer,973,0.9735,1
Llama-3-8B,8,100,lower_extremizer,974,0.9745,1
Llama-3-8B,8,100,lower_extremizer,975,0.9755,1
Llama-3-8B,8,100,lower_extremizer,976,0.9765,1
Llama-3-8B,8,100,lower_extremizer,977,0.9775,1
Llama-3-8B,8,100,lower_extremizer,978,0.9785,1
Llama-3-8B,8,100,lower_extremizer,979,0.9795,1
Llama-3-8B,8,100,lower_extremizer,980,0.9805,1
Llama-3-8B,8,100,lower_extremizer,981,0.9815,1
Llama-3-8B,8,100,lower_extremizer,982,0.9825,1
Llama-3-8B,8,100,lower_extremizer,983,0.9835,0.290023635357
Llama-3-8B,8,100,lower_extremizer,984,0.9845,0
Llama-3-8B,8,100,lower_extremizer,985,0.9855,0
Llama-3-8B,8,100,lower_extremizer,986,0.9865,0
Llama-3-8B,8,100,lower_extremizer,987,0.9875,0
Llama-3-8B,8,100,lower_extremizer,988,0.9885,0
Llama-3-8B,8,100,lower_extremizer,989,0.9895,0
Llama-3-8B,8,100,lower_extremizer,990,0.9905,0
Llama-3-8B,8,100,lower_extremizer,991,0.9915,0
Llama-3-8B,8,100,lower_extremizer,992,0.9925,0
Llama-3-8B,8,100,lower_extremizer,993,0.9935,0
Llama-3-8B,8,100,lower_extremizer,994,0.9945,0
Llama-3-8B,8,100,lower_extremizer,995,0.9955,0
Llama-3-8B,8,100,lower_extremizer,996,0.9965,0
Llama-3-8B,8,100,lower_extremizer,997,0.9975,0
Llama-3-8B,8,100,lower_extremizer,998,0.9985,0
Llama-3-8B,8,100,lower_extremizer,999,0.9995,0
Llama-3-8B,8,100,upper_extremizer,0,0.0005,1
Llama-3-8B,8,100,upper_extremizer,1,0.0015,1
Llama-3-8B,8,100,upper_extremizer,2,0.0025,1
Llama-3-8B,8,100,upper_extremizer,3,0.0035,1
Llama-3-8B,8,100,upper_extremizer,4,0.0045,1
Llama-3-8B,8,100,upper_extremizer,5,0.0055,1
Llama-3-8B,8,100,upper_extremizer,6,0.0065,1
Llama-3-8B,8,100,upper_extremizer,7,0.0075,1
Llama-3-8B,8,100,upper_extremizer,8,0.0085,1
Llama-3-8B,8,100,upper_extremizer,9,0.0095,1
Llama-3-8B,8,100,upper_extremizer,10,0.0105,1
Llama-3-8B,8,100,upper_extremizer,11,0.0115,1
Llama-3-8B,8,100,upper_extremizer,12,0.0125,1
Llama-3-8B,8,100,upper_extremizer,13,0.0135,1
Llama-3-8B,8,100,upper_extremizer,14,0.0145,0.7058001378
Llama-3-8B,8,100,upper_extremizer,15,0.0155,0
Llama-3-8B,8,100,upper_extremizer,16,0.0165,0
Llama-3-8B,8,100,upper_extremizer,17,0.0175,0
Llama-3-8B,8,100,upper_extremizer,18,0.0185,0
Llama-3-8B,8,100,upper_extremizer,19,0.0195,0
Llama-3-8B,8,100,upper_extremizer,20,0.0205,0
Llama-3-8B,8,100,upper_extremizer,21,0.0215,0
Llama-3-8B,8,100,upper_extremizer,22,0.0225,0
Llama-3-8B,8,100,upper_extremizer,23,0.0235,0
Llama-3-8B,8,100,upper_extremizer,24,0.0245,0
Llama-3-8B,8,100,upper_extremizer,25,0.0255,0
Llama-3-8B,8,100,upper_extremizer,26,0.0265,0
Llama-3-8B,8,100,upper_extremizer,27,0.0275,0
Llama-3-8B,8,100,upper_extremizer,28,0.0285,0
Llama-3-8B,8,100,upper_extremizer,29,0.0295,0
Llama-3-8B,8,100,upper_extremizer,30,0.0305,0
Llama-3-8B,8,100,upper_extremizer,31,0.0315,0
Llama-3-8B,8,100,upper_extremizer,32,0.0325,0
Llama-3-8B,8,100,upper_extremizer,33,0.0335,0
Llama-3-8B,8,100,upper_extremizer,34,0.0345,0
Llama-3-8B,8,100,upper_extremizer,35,0.0355,0
Llama-3-8B,8,100,upper_extremizer,36,0.0365,0
Llama-3-8B,8,100,upper_extremizer,37,0.0375,0
Llama-3-8B,8,100,upper_extremizer,38,0.0385,0
Llama-3-8B,8,100,upper_extremizer,39,0.0395,0
Llama-3-8B,8,100,upper_extremizer,40,0.0405,0
Llama-3-8B,8,100,upper_extremizer,41,0.0415,0
Llama-3-8B,8,100,upper_extremizer,42,0.0425,0
Llama-3-8B,8,100,upper_extremizer,43,0.0435,0
Llama-3-8B,8,100,upper_extremizer,44,0.0445,0
Llama-3-8B,8,100,upper_extremizer,45,0.0455,0
Llama-3-8B,8,100,upper_extremizer,46,0.0465,0
Llama-3-8B,8,100,upper_extremizer,47,0.0475,0
Llama-3-8B,8,100,upper_extremizer,48,0.0485,0
Llama-3-8B,8,100,upper_extremizer,49,0.0495,0
Llama-3-8B,8,100,upper_extremizer,50,0.0505,0
Llama-3-8B,8,100,upper_extremizer,51,0.0515,0
Llama-3-8B,8,100,upper_extremizer,52,0.0525,0
Llama-3-8B,8,100,upper_extremizer,53,0.0535,0
Llama-3-8B,8,100,upper_extremizer,54,0.0545,0
Llama-3-8B,8,100,upper_extremizer,55,0.0555,0
Llama-3-8B,8,100,upper_extremizer,56,0.0565,0
Llama-3-8B,8,100,upper_extremizer,57,0.0575,0
Llama-3-8B,8,100,upper_extremizer,58,0.0585,0
Llama-3-8B,8,100,upper_extremizer,59,0.0595,0
Llama-3-8B,8,100,upper_extremizer,60,0.0605,0
Llama-3-8B,8,100,upper_extremizer,61,0.0615,0
Llama-3-8B,8,100,upper_extremizer,62,0.0625,0
Llama-3-8B,8,100,upper_extremizer,63,0.0635,0
Llama-3-8B,8,100,upper_extremizer,64,0.0645,0
Llama-3-8B,8,100,upper_extremizer,65,0.0655,0
Llama-3-8B,8,100,upper_extremizer,66,0.0665,0
Llama-3-8B,8,100,upper_extremizer,67,0.0675,0
Llama-3-8B,8,100,upper_extremizer,68,0.0685,0
Llama-3-8B,8,100,upper_extremizer,69,0.0695,0
Llama-3-8B,8,100,upper_extremizer,70,0.0705,0
Llama-3-8B,8,100,upper_extremizer,71,0.0715,0
Llama-3-8B,8,100,upper_extremizer,72,0.0725,0
Llama-3-8B,8,100,upper_extremizer,73,0.0735,0
Llama-3-8B,8,100,upper_extremizer,74,0.0745,0
Llama-3-8B,8,100,upper_extremizer,75,0.0755,0
Llama-3-8B,8,100,upper_extremizer,76,0.0765,0
Llama-3-8B,8,100,upper_extremizer,77,0.0775,0
Llama-3-8B,8,100,upper_extremizer,78,0.0785,0
Llama-3-8B,8,100,upper_extremizer,79,0.0795,0
Llama-3-8B,8,100,upper_extremizer,80,0.0805,0
Llama-3-8B,8,100,upper_extremizer,81,0.0815,0
Llama-3-8B,8,100,upper_extremizer,82,0.0825,0
Llama-3-8B,8,100,upper_extremizer,83,0.0835,0
Llama-3-8B,8,100,upper_extremizer,84,0.0845,0
Llama-3-8B,8,100,upper_extremizer,85,0.0855,0
Llama-3-8B,8,100,upper_extremizer,86,0.0865,0
Llama-3-8B,8,100,upper_extremizer,87,0.0875,0
Llama-3-8B,8,100,upper_extremizer,88,0.0885,0
Llama-3-8B,8,100,upper_extremizer,89,0.0895,0
Llama-3-8B,8,100,upper_extremizer,90,0.0905,0
Llama-3-8B,8,100,upper_extremizer,91,0.0915,0
Llama-3-8B,8,100,upper_extremizer,92,0.0925,0
Llama-3-8B,8,100,upper_extremizer,93,0.0935,0
Llama-3-8B,8,100,upper_extremizer,94,0.0945,0
Llama-3-8B,8,100,upper_extremizer,95,0.0955,0
Llama-3-8B,8,100,upper_extremizer,96,0.0965,0
Llama-3-8B,8,100,upper_extremizer,97,0.0975,0
Llama-3-8B,8,100,upper_extremizer,98,0.0985,0
Llama-3-8B,8,100,upper_extremizer,99,0.0995,0
Llama-3-8B,8,100,upper_extremizer,100,0.1005,0
Llama-3-8B,8,100,upper_extremizer,101,0.1015,0
Llama-3-8B,8,100,upper_extremizer,102,0.1025,0
Llama-3-8B,8,100,upper_extremizer,103,0.1035,0
Llama-3-8B,8,100,upper_extremizer,104,0.1045,0
Llama-3-8B,8,100,upper_extremizer,105,0.1055,0
Llama-3-8B,8,100,upper_extremizer,106,0.1065,0
Llama-3-8B,8,100,upper_extremizer,107,0.1075,0
Llama-3-8B,8,100,upper_extremizer,108,0.1085,0
Llama-3-8B,8,100,upper_extremizer,109,0.1095,0
Llama-3-8B,8,100,upper_extremizer,110,0.1105,0
Llama-3-8B,8,100,upper_extremizer,111,0.1115,0
Llama-3-8B,8,100,upper_extremizer,112,0.1125,0
Llama-3-8B,8,100,upper_extremizer,113,0.1135,0
Llama-3-8B,8,100,upper_extremizer,114,0.1145,0
Llama-3-8B,8,100,upper_extremizer,115,0.1155,0
Llama-3-8B,8,100,upper_extremizer,116,0.1165,0
Llama-3-8B,8,100,upper_extremizer,117,0.1175,0
Llama-3-8B,8,100,upper_extremizer,118,0.1185,0
Llama-3-8B,8,100,upper_extremizer,119,0.1195,0
Llama-3-8B,8,100,upper_extremizer,120,0.1205,0
Llama-3-8B,8,100,upper_extremizer,121,0.1215,0
Llama-3-8B,8,100,upper_extremizer,122,0.1225,0
Llama-3-8B,8,100,upper_extremizer,123,0.1235,0
Llama-3-8B,8,100,upper_extremizer,124,0.1245,0
Llama-3-8B,8,100,upper_extremizer,125,0.1255,0
Llama-3-8B,8,100,upper_extremizer,126,0.1265,0
Llama-3-8B,8,100,upper_extremizer,127,0.1275,0
Llama-3-8B,8,100,upper_extremizer,128,0.1285,0
Llama-3-8B,8,100,upper_extremizer,129,0.1295,0
Llama-3-8B,8,100,upper_extremizer,130,0.1305,0
Llama-3-8B,8,100,upper_extremizer,131,0.1315,0
Llama-3-8B,8,100,upper_extremizer,132,0.1325,0.823351783039
Llama-3-8B,8,100,upper_extremizer,133,0.1335,1
Llama-3-8B,8,100,upper_extremizer,134,0.1345,1
Llama-3-8B,8,100,upper_extremizer,135,0.1355,1
Llama-3-8B,8,100,upper_extremizer,136,0.1365,1
Llama-3-8B,8,100,upper_extremizer,137,0.1375,1
Llama-3-8B,8,100,upper_extremizer,138,0.1385,1
Llama-3-8B,8,100,upper_extremizer,139,0.1395,1
Llama-3-8B,8,100,upper_extremizer,140,0.1405,1
Llama-3-8B,8,100,upper_extremizer,141,0.1415,1
Llama-3-8B,8,100,upper_extremizer,142,0.1425,1
Llama-3-8B,8,100,upper_extremizer,143,0.1435,1
Llama-3-8B,8,100,upper_extremizer,144,0.1445,1
Llama-3-8B,8,100,upper_extremizer,145,0.1455,1
Llama-3-8B,8,100,upper_extremizer,146,0.1465,1
Llama-3-8B,8,100,upper_extremizer,147,0.1475,1
Llama-3-8B,8,100,upper_extremizer,148,0.1485,1
Llama-3-8B,8,100,upper_extremizer,149,0.1495,1
Llama-3-8B,8,100,upper_extremizer,150,0.1505,1
Llama-3-8B,8,100,upper_extremizer,151,0.1515,1
Llama-3-8B,8,100,upper_extremizer,152,0.1525,1
Llama-3-8B,8,100,upper_extremizer,153,0.1535,1
Llama-3-8B,8,100,upper_extremizer,154,0.1545,1
Llama-3-8B,8,100,upper_extremizer,155,0.1555,1
Llama-3-8B,8,100,upper_extremizer,156,0.1565,1
Llama-3-8B,8,100,upper_extremizer,157,0.1575,1
Llama-3-8B,8,100,upper_extremizer,158,0.1585,1
Llama-3-8B,8,100,upper_extremizer,159,0.1595,1
Llama-3-8B,8,100,upper_extremizer,160,0.1605,1
Llama-3-8B,8,100,upper_extremizer,161,0.1615,1
Llama-3-8B,8,100,upper_extremizer,162,0.1625,1
Llama-3-8B,8,100,upper_extremizer,163,0.1635,1
Llama-3-8B,8,100,upper_extremizer,164,0.1645,1
Llama-3-8B,8,100,upper_extremizer,165,0.1655,1
Llama-3-8B,8,100,upper_extremizer,166,0.1665,1
Llama-3-8B,8,100,upper_extremizer,167,0.1675,1
Llama-3-8B,8,100,upper_extremizer,168,0.1685,1
Llama-3-8B,8,100,upper_extremizer,169,0.1695,1
Llama-3-8B,8,100,upper_extremizer,170,0.1705,1
Llama-3-8B,8,100,upper_extremizer,171,0.1715,1
Llama-3-8B,8,100,upper_extremizer,172,0.1725,1
Llama-3-8B,8,100,upper_extremizer,173,0.1735,1
Llama-3-8B,8,100,upper_extremizer,174,0.1745,1
Llama-3-8B,8,100,upper_extremizer,175,0.1755,1
Llama-3-8B,8,100,upper_extremizer,176,0.1765,1
Llama-3-8B,8,100,upper_extremizer,177,0.1775,1
Llama-3-8B,8,100,upper_extremizer,178,0.1785,1
Llama-3-8B,8,100,upper_extremizer,179,0.1795,1
Llama-3-8B,8,100,upper_extremizer,180,0.1805,1
Llama-3-8B,8,100,upper_extremizer,181,0.1815,1
Llama-3-8B,8,100,upper_extremizer,182,0.1825,1
Llama-3-8B,8,100,upper_extremizer,183,0.1835,1
Llama-3-8B,8,100,upper_extremizer,184,0.1845,1
Llama-3-8B,8,100,upper_extremizer,185,0.1855,1
Llama-3-8B,8,100,upper_extremizer,186,0.1865,1
Llama-3-8B,8,100,upper_extremizer,187,0.1875,1
Llama-3-8B,8,100,upper_extremizer,188,0.1885,1
Llama-3-8B,8,100,upper_extremizer,189,0.1895,1
Llama-3-8B,8,100,upper_extremizer,190,0.1905,1
Llama-3-8B,8,100,upper_extremizer,191,0.1915,1
Llama-3-8B,8,100,upper_extremizer,192,0.1925,1
Llama-3-8B,8,100,upper_extremizer,193,0.1935,1
Llama-3-8B,8,100,upper_extremizer,194,0.1945,1
Llama-3-8B,8,100,upper_extremizer,195,0.1955,1
Llama-3-8B,8,100,upper_extremizer,196,0.1965,1
Llama-3-8B,8,100,upper_extremizer,197,0.1975,1
Llama-3-8B,8,100,upper_extremizer,198,0.1985,1
Llama-3-8B,8,100,upper_extremizer,199,0.1995,1
Llama-3-8B,8,100,upper_extremizer,200,0.2005,1
Llama-3-8B,8,100,upper_extremizer,201,0.2015,1
Llama-3-8B,8,100,upper_extremizer,202,0.2025,1
Llama-3-8B,8,100,upper_extremizer,203,0.2035,1
Llama-3-8B,8,100,upper_extremizer,204,0.2045,1
Llama-3-8B,8,100,upper_extremizer,205,0.2055,1
Llama-3-8B,8,100,upper_extremizer,206,0.2065,1
Llama-3-8B,8,100,upper_extremizer,207,0.2075,1
Llama-3-8B,8,100,upper_extremizer,208,0.2085,1
Llama-3-8B,8,100,upper_extremizer,209,0.2095,1
Llama-3-8B,8,100,upper_extremizer,210,0.2105,1
Llama-3-8B,8,100,upper_extremizer,211,0.2115,1
Llama-3-8B,8,100,upper_extremizer,212,0.2125,1
Llama-3-8B,8,100,upper_extremizer,213,0.2135,1
Llama-3-8B,8,100,upper_extremizer,214,0.2145,1
Llama-3-8B,8,100,upper_extremizer,215,0.2155,1
Llama-3-8B,8,100,upper_extremizer,216,0.2165,1
Llama-3-8B,8,100,upper_extremizer,217,0.2175,1
Llama-3-8B,8,100,upper_extremizer,218,0.2185,1
Llama-3-8B,8,100,upper_extremizer,219,0.2195,1
Llama-3-8B,8,100,upper_extremizer,220,0.2205,1
Llama-3-8B,8,100,upper_extremizer,221,0.2215,1
Llama-3-8B,8,100,upper_extremizer,222,0.2225,1
Llama-3-8B,8,100,upper_extremizer,223,0.2235,1
Llama-3-8B,8,100,upper_extremizer,224,0.2245,1
Llama-3-8B,8,100,upper_extremizer,225,0.2255,1
Llama-3-8B,8,100,upper_extremizer,226,0.2265,1
Llama-3-8B,8,100,upper_extremizer,227,0.2275,1
Llama-3-8B,8,100,upper_extremizer,228,0.2285,1
Llama-3-8B,8,100,upper_extremizer,229,0.2295,1
Llama-3-8B,8,100,upper_extremizer,230,0.2305,1
Llama-3-8B,8,100,upper_extremizer,231,0.2315,1
Llama-3-8B,8,100,upper_extremizer,232,0.2325,1
Llama-3-8B,8,100,upper_extremizer,233,0.2335,1
Llama-3-8B,8,100,upper_extremizer,234,0.2345,1
Llama-3-8B,8,100,upper_extremizer,235,0.2355,1
Llama-3-8B,8,100,upper_extremizer,236,0.2365,1
Llama-3-8B,8,100,upper_extremizer,237,0.2375,1
Llama-3-8B,8,100,upper_extremizer,238,0.2385,1
Llama-3-8B,8,100,upper_extremizer,239,0.2395,1
Llama-3-8B,8,100,upper_extremizer,240,0.2405,1
Llama-3-8B,8,100,upper_extremizer,241,0.2415,1
Llama-3-8B,8,100,upper_extremizer,242,0.2425,0.628901798611
Llama-3-8B,8,100,upper_extremizer,243,0.2435,0
Llama-3-8B,8,100,upper_extremizer,244,0.2445,0
Llama-3-8B,8,100,upper_extremizer,245,0.2455,0
Llama-3-8B,8,100,upper_extremizer,246,0.2465,0
Llama-3-8B,8,100,upper_extremizer,247,0.2475,0
Llama-3-8B,8,100,upper_extremizer,248,0.2485,0
Llama-3-8B,8,100,upper_extremizer,249,0.2495,0
Llama-3-8B,8,100,upper_extremizer,250,0.2505,0
Llama-3-8B,8,100,upper_extremizer,251,0.2515,0
Llama-3-8B,8,100,upper_extremizer,252,0.2525,0
Llama-3-8B,8,100,upper_extremizer,253,0.2535,0
Llama-3-8B,8,100,upper_extremizer,254,0.2545,0
Llama-3-8B,8,100,upper_extremizer,255,0.2555,0
Llama-3-8B,8,100,upper_extremizer,256,0.2565,0
Llama-3-8B,8,100,upper_extremizer,257,0.2575,0
Llama-3-8B,8,100,upper_extremizer,258,0.2585,0
Llama-3-8B,8,100,upper_extremizer,259,0.2595,0
Llama-3-8B,8,100,upper_extremizer,260,0.2605,0
Llama-3-8B,8,100,upper_extremizer,261,0.2615,0
Llama-3-8B,8,100,upper_extremizer,262,0.2625,0
Llama-3-8B,8,100,upper_extremizer,263,0.2635,0
Llama-3-8B,8,100,upper_extremizer,264,0.2645,0
Llama-3-8B,8,100,upper_extremizer,265,0.2655,0
Llama-3-8B,8,100,upper_extremizer,266,0.2665,0
Llama-3-8B,8,100,upper_extremizer,267,0.2675,0
Llama-3-8B,8,100,upper_extremizer,268,0.2685,0
Llama-3-8B,8,100,upper_extremizer,269,0.2695,0
Llama-3-8B,8,100,upper_extremizer,270,0.2705,0
Llama-3-8B,8,100,upper_extremizer,271,0.2715,0
Llama-3-8B,8,100,upper_extremizer,272,0.2725,0
Llama-3-8B,8,100,upper_extremizer,273,0.2735,0
Llama-3-8B,8,100,upper_extremizer,274,0.2745,0
Llama-3-8B,8,100,upper_extremizer,275,0.2755,0
Llama-3-8B,8,100,upper_extremizer,276,0.2765,0
Llama-3-8B,8,100,upper_extremizer,277,0.2775,0
Llama-3-8B,8,100,upper_extremizer,278,0.2785,0
Llama-3-8B,8,100,upper_extremizer,279,0.2795,0
Llama-3-8B,8,100,upper_extremizer,280,0.2805,0
Llama-3-8B,8,100,upper_extremizer,281,0.2815,0
Llama-3-8B,8,100,upper_extremizer,282,0.2825,0
Llama-3-8B,8,100,upper_extremizer,283,0.2835,0
Llama-3-8B,8,100,upper_extremizer,284,0.2845,0
Llama-3-8B,8,100,upper_extremizer,285,0.2855,0
Llama-3-8B,8,100,upper_extremizer,286,0.2865,0
Llama-3-8B,8,100,upper_extremizer,287,0.2875,0
Llama-3-8B,8,100,upper_extremizer,288,0.2885,0
Llama-3-8B,8,100,upper_extremizer,289,0.2895,0
Llama-3-8B,8,100,upper_extremizer,290,0.2905,0
Llama-3-8B,8,100,upper_extremizer,291,0.2915,0
Llama-3-8B,8,100,upper_extremizer,292,0.2925,0
Llama-3-8B,8,100,upper_extremizer,293,0.2935,0
Llama-3-8B,8,100,upper_extremizer,294,0.2945,0
Llama-3-8B,8,100,upper_extremizer,295,0.2955,0
Llama-3-8B,8,100,upper_extremizer,296,0.2965,0
Llama-3-8B,8,100,upper_extremizer,297,0.2975,0
Llama-3-8B,8,100,upper_extremizer,298,0.2985,0
Llama-3-8B,8,100,upper_extremizer,299,0.2995,0
Llama-3-8B,8,100,upper_extremizer,300,0.3005,0
Llama-3-8B,8,100,upper_extremizer,301,0.3015,0
Llama-3-8B,8,100,upper_extremizer,302,0.3025,0
Llama-3-8B,8,100,upper_extremizer,303,0.3035,0
Llama-3-8B,8,100,upper_extremizer,304,0.3045,0
Llama-3-8B,8,100,upper_extremizer,305,0.3055,0
Llama-3-8B,8,100,upper_extremizer,306,0.3065,0
Llama-3-8B,8,100,upper_extremizer,307,0.3075,0
Llama-3-8B,8,100,upper_extremizer,308,0.3085,0
Llama-3-8B,8,100,upper_extremizer,309,0.3095,0
Llama-3-8B,8,100,upper_extremizer,310,0.3105,0
Llama-3-8B,8,100,upper_extremizer,311,0.3115,0
Llama-3-8B,8,100,upper_extremizer,312,0.3125,0
Llama-3-8B,8,100,upper_extremizer,313,0.3135,0
Llama-3-8B,8,100,upper_extremizer,314,0.3145,0
Llama-3-8B,8,100,upper_extremizer,315,0.3155,0
Llama-3-8B,8,100,upper_extremizer,316,0.3165,0
Llama-3-8B,8,100,upper_extremizer,317,0.3175,0
Llama-3-8B,8,100,upper_extremizer,318,0.3185,0
Llama-3-8B,8,100,upper_extremizer,319,0.3195,0
Llama-3-8B,8,100,upper_extremizer,320,0.3205,0
Llama-3-8B,8,100,upper_extremizer,321,0.3215,0
Llama-3-8B,8,100,upper_extremizer,322,0.3225,0
Llama-3-8B,8,100,upper_extremizer,323,0.3235,0
Llama-3-8B,8,100,upper_extremizer,324,0.3245,0
Llama-3-8B,8,100,upper_extremizer,325,0.3255,0
Llama-3-8B,8,100,upper_extremizer,326,0.3265,0
Llama-3-8B,8,100,upper_extremizer,327,0.3275,0
Llama-3-8B,8,100,upper_extremizer,328,0.3285,0
Llama-3-8B,8,100,upper_extremizer,329,0.3295,0
Llama-3-8B,8,100,upper_extremizer,330,0.3305,0
Llama-3-8B,8,100,upper_extremizer,331,0.3315,0
Llama-3-8B,8,100,upper_extremizer,332,0.3325,0
Llama-3-8B,8,100,upper_extremizer,333,0.3335,0
Llama-3-8B,8,100,upper_extremizer,334,0.3345,0
Llama-3-8B,8,100,upper_extremizer,335,0.3355,0
Llama-3-8B,8,100,upper_extremizer,336,0.3365,0
Llama-3-8B,8,100,upper_extremizer,337,0.3375,0
Llama-3-8B,8,100,upper_extremizer,338,0.3385,0
Llama-3-8B,8,100,upper_extremizer,339,0.3395,0
Llama-3-8B,8,100,upper_extremizer,340,0.3405,0
Llama-3-8B,8,100,upper_extremizer,341,0.3415,0
Llama-3-8B,8,100,upper_extremizer,342,0.3425,0
Llama-3-8B,8,100,upper_extremizer,343,0.3435,0
Llama-3-8B,8,100,upper_extremizer,344,0.3445,0
Llama-3-8B,8,100,upper_extremizer,345,0.3455,0
Llama-3-8B,8,100,upper_extremizer,346,0.3465,0
Llama-3-8B,8,100,upper_extremizer,347,0.3475,0
Llama-3-8B,8,100,upper_extremizer,348,0.3485,0
Llama-3-8B,8,100,upper_extremizer,349,0.3495,0
Llama-3-8B,8,100,upper_extremizer,350,0.3505,0
Llama-3-8B,8,100,upper_extremizer,351,0.3515,0
Llama-3-8B,8,100,upper_extremizer,352,0.3525,0
Llama-3-8B,8,100,upper_extremizer,353,0.3535,0
Llama-3-8B,8,100,upper_extremizer,354,0.3545,0
Llama-3-8B,8,100,upper_extremizer,355,0.3555,0
Llama-3-8B,8,100,upper_extremizer,356,0.3565,0
Llama-3-8B,8,100,upper_extremizer,357,0.3575,0
Llama-3-8B,8,100,upper_extremizer,358,0.3585,0
Llama-3-8B,8,100,upper_extremizer,359,0.3595,0
Llama-3-8B,8,100,upper_extremizer,360,0.3605,0
Llama-3-8B,8,100,upper_extremizer,361,0.3615,0
Llama-3-8B,8,100,upper_extremizer,362,0.3625,0
Llama-3-8B,8,100,upper_extremizer,363,0.3635,0
Llama-3-8B,8,100,upper_extremizer,364,0.3645,0
Llama-3-8B,8,100,upper_extremizer,365,0.3655,0
Llama-3-8B,8,100,upper_extremizer,366,0.3665,0
Llama-3-8B,8,100,upper_extremizer,367,0.3675,0
Llama-3-8B,8,100,upper_extremizer,368,0.3685,0
Llama-3-8B,8,100,upper_extremizer,369,0.3695,0
Llama-3-8B,8,100,upper_extremizer,370,0.3705,0
Llama-3-8B,8,100,upper_extremizer,371,0.3715,0
Llama-3-8B,8,100,upper_extremizer,372,0.3725,0
Llama-3-8B,8,100,upper_extremizer,373,0.3735,0
Llama-3-8B,8,100,upper_extremizer,374,0.3745,0
Llama-3-8B,8,100,upper_extremizer,375,0.3755,0
Llama-3-8B,8,100,upper_extremizer,376,0.3765,0
Llama-3-8B,8,100,upper_extremizer,377,0.3775,0
Llama-3-8B,8,100,upper_extremizer,378,0.3785,0
Llama-3-8B,8,100,upper_extremizer,379,0.3795,0
Llama-3-8B,8,100,upper_extremizer,380,0.3805,0
Llama-3-8B,8,100,upper_extremizer,381,0.3815,0
Llama-3-8B,8,100,upper_extremizer,382,0.3825,0
Llama-3-8B,8,100,upper_extremizer,383,0.3835,0
Llama-3-8B,8,100,upper_extremizer,384,0.3845,0
Llama-3-8B,8,100,upper_extremizer,385,0.3855,0
Llama-3-8B,8,100,upper_extremizer,386,0.3865,0
Llama-3-8B,8,100,upper_extremizer,387,0.3875,0
Llama-3-8B,8,100,upper_extremizer,388,0.3885,0
Llama-3-8B,8,100,upper_extremizer,389,0.3895,0
Llama-3-8B,8,100,upper_extremizer,390,0.3905,0
Llama-3-8B,8,100,upper_extremizer,391,0.3915,0
Llama-3-8B,8,100,upper_extremizer,392,0.3925,0
Llama-3-8B,8,100,upper_extremizer,393,0.3935,0
Llama-3-8B,8,100,upper_extremizer,394,0.3945,0
Llama-3-8B,8,100,upper_extremizer,395,0.3955,0
Llama-3-8B,8,100,upper_extremizer,396,0.3965,0
Llama-3-8B,8,100,upper_extremizer,397,0.3975,0
Llama-3-8B,8,100,upper_extremizer,398,0.3985,0
Llama-3-8B,8,100,upper_extremizer,399,0.3995,0
Llama-3-8B,8,100,upper_extremizer,400,0.4005,0
Llama-3-8B,8,100,upper_extremizer,401,0.4015,0
Llama-3-8B,8,100,upper_extremizer,402,0.4025,0
Llama-3-8B,8,100,upper_extremizer,403,0.4035,0
Llama-3-8B,8,100,upper_extremizer,404,0.4045,0
Llama-3-8B,8,100,upper_extremizer,405,0.4055,0
Llama-3-8B,8,100,upper_extremizer,406,0.4065,0
Llama-3-8B,8,100,upper_extremizer,407,0.4075,0.433245852427
Llama-3-8B,8,100,upper_extremizer,408,0.4085,1
Llama-3-8B,8,100,upper_extremizer,409,0.4095,1
Llama-3-8B,8,100,upper_extremizer,410,0.4105,1
Llama-3-8B,8,100,upper_extremizer,411,0.4115,1
Llama-3-8B,8,100,upper_extremizer,412,0.4125,1
Llama-3-8B,8,100,upper_extremizer,413,0.4135,1
Llama-3-8B,8,100,upper_extremizer,414,0.4145,1
Llama-3-8B,8,100,upper_extremizer,415,0.4155,1
Llama-3-8B,8,100,upper_extremizer,416,0.4165,1
Llama-3-8B,8,100,upper_extremizer,417,0.4175,1
Llama-3-8B,8,100,upper_extremizer,418,0.4185,1
Llama-3-8B,8,100,upper_extremizer,419,0.4195,1
Llama-3-8B,8,100,upper_extremizer,420,0.4205,1
Llama-3-8B,8,100,upper_extremizer,421,0.4215,1
Llama-3-8B,8,100,upper_extremizer,422,0.4225,1
Llama-3-8B,8,100,upper_extremizer,423,0.4235,1
Llama-3-8B,8,100,upper_extremizer,424,0.4245,1
Llama-3-8B,8,100,upper_extremizer,425,0.4255,1
Llama-3-8B,8,100,upper_extremizer,426,0.4265,1
Llama-3-8B,8,100,upper_extremizer,427,0.4275,1
Llama-3-8B,8,100,upper_extremizer,428,0.4285,1
Llama-3-8B,8,100,upper_extremizer,429,0.4295,1
Llama-3-8B,8,100,upper_extremizer,430,0.4305,1
Llama-3-8B,8,100,upper_extremizer,431,0.4315,1
Llama-3-8B,8,100,upper_extremizer,432,0.4325,1
Llama-3-8B,8,100,upper_extremizer,433,0.4335,1
Llama-3-8B,8,100,upper_extremizer,434,0.4345,1
Llama-3-8B,8,100,upper_extremizer,435,0.4355,1
Llama-3-8B,8,100,upper_extremizer,436,0.4365,1
Llama-3-8B,8,100,upper_extremizer,437,0.4375,1
Llama-3-8B,8,100,upper_extremizer,438,0.4385,1
Llama-3-8B,8,100,upper_extremizer,439,0.4395,1
Llama-3-8B,8,100,upper_extremizer,440,0.4405,1
Llama-3-8B,8,100,upper_extremizer,441,0.4415,1
Llama-3-8B,8,100,upper_extremizer,442,0.4425,1
Llama-3-8B,8,100,upper_extremizer,443,0.4435,1
Llama-3-8B,8,100,upper_extremizer,444,0.4445,1
Llama-3-8B,8,100,upper_extremizer,445,0.4455,1
Llama-3-8B,8,100,upper_extremizer,446,0.4465,1
Llama-3-8B,8,100,upper_extremizer,447,0.4475,1
Llama-3-8B,8,100,upper_extremizer,448,0.4485,1
Llama-3-8B,8,100,upper_extremizer,449,0.4495,1
Llama-3-8B,8,100,upper_extremizer,450,0.4505,1
Llama-3-8B,8,100,upper_extremizer,451,0.4515,1
Llama-3-8B,8,100,upper_extremizer,452,0.4525,1
Llama-3-8B,8,100,upper_extremizer,453,0.4535,1
Llama-3-8B,8,100,upper_extremizer,454,0.4545,1
Llama-3-8B,8,100,upper_extremizer,455,0.4555,1
Llama-3-8B,8,100,upper_extremizer,456,0.4565,1
Llama-3-8B,8,100,upper_extremizer,457,0.4575,1
Llama-3-8B,8,100,upper_extremizer,458,0.4585,1
Llama-3-8B,8,100,upper_extremizer,459,0.4595,1
Llama-3-8B,8,100,upper_extremizer,460,0.4605,1
Llama-3-8B,8,100,upper_extremizer,461,0.4615,1
Llama-3-8B,8,100,upper_extremizer,462,0.4625,1
Llama-3-8B,8,100,upper_extremizer,463,0.4635,1
Llama-3-8B,8,100,upper_extremizer,464,0.4645,1
Llama-3-8B,8,100,upper_extremizer,465,0.4655,1
Llama-3-8B,8,100,upper_extremizer,466,0.4665,1
Llama-3-8B,8,100,upper_extremizer,467,0.4675,1
Llama-3-8B,8,100,upper_extremizer,468,0.4685,1
Llama-3-8B,8,100,upper_extremizer,469,0.4695,1
Llama-3-8B,8,100,upper_extremizer,470,0.4705,1
Llama-3-8B,8,100,upper_extremizer,471,0.4715,1
Llama-3-8B,8,100,upper_extremizer,472,0.4725,1
Llama-3-8B,8,100,upper_extremizer,473,0.4735,1
Llama-3-8B,8,100,upper_extremizer,474,0.4745,1
Llama-3-8B,8,100,upper_extremizer,475,0.4755,1
Llama-3-8B,8,100,upper_extremizer,476,0.4765,1
Llama-3-8B,8,100,upper_extremizer,477,0.4775,1
Llama-3-8B,8,100,upper_extremizer,478,0.4785,1
Llama-3-8B,8,100,upper_extremizer,479,0.4795,1
Llama-3-8B,8,100,upper_extremizer,480,0.4805,1
Llama-3-8B,8,100,upper_extremizer,481,0.4815,1
Llama-3-8B,8,100,upper_extremizer,482,0.4825,1
Llama-3-8B,8,100,upper_extremizer,483,0.4835,1
Llama-3-8B,8,100,upper_extremizer,484,0.4845,1
Llama-3-8B,8,100,upper_extremizer,485,0.4855,1
Llama-3-8B,8,100,upper_extremizer,486,0.4865,1
Llama-3-8B,8,100,upper_extremizer,487,0.4875,1
Llama-3-8B,8,100,upper_extremizer,488,0.4885,1
Llama-3-8B,8,100,upper_extremizer,489,0.4895,1
Llama-3-8B,8,100,upper_extremizer,490,0.4905,1
Llama-3-8B,8,100,upper_extremizer,491,0.4915,1
Llama-3-8B,8,100,upper_extremizer,492,0.4925,1
Llama-3-8B,8,100,upper_extremizer,493,0.4935,1
Llama-3-8B,8,100,upper_extremizer,494,0.4945,1
Llama-3-8B,8,100,upper_extremizer,495,0.4955,1
Llama-3-8B,8,100,upper_extremizer,496,0.4965,1
Llama-3-8B,8,100,upper_extremizer,497,0.4975,1
Llama-3-8B,8,100,upper_extremizer,498,0.4985,1
Llama-3-8B,8,100,upper_extremizer,499,0.4995,1
Llama-3-8B,8,100,upper_extremizer,500,0.5005,1
Llama-3-8B,8,100,upper_extremizer,501,0.5015,1
Llama-3-8B,8,100,upper_extremizer,502,0.5025,1
Llama-3-8B,8,100,upper_extremizer,503,0.5035,1
Llama-3-8B,8,100,upper_extremizer,504,0.5045,1
Llama-3-8B,8,100,upper_extremizer,505,0.5055,1
Llama-3-8B,8,100,upper_extremizer,506,0.5065,1
Llama-3-8B,8,100,upper_extremizer,507,0.5075,1
Llama-3-8B,8,100,upper_extremizer,508,0.5085,1
Llama-3-8B,8,100,upper_extremizer,509,0.5095,1
Llama-3-8B,8,100,upper_extremizer,510,0.5105,1
Llama-3-8B,8,100,upper_extremizer,511,0.5115,1
Llama-3-8B,8,100,upper_extremizer,512,0.5125,1
Llama-3-8B,8,100,upper_extremizer,513,0.5135,1
Llama-3-8B,8,100,upper_extremizer,514,0.5145,1
Llama-3-8B,8,100,upper_extremizer,515,0.5155,1
Llama-3-8B,8,100,upper_extremizer,516,0.5165,1
Llama-3-8B,8,100,upper_extremizer,517,0.5175,1
Llama-3-8B,8,100,upper_extremizer,518,0.5185,1
Llama-3-8B,8,100,upper_extremizer,519,0.5195,1
Llama-3-8B,8,100,upper_extremizer,520,0.5205,1
Llama-3-8B,8,100,upper_extremizer,521,0.5215,1
Llama-3-8B,8,100,upper_extremizer,522,0.5225,1
Llama-3-8B,8,100,upper_extremizer,523,0.5235,1
Llama-3-8B,8,100,upper_extremizer,524,0.5245,1
Llama-3-8B,8,100,upper_extremizer,525,0.5255,1
Llama-3-8B,8,100,upper_extremizer,526,0.5265,1
Llama-3-8B,8,100,upper_extremizer,527,0.5275,1
Llama-3-8B,8,100,upper_extremizer,528,0.5285,1
Llama-3-8B,8,100,upper_extremizer,529,0.5295,1
Llama-3-8B,8,100,upper_extremizer,530,0.5305,1
Llama-3-8B,8,100,upper_extremizer,531,0.5315,1
Llama-3-8B,8,100,upper_extremizer,532,0.5325,1
Llama-3-8B,8,100,upper_extremizer,533,0.5335,1
Llama-3-8B,8,100,upper_extremizer,534,0.5345,1
Llama-3-8B,8,100,upper_extremizer,535,0.5355,1
Llama-3-8B,8,100,upper_extremizer,536,0.5365,1
Llama-3-8B,8,100,upper_extremizer,537,0.5375,1
Llama-3-8B,8,100,upper_extremizer,538,0.5385,1
Llama-3-8B,8,100,upper_extremizer,539,0.5395,1
Llama-3-8B,8,100,upper_extremizer,540,0.5405,1
Llama-3-8B,8,100,upper_extremizer,541,0.5415,1
Llama-3-8B,8,100,upper_extremizer,542,0.5425,1
Llama-3-8B,8,100,upper_extremizer,543,0.5435,1
Llama-3-8B,8,100,upper_extremizer,544,0.5445,1
Llama-3-8B,8,100,upper_extremizer,545,0.5455,1
Llama-3-8B,8,100,upper_extremizer,546,0.5465,1
Llama-3-8B,8,100,upper_extremizer,547,0.5475,1
Llama-3-8B,8,100,upper_extremizer,548,0.5485,1
Llama-3-8B,8,100,upper_extremizer,549,0.5495,1
Llama-3-8B,8,100,upper_extremizer,550,0.5505,1
Llama-3-8B,8,100,upper_extremizer,551,0.5515,1
Llama-3-8B,8,100,upper_extremizer,552,0.5525,1
Llama-3-8B,8,100,upper_extremizer,553,0.5535,1
Llama-3-8B,8,100,upper_extremizer,554,0.5545,1
Llama-3-8B,8,100,upper_extremizer,555,0.5555,1
Llama-3-8B,8,100,upper_extremizer,556,0.5565,1
Llama-3-8B,8,100,upper_extremizer,557,0.5575,1
Llama-3-8B,8,100,upper_extremizer,558,0.5585,1
Llama-3-8B,8,100,upper_extremizer,559,0.5595,1
Llama-3-8B,8,100,upper_extremizer,560,0.5605,1
Llama-3-8B,8,100,upper_extremizer,561,0.5615,1
Llama-3-8B,8,100,upper_extremizer,562,0.5625,1
Llama-3-8B,8,100,upper_extremizer,563,0.5635,1
Llama-3-8B,8,100,upper_extremizer,564,0.5645,1
Llama-3-8B,8,100,upper_extremizer,565,0.5655,1
Llama-3-8B,8,100,upper_extremizer,566,0.5665,1
Llama-3-8B,8,100,upper_extremizer,567,0.5675,1
Llama-3-8B,8,100,upper_extremizer,568,0.5685,1
Llama-3-8B,8,100,upper_extremizer,569,0.5695,1
Llama-3-8B,8,100,upper_extremizer,570,0.5705,1
Llama-3-8B,8,100,upper_extremizer,571,0.5715,1
Llama-3-8B,8,100,upper_extremizer,572,0.5725,1
Llama-3-8B,8,100,upper_extremizer,573,0.5735,1
Llama-3-8B,8,100,upper_extremizer,574,0.5745,1
Llama-3-8B,8,100,upper_extremizer,575,0.5755,1
Llama-3-8B,8,100,upper_extremizer,576,0.5765,1
Llama-3-8B,8,100,upper_extremizer,577,0.5775,1
Llama-3-8B,8,100,upper_extremizer,578,0.5785,1
Llama-3-8B,8,100,upper_extremizer,579,0.5795,1
Llama-3-8B,8,100,upper_extremizer,580,0.5805,1
Llama-3-8B,8,100,upper_extremizer,581,0.5815,1
Llama-3-8B,8,100,upper_extremizer,582,0.5825,1
Llama-3-8B,8,100,upper_extremizer,583,0.5835,1
Llama-3-8B,8,100,upper_extremizer,584,0.5845,1
Llama-3-8B,8,100,upper_extremizer,585,0.5855,1
Llama-3-8B,8,100,upper_extremizer,586,0.5865,1
Llama-3-8B,8,100,upper_extremizer,587,0.5875,1
Llama-3-8B,8,100,upper_extremizer,588,0.5885,1
Llama-3-8B,8,100,upper_extremizer,589,0.5895,1
Llama-3-8B,8,100,upper_extremizer,590,0.5905,1
Llama-3-8B,8,100,upper_extremizer,591,0.5915,0.114512547921
Llama-3-8B,8,100,upper_extremizer,592,0.5925,0
Llama-3-8B,8,100,upper_extremizer,593,0.5935,0
Llama-3-8B,8,100,upper_extremizer,594,0.5945,0
Llama-3-8B,8,100,upper_extremizer,595,0.5955,0
Llama-3-8B,8,100,upper_extremizer,596,0.5965,0
Llama-3-8B,8,100,upper_extremizer,597,0.5975,0
Llama-3-8B,8,100,upper_extremizer,598,0.5985,0
Llama-3-8B,8,100,upper_extremizer,599,0.5995,0
Llama-3-8B,8,100,upper_extremizer,600,0.6005,0
Llama-3-8B,8,100,upper_extremizer,601,0.6015,0
Llama-3-8B,8,100,upper_extremizer,602,0.6025,0
Llama-3-8B,8,100,upper_extremizer,603,0.6035,0
Llama-3-8B,8,100,upper_extremizer,604,0.6045,0
Llama-3-8B,8,100,upper_extremizer,605,0.6055,0
Llama-3-8B,8,100,upper_extremizer,606,0.6065,0
Llama-3-8B,8,100,upper_extremizer,607,0.6075,0
Llama-3-8B,8,100,upper_extremizer,608,0.6085,0
Llama-3-8B,8,100,upper_extremizer,609,0.6095,0
Llama-3-8B,8,100,upper_extremizer,610,0.6105,0
Llama-3-8B,8,100,upper_extremizer,611,0.6115,0
Llama-3-8B,8,100,upper_extremizer,612,0.6125,0
Llama-3-8B,8,100,upper_extremizer,613,0.6135,0
Llama-3-8B,8,100,upper_extremizer,614,0.6145,0
Llama-3-8B,8,100,upper_extremizer,615,0.6155,0
Llama-3-8B,8,100,upper_extremizer,616,0.6165,0
Llama-3-8B,8,100,upper_extremizer,617,0.6175,0
Llama-3-8B,8,100,upper_extremizer,618,0.6185,0
Llama-3-8B,8,100,upper_extremizer,619,0.6195,0
Llama-3-8B,8,100,upper_extremizer,620,0.6205,0
Llama-3-8B,8,100,upper_extremizer,621,0.6215,0
Llama-3-8B,8,100,upper_extremizer,622,0.6225,0
Llama-3-8B,8,100,upper_extremizer,623,0.6235,0
Llama-3-8B,8,100,upper_extremizer,624,0.6245,0
Llama-3-8B,8,100,upper_extremizer,625,0.6255,0
Llama-3-8B,8,100,upper_extremizer,626,0.6265,0
Llama-3-8B,8,100,upper_extremizer,627,0.6275,0
Llama-3-8B,8,100,upper_extremizer,628,0.6285,0
Llama-3-8B,8,100,upper_extremizer,629,0.6295,0
Llama-3-8B,8,100,upper_extremizer,630,0.6305,0
Llama-3-8B,8,100,upper_extremizer,631,0.6315,0
Llama-3-8B,8,100,upper_extremizer,632,0.6325,0
Llama-3-8B,8,100,upper_extremizer,633,0.6335,0
Llama-3-8B,8,100,upper_extremizer,634,0.6345,0
Llama-3-8B,8,100,upper_extremizer,635,0.6355,0
Llama-3-8B,8,100,upper_extremizer,636,0.6365,0
Llama-3-8B,8,100,upper_extremizer,637,0.6375,0
Llama-3-8B,8,100,upper_extremizer,638,0.6385,0
Llama-3-8B,8,100,upper_extremizer,639,0.6395,0
Llama-3-8B,8,100,upper_extremizer,640,0.6405,0
Llama-3-8B,8,100,upper_extremizer,641,0.6415,0
Llama-3-8B,8,100,upper_extremizer,642,0.6425,0
Llama-3-8B,8,100,upper_extremizer,643,0.6435,0
Llama-3-8B,8,100,upper_extremizer,644,0.6445,0
Llama-3-8B,8,100,upper_extremizer,645,0.6455,0
Llama-3-8B,8,100,upper_extremizer,646,0.6465,0
Llama-3-8B,8,100,upper_extremizer,647,0.6475,0
Llama-3-8B,8,100,upper_extremizer,648,0.6485,0
Llama-3-8B,8,100,upper_extremizer,649,0.6495,0
Llama-3-8B,8,100,upper_extremizer,650,0.6505,0
Llama-3-8B,8,100,upper_extremizer,651,0.6515,0
Llama-3-8B,8,100,upper_extremizer,652,0.6525,0
Llama-3-8B,8,100,upper_extremizer,653,0.6535,0
Llama-3-8B,8,100,upper_extremizer,654,0.6545,0
Llama-3-8B,8,100,upper_extremizer,655,0.6555,0
Llama-3-8B,8,100,upper_extremizer,656,0.6565,0
Llama-3-8B,8,100,upper_extremizer,657,0.6575,0
Llama-3-8B,8,100,upper_extremizer,658,0.6585,0
Llama-3-8B,8,100,upper_extremizer,659,0.6595,0
Llama-3-8B,8,100,upper_extremizer,660,0.6605,0
Llama-3-8B,8,100,upper_extremizer,661,0.6615,0
Llama-3-8B,8,100,upper_extremizer,662,0.6625,0
Llama-3-8B,8,100,upper_extremizer,663,0.6635,0
Llama-3-8B,8,100,upper_extremizer,664,0.6645,0
Llama-3-8B,8,100,upper_extremizer,665,0.6655,0
Llama-3-8B,8,100,upper_extremizer,666,0.6665,0
Llama-3-8B,8,100,upper_extremizer,667,0.6675,0
Llama-3-8B,8,100,upper_extremizer,668,0.6685,0
Llama-3-8B,8,100,upper_extremizer,669,0.6695,0
Llama-3-8B,8,100,upper_extremizer,670,0.6705,0
Llama-3-8B,8,100,upper_extremizer,671,0.6715,0
Llama-3-8B,8,100,upper_extremizer,672,0.6725,0
Llama-3-8B,8,100,upper_extremizer,673,0.6735,0
Llama-3-8B,8,100,upper_extremizer,674,0.6745,0
Llama-3-8B,8,100,upper_extremizer,675,0.6755,0
Llama-3-8B,8,100,upper_extremizer,676,0.6765,0
Llama-3-8B,8,100,upper_extremizer,677,0.6775,0
Llama-3-8B,8,100,upper_extremizer,678,0.6785,0
Llama-3-8B,8,100,upper_extremizer,679,0.6795,0
Llama-3-8B,8,100,upper_extremizer,680,0.6805,0
Llama-3-8B,8,100,upper_extremizer,681,0.6815,0
Llama-3-8B,8,100,upper_extremizer,682,0.6825,0
Llama-3-8B,8,100,upper_extremizer,683,0.6835,0
Llama-3-8B,8,100,upper_extremizer,684,0.6845,0
Llama-3-8B,8,100,upper_extremizer,685,0.6855,0
Llama-3-8B,8,100,upper_extremizer,686,0.6865,0
Llama-3-8B,8,100,upper_extremizer,687,0.6875,0
Llama-3-8B,8,100,upper_extremizer,688,0.6885,0
Llama-3-8B,8,100,upper_extremizer,689,0.6895,0
Llama-3-8B,8,100,upper_extremizer,690,0.6905,0
Llama-3-8B,8,100,upper_extremizer,691,0.6915,0
Llama-3-8B,8,100,upper_extremizer,692,0.6925,0
Llama-3-8B,8,100,upper_extremizer,693,0.6935,0
Llama-3-8B,8,100,upper_extremizer,694,0.6945,0
Llama-3-8B,8,100,upper_extremizer,695,0.6955,0
Llama-3-8B,8,100,upper_extremizer,696,0.6965,0
Llama-3-8B,8,100,upper_extremizer,697,0.6975,0
Llama-3-8B,8,100,upper_extremizer,698,0.6985,0
Llama-3-8B,8,100,upper_extremizer,699,0.6995,0
Llama-3-8B,8,100,upper_extremizer,700,0.7005,0
Llama-3-8B,8,100,upper_extremizer,701,0.7015,0
Llama-3-8B,8,100,upper_extremizer,702,0.7025,0
Llama-3-8B,8,100,upper_extremizer,703,0.7035,0
Llama-3-8B,8,100,upper_extremizer,704,0.7045,0
Llama-3-8B,8,100,upper_extremizer,705,0.7055,0
Llama-3-8B,8,100,upper_extremizer,706,0.7065,0
Llama-3-8B,8,100,upper_extremizer,707,0.7075,0
Llama-3-8B,8,100,upper_extremizer,708,0.7085,0
Llama-3-8B,8,100,upper_extremizer,709,0.7095,0
Llama-3-8B,8,100,upper_extremizer,710,0.7105,0
Llama-3-8B,8,100,upper_extremizer,711,0.7115,0
Llama-3-8B,8,100,upper_extremizer,712,0.7125,0
Llama-3-8B,8,100,upper_extremizer,713,0.7135,0
Llama-3-8B,8,100,upper_extremizer,714,0.7145,0
Llama-3-8B,8,100,upper_extremizer,715,0.7155,0
Llama-3-8B,8,100,upper_extremizer,716,0.7165,0
Llama-3-8B,8,100,upper_extremizer,717,0.7175,0
Llama-3-8B,8,100,upper_extremizer,718,0.7185,0.470266093914
Llama-3-8B,8,100,upper_extremizer,719,0.7195,1
Llama-3-8B,8,100,upper_extremizer,720,0.7205,1
Llama-3-8B,8,100,upper_extremizer,721,0.7215,1
Llama-3-8B,8,100,upper_extremizer,722,0.7225,1
Llama-3-8B,8,100,upper_extremizer,723,0.7235,1
Llama-3-8B,8,100,upper_extremizer,724,0.7245,1
Llama-3-8B,8,100,upper_extremizer,725,0.7255,1
Llama-3-8B,8,100,upper_extremizer,726,0.7265,1
Llama-3-8B,8,100,upper_extremizer,727,0.7275,1
Llama-3-8B,8,100,upper_extremizer,728,0.7285,1
Llama-3-8B,8,100,upper_extremizer,729,0.7295,1
Llama-3-8B,8,100,upper_extremizer,730,0.7305,1
Llama-3-8B,8,100,upper_extremizer,731,0.7315,1
Llama-3-8B,8,100,upper_extremizer,732,0.7325,1
Llama-3-8B,8,100,upper_extremizer,733,0.7335,1
Llama-3-8B,8,100,upper_extremizer,734,0.7345,1
Llama-3-8B,8,100,upper_extremizer,735,0.7355,1
Llama-3-8B,8,100,upper_extremizer,736,0.7365,1
Llama-3-8B,8,100,upper_extremizer,737,0.7375,1
Llama-3-8B,8,100,upper_extremizer,738,0.7385,1
Llama-3-8B,8,100,upper_extremizer,739,0.7395,1
Llama-3-8B,8,100,upper_extremizer,740,0.7405,1
Llama-3-8B,8,100,upper_extremizer,741,0.7415,1
Llama-3-8B,8,100,upper_extremizer,742,0.7425,1
Llama-3-8B,8,100,upper_extremizer,743,0.7435,1
Llama-3-8B,8,100,upper_extremizer,744,0.7445,1
Llama-3-8B,8,100,upper_extremizer,745,0.7455,1
Llama-3-8B,8,100,upper_extremizer,746,0.7465,1
Llama-3-8B,8,100,upper_extremizer,747,0.7475,1
Llama-3-8B,8,100,upper_extremizer,748,0.7485,1
Llama-3-8B,8,100,upper_extremizer,749,0.7495,1
Llama-3-8B,8,100,upper_extremizer,750,0.7505,1
Llama-3-8B,8,100,upper_extremizer,751,0.7515,1
Llama-3-8B,8,100,upper_extremizer,752,0.7525,1
Llama-3-8B,8,100,upper_extremizer,753,0.7535,1
Llama-3-8B,8,100,upper_extremizer,754,0.7545,1
Llama-3-8B,8,100,upper_extremizer,755,0.7555,1
Llama-3-8B,8,100,upper_extremizer,756,0.7565,1
Llama-3-8B,8,100,upper_extremizer,757,0.7575,1
Llama-3-8B,8,100,upper_extremizer,758,0.7585,1
Llama-3-8B,8,100,upper_extremizer,759,0.7595,1
Llama-3-8B,8,100,upper_extremizer,760,0.7605,1
Llama-3-8B,8,100,upper_extremizer,761,0.7615,1
Llama-3-8B,8,100,upper_extremizer,762,0.7625,1
Llama-3-8B,8,100,upper_extremizer,763,0.7635,1
Llama-3-8B,8,100,upper_extremizer,764,0.7645,1
Llama-3-8B,8,100,upper_extremizer,765,0.7655,1
Llama-3-8B,8,100,upper_extremizer,766,0.7665,1
Llama-3-8B,8,100,upper_extremizer,767,0.7675,1
Llama-3-8B,8,100,upper_extremizer,768,0.7685,1
Llama-3-8B,8,100,upper_extremizer,769,0.7695,1
Llama-3-8B,8,100,upper_extremizer,770,0.7705,1
Llama-3-8B,8,100,upper_extremizer,771,0.7715,1
Llama-3-8B,8,100,upper_extremizer,772,0.7725,1
Llama-3-8B,8,100,upper_extremizer,773,0.7735,1
Llama-3-8B,8,100,upper_extremizer,774,0.7745,1
Llama-3-8B,8,100,upper_extremizer,775,0.7755,1
Llama-3-8B,8,100,upper_extremizer,776,0.7765,1
Llama-3-8B,8,100,upper_extremizer,777,0.7775,1
Llama-3-8B,8,100,upper_extremizer,778,0.7785,1
Llama-3-8B,8,100,upper_extremizer,779,0.7795,1
Llama-3-8B,8,100,upper_extremizer,780,0.7805,1
Llama-3-8B,8,100,upper_extremizer,781,0.7815,1
Llama-3-8B,8,100,upper_extremizer,782,0.7825,1
Llama-3-8B,8,100,upper_extremizer,783,0.7835,1
Llama-3-8B,8,100,upper_extremizer,784,0.7845,1
Llama-3-8B,8,100,upper_extremizer,785,0.7855,1
Llama-3-8B,8,100,upper_extremizer,786,0.7865,1
Llama-3-8B,8,100,upper_extremizer,787,0.7875,1
Llama-3-8B,8,100,upper_extremizer,788,0.7885,1
Llama-3-8B,8,100,upper_extremizer,789,0.7895,1
Llama-3-8B,8,100,upper_extremizer,790,0.7905,1
Llama-3-8B,8,100,upper_extremizer,791,0.7915,1
Llama-3-8B,8,100,upper_extremizer,792,0.7925,1
Llama-3-8B,8,100,upper_extremizer,793,0.7935,1
Llama-3-8B,8,100,upper_extremizer,794,0.7945,1
Llama-3-8B,8,100,upper_extremizer,795,0.7955,1
Llama-3-8B,8,100,upper_extremizer,796,0.7965,1
Llama-3-8B,8,100,upper_extremizer,797,0.7975,1
Llama-3-8B,8,100,upper_extremizer,798,0.7985,1
Llama-3-8B,8,100,upper_extremizer,799,0.7995,1
Llama-3-8B,8,100,upper_extremizer,800,0.8005,1
Llama-3-8B,8,100,upper_extremizer,801,0.8015,1
Llama-3-8B,8,100,upper_extremizer,802,0.8025,1
Llama-3-8B,8,100,upper_extremizer,803,0.8035,1
Llama-3-8B,8,100,upper_extremizer,804,0.8045,1
Llama-3-8B,8,100,upper_extremizer,805,0.8055,1
Llama-3-8B,8,100,upper_extremizer,806,0.8065,1
Llama-3-8B,8,100,upper_extremizer,807,0.8075,1
Llama-3-8B,8,100,upper_extremizer,808,0.8085,1
Llama-3-8B,8,100,upper_extremizer,809,0.8095,1
Llama-3-8B,8,100,upper_extremizer,810,0.8105,1
Llama-3-8B,8,100,upper_extremizer,811,0.8115,1
Llama-3-8B,8,100,upper_extremizer,812,0.8125,1
Llama-3-8B,8,100,upper_extremizer,813,0.8135,1
Llama-3-8B,8,100,upper_extremizer,814,0.8145,1
Llama-3-8B,8,100,upper_extremizer,815,0.8155,1
Llama-3-8B,8,100,upper_extremizer,816,0.8165,1
Llama-3-8B,8,100,upper_extremizer,817,0.8175,1
Llama-3-8B,8,100,upper_extremizer,818,0.8185,1
Llama-3-8B,8,100,upper_extremizer,819,0.8195,1
Llama-3-8B,8,100,upper_extremizer,820,0.8205,1
Llama-3-8B,8,100,upper_extremizer,821,0.8215,1
Llama-3-8B,8,100,upper_extremizer,822,0.8225,1
Llama-3-8B,8,100,upper_extremizer,823,0.8235,1
Llama-3-8B,8,100,upper_extremizer,824,0.8245,1
Llama-3-8B,8,100,upper_extremizer,825,0.8255,1
Llama-3-8B,8,100,upper_extremizer,826,0.8265,1
Llama-3-8B,8,100,upper_extremizer,827,0.8275,1
Llama-3-8B,8,100,upper_extremizer,828,0.8285,1
Llama-3-8B,8,100,upper_extremizer,829,0.8295,1
Llama-3-8B,8,100,upper_extremizer,830,0.8305,1
Llama-3-8B,8,100,upper_extremizer,831,0.8315,1
Llama-3-8B,8,100,upper_extremizer,832,0.8325,1
Llama-3-8B,8,100,upper_extremizer,833,0.8335,1
Llama-3-8B,8,100,upper_extremizer,834,0.8345,1
Llama-3-8B,8,100,upper_extremizer,835,0.8355,1
Llama-3-8B,8,100,upper_extremizer,836,0.8365,1
Llama-3-8B,8,100,upper_extremizer,837,0.8375,1
Llama-3-8B,8,100,upper_extremizer,838,0.8385,1
Llama-3-8B,8,100,upper_extremizer,839,0.8395,1
Llama-3-8B,8,100,upper_extremizer,840,0.8405,1
Llama-3-8B,8,100,upper_extremizer,841,0.8415,1
Llama-3-8B,8,100,upper_extremizer,842,0.8425,1
Llama-3-8B,8,100,upper_extremizer,843,0.8435,1
Llama-3-8B,8,100,upper_extremizer,844,0.8445,1
Llama-3-8B,8,100,upper_extremizer,845,0.8455,1
Llama-3-8B,8,100,upper_extremizer,846,0.8465,1
Llama-3-8B,8,100,upper_extremizer,847,0.8475,1
Llama-3-8B,8,100,upper_extremizer,848,0.8485,1
Llama-3-8B,8,100,upper_extremizer,849,0.8495,1
Llama-3-8B,8,100,upper_extremizer,850,0.8505,1
Llama-3-8B,8,100,upper_extremizer,851,0.8515,1
Llama-3-8B,8,100,upper_extremizer,852,0.8525,1
Llama-3-8B,8,100,upper_extremizer,853,0.8535,1
Llama-3-8B,8,100,upper_extremizer,854,0.8545,1
Llama-3-8B,8,100,upper_extremizer,855,0.8555,1
Llama-3-8B,8,100,upper_extremizer,856,0.8565,1
Llama-3-8B,8,100,upper_extremizer,857,0.8575,1
Llama-3-8B,8,100,upper_extremizer,858,0.8585,1
Llama-3-8B,8,100,upper_extremizer,859,0.8595,1
Llama-3-8B,8,100,upper_extremizer,860,0.8605,1
Llama-3-8B,8,100,upper_extremizer,861,0.8615,1
Llama-3-8B,8,100,upper_extremizer,862,0.8625,1
Llama-3-8B,8,100,upper_extremizer,863,0.8635,1
Llama-3-8B,8,100,upper_extremizer,864,0.8645,1
Llama-3-8B,8,100,upper_extremizer,865,0.8655,1
Llama-3-8B,8,100,upper_extremizer,866,0.8665,1
Llama-3-8B,8,100,upper_extremizer,867,0.8675,1
Llama-3-8B,8,100,upper_extremizer,868,0.8685,1
Llama-3-8B,8,100,upper_extremizer,869,0.8695,1
Llama-3-8B,8,100,upper_extremizer,870,0.8705,1
Llama-3-8B,8,100,upper_extremizer,871,0.8715,1
Llama-3-8B,8,100,upper_extremizer,872,0.8725,1
Llama-3-8B,8,100,upper_extremizer,873,0.8735,1
Llama-3-8B,8,100,upper_extremizer,874,0.8745,1
Llama-3-8B,8,100,upper_extremizer,875,0.8755,1
Llama-3-8B,8,100,upper_extremizer,876,0.8765,1
Llama-3-8B,8,100,upper_extremizer,877,0.8775,1
Llama-3-8B,8,100,upper_extremizer,878,0.8785,1
Llama-3-8B,8,100,upper_extremizer,879,0.8795,1
Llama-3-8B,8,100,upper_extremizer,880,0.8805,1
Llama-3-8B,8,100,upper_extremizer,881,0.8815,1
Llama-3-8B,8,100,upper_extremizer,882,0.8825,1
Llama-3-8B,8,100,upper_extremizer,883,0.8835,1
Llama-3-8B,8,100,upper_extremizer,884,0.8845,1
Llama-3-8B,8,100,upper_extremizer,885,0.8855,1
Llama-3-8B,8,100,upper_extremizer,886,0.8865,1
Llama-3-8B,8,100,upper_extremizer,887,0.8875,1
Llama-3-8B,8,100,upper_extremizer,888,0.8885,1
Llama-3-8B,8,100,upper_extremizer,889,0.8895,1
Llama-3-8B,8,100,upper_extremizer,890,0.8905,1
Llama-3-8B,8,100,upper_extremizer,891,0.8915,1
Llama-3-8B,8,100,upper_extremizer,892,0.8925,1
Llama-3-8B,8,100,upper_extremizer,893,0.8935,1
Llama-3-8B,8,100,upper_extremizer,894,0.8945,1
Llama-3-8B,8,100,upper_extremizer,895,0.8955,1
Llama-3-8B,8,100,upper_extremizer,896,0.8965,1
Llama-3-8B,8,100,upper_extremizer,897,0.8975,1
Llama-3-8B,8,100,upper_extremizer,898,0.8985,0.590631570947
Llama-3-8B,8,100,upper_extremizer,899,0.8995,0
Llama-3-8B,8,100,upper_extremizer,900,0.9005,0
Llama-3-8B,8,100,upper_extremizer,901,0.9015,0
Llama-3-8B,8,100,upper_extremizer,902,0.9025,0
Llama-3-8B,8,100,upper_extremizer,903,0.9035,0
Llama-3-8B,8,100,upper_extremizer,904,0.9045,0
Llama-3-8B,8,100,upper_extremizer,905,0.9055,0
Llama-3-8B,8,100,upper_extremizer,906,0.9065,0
Llama-3-8B,8,100,upper_extremizer,907,0.9075,0
Llama-3-8B,8,100,upper_extremizer,908,0.9085,0
Llama-3-8B,8,100,upper_extremizer,909,0.9095,0
Llama-3-8B,8,100,upper_extremizer,910,0.9105,0
Llama-3-8B,8,100,upper_extremizer,911,0.9115,0
Llama-3-8B,8,100,upper_extremizer,912,0.9125,0
Llama-3-8B,8,100,upper_extremizer,913,0.9135,0
Llama-3-8B,8,100,upper_extremizer,914,0.9145,0
Llama-3-8B,8,100,upper_extremizer,915,0.9155,0
Llama-3-8B,8,100,upper_extremizer,916,0.9165,0
Llama-3-8B,8,100,upper_extremizer,917,0.9175,0
Llama-3-8B,8,100,upper_extremizer,918,0.9185,0
Llama-3-8B,8,100,upper_extremizer,919,0.9195,0
Llama-3-8B,8,100,upper_extremizer,920,0.9205,0
Llama-3-8B,8,100,upper_extremizer,921,0.9215,0
Llama-3-8B,8,100,upper_extremizer,922,0.9225,0
Llama-3-8B,8,100,upper_extremizer,923,0.9235,0
Llama-3-8B,8,100,upper_extremizer,924,0.9245,0
Llama-3-8B,8,100,upper_extremizer,925,0.9255,0
Llama-3-8B,8,100,upper_extremizer,926,0.9265,0
Llama-3-8B,8,100,upper_extremizer,927,0.9275,0
Llama-3-8B,8,100,upper_extremizer,928,0.9285,0
Llama-3-8B,8,100,upper_extremizer,929,0.9295,0
Llama-3-8B,8,100,upper_extremizer,930,0.9305,0
Llama-3-8B,8,100,upper_extremizer,931,0.9315,0
Llama-3-8B,8,100,upper_extremizer,932,0.9325,0
Llama-3-8B,8,100,upper_extremizer,933,0.9335,0
Llama-3-8B,8,100,upper_extremizer,934,0.9345,0
Llama-3-8B,8,100,upper_extremizer,935,0.9355,0
Llama-3-8B,8,100,upper_extremizer,936,0.9365,0
Llama-3-8B,8,100,upper_extremizer,937,0.9375,0
Llama-3-8B,8,100,upper_extremizer,938,0.9385,0
Llama-3-8B,8,100,upper_extremizer,939,0.9395,0
Llama-3-8B,8,100,upper_extremizer,940,0.9405,0
Llama-3-8B,8,100,upper_extremizer,941,0.9415,0
Llama-3-8B,8,100,upper_extremizer,942,0.9425,0
Llama-3-8B,8,100,upper_extremizer,943,0.9435,0
Llama-3-8B,8,100,upper_extremizer,944,0.9445,0
Llama-3-8B,8,100,upper_extremizer,945,0.9455,0
Llama-3-8B,8,100,upper_extremizer,946,0.9465,0
Llama-3-8B,8,100,upper_extremizer,947,0.9475,0
Llama-3-8B,8,100,upper_extremizer,948,0.9485,0
Llama-3-8B,8,100,upper_extremizer,949,0.9495,0
Llama-3-8B,8,100,upper_extremizer,950,0.9505,0
Llama-3-8B,8,100,upper_extremizer,951,0.9515,0
Llama-3-8B,8,100,upper_extremizer,952,0.9525,0.0259731421784
Llama-3-8B,8,100,upper_extremizer,953,0.9535,1
Llama-3-8B,8,100,upper_extremizer,954,0.9545,1
Llama-3-8B,8,100,upper_extremizer,955,0.9555,1
Llama-3-8B,8,100,upper_extremizer,956,0.9565,1
Llama-3-8B,8,100,upper_extremizer,957,0.9575,1
Llama-3-8B,8,100,upper_extremizer,958,0.9585,1
Llama-3-8B,8,100,upper_extremizer,959,0.9595,1
Llama-3-8B,8,100,upper_extremizer,960,0.9605,1
Llama-3-8B,8,100,upper_extremizer,961,0.9615,1
Llama-3-8B,8,100,upper_extremizer,962,0.9625,1
Llama-3-8B,8,100,upper_extremizer,963,0.9635,1
Llama-3-8B,8,100,upper_extremizer,964,0.9645,1
Llama-3-8B,8,100,upper_extremizer,965,0.9655,1
Llama-3-8B,8,100,upper_extremizer,966,0.9665,1
Llama-3-8B,8,100,upper_extremizer,967,0.9675,1
Llama-3-8B,8,100,upper_extremizer,968,0.9685,1
Llama-3-8B,8,100,upper_extremizer,969,0.9695,1
Llama-3-8B,8,100,upper_extremizer,970,0.9705,1
Llama-3-8B,8,100,upper_extremizer,971,0.9715,1
Llama-3-8B,8,100,upper_extremizer,972,0.9725,1
Llama-3-8B,8,100,upper_extremizer,973,0.9735,1
Llama-3-8B,8,100,upper_extremizer,974,0.9745,1
Llama-3-8B,8,100,upper_extremizer,975,0.9755,1
Llama-3-8B,8,100,upper_extremizer,976,0.9765,1
Llama-3-8B,8,100,upper_extremizer,977,0.9775,1
Llama-3-8B,8,100,upper_extremizer,978,0.9785,1
Llama-3-8B,8,100,upper_extremizer,979,0.9795,1
Llama-3-8B,8,100,upper_extremizer,980,0.9805,1
Llama-3-8B,8,100,upper_extremizer,981,0.9815,1
Llama-3-8B,8,100,upper_extremizer,982,0.9825,1
Llama-3-8B,8,100,upper_extremizer,983,0.9835,1
Llama-3-8B,8,100,upper_extremizer,984,0.9845,1
Llama-3-8B,8,100,upper_extremizer,985,0.9855,1
Llama-3-8B,8,100,upper_extremizer,986,0.9865,1
Llama-3-8B,8,100,upper_extremizer,987,0.9875,1
Llama-3-8B,8,100,upper_extremizer,988,0.9885,1
Llama-3-8B,8,100,upper_extremizer,989,0.9895,1
Llama-3-8B,8,100,upper_extremizer,990,0.9905,1
Llama-3-8B,8,100,upper_extremizer,991,0.9915,1
Llama-3-8B,8,100,upper_extremizer,992,0.9925,1
Llama-3-8B,8,100,upper_extremizer,993,0.9935,1
Llama-3-8B,8,100,upper_extremizer,994,0.9945,1
Llama-3-8B,8,100,upper_extremizer,995,0.9955,1
Llama-3-8B,8,100,upper_extremizer,996,0.9965,1
Llama-3-8B,8,100,upper_extremizer,997,0.9975,1
Llama-3-8B,8,100,upper_extremizer,998,0.9985,1
Llama-3-8B,8,100,upper_extremizer,999,0.9995,1
Llama-3-70B,8,100,empirical_plugin,0,0.0005,0.598244513894
Llama-3-70B,8,100,empirical_plugin,1,0.0015,0.598244513894
Llama-3-70B,8,100,empirical_plugin,2,0.0025,0.598244513894
Llama-3-70B,8,100,empirical_plugin,3,0.0035,0.598244513894
Llama-3-70B,8,100,empirical_plugin,4,0.0045,0.598244513894
Llama-3-70B,8,100,empirical_plugin,5,0.0055,0.598244513894
Llama-3-70B,8,100,empirical_plugin,6,0.0065,0.598244513894
Llama-3-70B,8,100,empirical_plugin,7,0.0075,0.598244513894
Llama-3-70B,8,100,empirical_plugin,8,0.0085,0.598244513894
Llama-3-70B,8,100,empirical_plugin,9,0.0095,0.598244513894
Llama-3-70B,8,100,empirical_plugin,10,0.0105,0.61653719682
Llama-3-70B,8,100,empirical_plugin,11,0.0115,0.61653719682
Llama-3-70B,8,100,empirical_plugin,12,0.0125,0.61653719682
Llama-3-70B,8,100,empirical_plugin,13,0.0135,0.61653719682
Llama-3-70B,8,100,empirical_plugin,14,0.0145,0.61653719682
Llama-3-70B,8,100,empirical_plugin,15,0.0155,0.61653719682
Llama-3-70B,8,100,empirical_plugin,16,0.0165,0.61653719682
Llama-3-70B,8,100,empirical_plugin,17,0.0175,0.61653719682
Llama-3-70B,8,100,empirical_plugin,18,0.0185,0.61653719682
Llama-3-70B,8,100,empirical_plugin,19,0.0195,0.61653719682
Llama-3-70B,8,100,empirical_plugin,20,0.0205,0.622634757796
Llama-3-70B,8,100,empirical_plugin,21,0.0215,0.622634757796
Llama-3-70B,8,100,empirical_plugin,22,0.0225,0.622634757796
Llama-3-70B,8,100,empirical_plugin,23,0.0235,0.622634757796
Llama-3-70B,8,100,empirical_plugin,24,0.0245,0.622634757796
Llama-3-70B,8,100,empirical_plugin,25,0.0255,0.622634757796
Llama-3-70B,8,100,empirical_plugin,26,0.0265,0.622634757796
Llama-3-70B,8,100,empirical_plugin,27,0.0275,0.622634757796
Llama-3-70B,8,100,empirical_plugin,28,0.0285,0.622634757796
Llama-3-70B,8,100,empirical_plugin,29,0.0295,0.622634757796
Llama-3-70B,8,100,empirical_plugin,30,0.0305,0.622634757796
Llama-3-70B,8,100,empirical_plugin,31,0.0315,0.622634757796
Llama-3-70B,8,100,empirical_plugin,32,0.0325,0.622634757796
Llama-3-70B,8,100,empirical_plugin,33,0.0335,0.622634757796
Llama-3-70B,8,100,empirical_plugin,34,0.0345,0.622634757796
Llama-3-70B,8,100,empirical_plugin,35,0.0355,0.622634757796
Llama-3-70B,8,100,empirical_plugin,36,0.0365,0.622634757796
Llama-3-70B,8,100,empirical_plugin,37,0.0375,0.622634757796
Llama-3-70B,8,100,empirical_plugin,38,0.0385,0.622634757796
Llama-3-70B,8,100,empirical_plugin,39,0.0395,0.622634757796
Llama-3-70B,8,100,empirical_plugin,40,0.0405,0.634829879747
Llama-3-70B,8,100,empirical_plugin,41,0.0415,0.634829879747
Llama-3-70B,8,100,empirical_plugin,42,0.0425,0.634829879747
Llama-3-70B,8,100,empirical_plugin,43,0.0435,0.634829879747
Llama-3-70B,8,100,empirical_plugin,44,0.0445,0.634829879747
Llama-3-70B,8,100,empirical_plugin,45,0.0455,0.634829879747
Llama-3-70B,8,100,empirical_plugin,46,0.0465,0.634829879747
Llama-3-70B,8,100,empirical_plugin,47,0.0475,0.634829879747
Llama-3-70B,8,100,empirical_plugin,48,0.0485,0.634829879747
Llama-3-70B,8,100,empirical_plugin,49,0.0495,0.634829879747
Llama-3-70B,8,100,empirical_plugin,50,0.0505,0.653122562674
Llama-3-70B,8,100,empirical_plugin,51,0.0515,0.653122562674
Llama-3-70B,8,100,empirical_plugin,52,0.0525,0.653122562674
Llama-3-70B,8,100,empirical_plugin,53,0.0535,0.653122562674
Llama-3-70B,8,100,empirical_plugin,54,0.0545,0.653122562674
Llama-3-70B,8,100,empirical_plugin,55,0.0555,0.653122562674
Llama-3-70B,8,100,empirical_plugin,56,0.0565,0.653122562674
Llama-3-70B,8,100,empirical_plugin,57,0.0575,0.653122562674
Llama-3-70B,8,100,empirical_plugin,58,0.0585,0.653122562674
Llama-3-70B,8,100,empirical_plugin,59,0.0595,0.653122562674
Llama-3-70B,8,100,empirical_plugin,60,0.0605,0.653122562674
Llama-3-70B,8,100,empirical_plugin,61,0.0615,0.653122562674
Llama-3-70B,8,100,empirical_plugin,62,0.0625,0.653122562674
Llama-3-70B,8,100,empirical_plugin,63,0.0635,0.653122562674
Llama-3-70B,8,100,empirical_plugin,64,0.0645,0.653122562674
Llama-3-70B,8,100,empirical_plugin,65,0.0655,0.653122562674
Llama-3-70B,8,100,empirical_plugin,66,0.0665,0.653122562674
Llama-3-70B,8,100,empirical_plugin,67,0.0675,0.653122562674
Llama-3-70B,8,100,empirical_plugin,68,0.0685,0.653122562674
Llama-3-70B,8,100,empirical_plugin,69,0.0695,0.653122562674
Llama-3-70B,8,100,empirical_plugin,70,0.0705,0.653122562674
Llama-3-70B,8,100,empirical_plugin,71,0.0715,0.653122562674
Llama-3-70B,8,100,empirical_plugin,72,0.0725,0.653122562674
Llama-3-70B,8,100,empirical_plugin,73,0.0735,0.653122562674
Llama-3-70B,8,100,empirical_plugin,74,0.0745,0.653122562674
Llama-3-70B,8,100,empirical_plugin,75,0.0755,0.653122562674
Llama-3-70B,8,100,empirical_plugin,76,0.0765,0.653122562674
Llama-3-70B,8,100,empirical_plugin,77,0.0775,0.653122562674
Llama-3-70B,8,100,empirical_plugin,78,0.0785,0.653122562674
Llama-3-70B,8,100,empirical_plugin,79,0.0795,0.653122562674
Llama-3-70B,8,100,empirical_plugin,80,0.0805,0.665317684625
Llama-3-70B,8,100,empirical_plugin,81,0.0815,0.665317684625
Llama-3-70B,8,100,empirical_plugin,82,0.0825,0.665317684625
Llama-3-70B,8,100,empirical_plugin,83,0.0835,0.665317684625
Llama-3-70B,8,100,empirical_plugin,84,0.0845,0.665317684625
Llama-3-70B,8,100,empirical_plugin,85,0.0855,0.665317684625
Llama-3-70B,8,100,empirical_plugin,86,0.0865,0.665317684625
Llama-3-70B,8,100,empirical_plugin,87,0.0875,0.665317684625
Llama-3-70B,8,100,empirical_plugin,88,0.0885,0.665317684625
Llama-3-70B,8,100,empirical_plugin,89,0.0895,0.665317684625
Llama-3-70B,8,100,empirical_plugin,90,0.0905,0.665317684625
Llama-3-70B,8,100,empirical_plugin,91,0.0915,0.665317684625
Llama-3-70B,8,100,empirical_plugin,92,0.0925,0.665317684625
Llama-3-70B,8,100,empirical_plugin,93,0.0935,0.665317684625
Llama-3-70B,8,100,empirical_plugin,94,0.0945,0.665317684625
Llama-3-70B,8,100,empirical_plugin,95,0.0955,0.665317684625
Llama-3-70B,8,100,empirical_plugin,96,0.0965,0.665317684625
Llama-3-70B,8,100,empirical_plugin,97,0.0975,0.665317684625
Llama-3-70B,8,100,empirical_plugin,98,0.0985,0.665317684625
Llama-3-70B,8,100,empirical_plugin,99,0.0995,0.665317684625
Llama-3-70B,8,100,empirical_plugin,100,0.1005,0.671415245601
Llama-3-70B,8,100,empirical_plugin,101,0.1015,0.671415245601
Llama-3-70B,8,100,empirical_plugin,102,0.1025,0.671415245601
Llama-3-70B,8,100,empirical_plugin,103,0.1035,0.671415245601
Llama-3-70B,8,100,empirical_plugin,104,0.1045,0.671415245601
Llama-3-70B,8,100,empirical_plugin,105,0.1055,0.671415245601
Llama-3-70B,8,100,empirical_plugin,106,0.1065,0.671415245601
Llama-3-70B,8,100,empirical_plugin,107,0.1075,0.671415245601
Llama-3-70B,8,100,empirical_plugin,108,0.1085,0.671415245601
Llama-3-70B,8,100,empirical_plugin,109,0.1095,0.671415245601
Llama-3-70B,8,100,empirical_plugin,110,0.1105,0.677512806577
Llama-3-70B,8,100,empirical_plugin,111,0.1115,0.677512806577
Llama-3-70B,8,100,empirical_plugin,112,0.1125,0.677512806577
Llama-3-70B,8,100,empirical_plugin,113,0.1135,0.677512806577
Llama-3-70B,8,100,empirical_plugin,114,0.1145,0.677512806577
Llama-3-70B,8,100,empirical_plugin,115,0.1155,0.677512806577
Llama-3-70B,8,100,empirical_plugin,116,0.1165,0.677512806577
Llama-3-70B,8,100,empirical_plugin,117,0.1175,0.677512806577
Llama-3-70B,8,100,empirical_plugin,118,0.1185,0.677512806577
Llama-3-70B,8,100,empirical_plugin,119,0.1195,0.677512806577
Llama-3-70B,8,100,empirical_plugin,120,0.1205,0.689707928528
Llama-3-70B,8,100,empirical_plugin,121,0.1215,0.689707928528
Llama-3-70B,8,100,empirical_plugin,122,0.1225,0.689707928528
Llama-3-70B,8,100,empirical_plugin,123,0.1235,0.689707928528
Llama-3-70B,8,100,empirical_plugin,124,0.1245,0.689707928528
Llama-3-70B,8,100,empirical_plugin,125,0.1255,0.689707928528
Llama-3-70B,8,100,empirical_plugin,126,0.1265,0.689707928528
Llama-3-70B,8,100,empirical_plugin,127,0.1275,0.689707928528
Llama-3-70B,8,100,empirical_plugin,128,0.1285,0.689707928528
Llama-3-70B,8,100,empirical_plugin,129,0.1295,0.689707928528
Llama-3-70B,8,100,empirical_plugin,130,0.1305,0.689707928528
Llama-3-70B,8,100,empirical_plugin,131,0.1315,0.689707928528
Llama-3-70B,8,100,empirical_plugin,132,0.1325,0.689707928528
Llama-3-70B,8,100,empirical_plugin,133,0.1335,0.689707928528
Llama-3-70B,8,100,empirical_plugin,134,0.1345,0.689707928528
Llama-3-70B,8,100,empirical_plugin,135,0.1355,0.689707928528
Llama-3-70B,8,100,empirical_plugin,136,0.1365,0.689707928528
Llama-3-70B,8,100,empirical_plugin,137,0.1375,0.689707928528
Llama-3-70B,8,100,empirical_plugin,138,0.1385,0.689707928528
Llama-3-70B,8,100,empirical_plugin,139,0.1395,0.689707928528
Llama-3-70B,8,100,empirical_plugin,140,0.1405,0.695805489503
Llama-3-70B,8,100,empirical_plugin,141,0.1415,0.695805489503
Llama-3-70B,8,100,empirical_plugin,142,0.1425,0.695805489503
Llama-3-70B,8,100,empirical_plugin,143,0.1435,0.695805489503
Llama-3-70B,8,100,empirical_plugin,144,0.1445,0.695805489503
Llama-3-70B,8,100,empirical_plugin,145,0.1455,0.695805489503
Llama-3-70B,8,100,empirical_plugin,146,0.1465,0.695805489503
Llama-3-70B,8,100,empirical_plugin,147,0.1475,0.695805489503
Llama-3-70B,8,100,empirical_plugin,148,0.1485,0.695805489503
Llama-3-70B,8,100,empirical_plugin,149,0.1495,0.695805489503
Llama-3-70B,8,100,empirical_plugin,150,0.1505,0.695805489503
Llama-3-70B,8,100,empirical_plugin,151,0.1515,0.695805489503
Llama-3-70B,8,100,empirical_plugin,152,0.1525,0.695805489503
Llama-3-70B,8,100,empirical_plugin,153,0.1535,0.695805489503
Llama-3-70B,8,100,empirical_plugin,154,0.1545,0.695805489503
Llama-3-70B,8,100,empirical_plugin,155,0.1555,0.695805489503
Llama-3-70B,8,100,empirical_plugin,156,0.1565,0.695805489503
Llama-3-70B,8,100,empirical_plugin,157,0.1575,0.695805489503
Llama-3-70B,8,100,empirical_plugin,158,0.1585,0.695805489503
Llama-3-70B,8,100,empirical_plugin,159,0.1595,0.695805489503
Llama-3-70B,8,100,empirical_plugin,160,0.1605,0.695805489503
Llama-3-70B,8,100,empirical_plugin,161,0.1615,0.695805489503
Llama-3-70B,8,100,empirical_plugin,162,0.1625,0.695805489503
Llama-3-70B,8,100,empirical_plugin,163,0.1635,0.695805489503
Llama-3-70B,8,100,empirical_plugin,164,0.1645,0.695805489503
Llama-3-70B,8,100,empirical_plugin,165,0.1655,0.695805489503
Llama-3-70B,8,100,empirical_plugin,166,0.1665,0.695805489503
Llama-3-70B,8,100,empirical_plugin,167,0.1675,0.695805489503
Llama-3-70B,8,100,empirical_plugin,168,0.1685,0.695805489503
Llama-3-70B,8,100,empirical_plugin,169,0.1695,0.695805489503
Llama-3-70B,8,100,empirical_plugin,170,0.1705,0.695805489503
Llama-3-70B,8,100,empirical_plugin,171,0.1715,0.695805489503
Llama-3-70B,8,100,empirical_plugin,172,0.1725,0.695805489503
Llama-3-70B,8,100,empirical_plugin,173,0.1735,0.695805489503
Llama-3-70B,8,100,empirical_plugin,174,0.1745,0.695805489503
Llama-3-70B,8,100,empirical_plugin,175,0.1755,0.695805489503
Llama-3-70B,8,100,empirical_plugin,176,0.1765,0.695805489503
Llama-3-70B,8,100,empirical_plugin,177,0.1775,0.695805489503
Llama-3-70B,8,100,empirical_plugin,178,0.1785,0.695805489503
Llama-3-70B,8,100,empirical_plugin,179,0.1795,0.695805489503
Llama-3-70B,8,100,empirical_plugin,180,0.1805,0.695805489503
Llama-3-70B,8,100,empirical_plugin,181,0.1815,0.695805489503
Llama-3-70B,8,100,empirical_plugin,182,0.1825,0.695805489503
Llama-3-70B,8,100,empirical_plugin,183,0.1835,0.695805489503
Llama-3-70B,8,100,empirical_plugin,184,0.1845,0.695805489503
Llama-3-70B,8,100,empirical_plugin,185,0.1855,0.695805489503
Llama-3-70B,8,100,empirical_plugin,186,0.1865,0.695805489503
Llama-3-70B,8,100,empirical_plugin,187,0.1875,0.695805489503
Llama-3-70B,8,100,empirical_plugin,188,0.1885,0.695805489503
Llama-3-70B,8,100,empirical_plugin,189,0.1895,0.695805489503
Llama-3-70B,8,100,empirical_plugin,190,0.1905,0.695805489503
Llama-3-70B,8,100,empirical_plugin,191,0.1915,0.695805489503
Llama-3-70B,8,100,empirical_plugin,192,0.1925,0.695805489503
Llama-3-70B,8,100,empirical_plugin,193,0.1935,0.695805489503
Llama-3-70B,8,100,empirical_plugin,194,0.1945,0.695805489503
Llama-3-70B,8,100,empirical_plugin,195,0.1955,0.695805489503
Llama-3-70B,8,100,empirical_plugin,196,0.1965,0.695805489503
Llama-3-70B,8,100,empirical_plugin,197,0.1975,0.695805489503
Llama-3-70B,8,100,empirical_plugin,198,0.1985,0.695805489503
Llama-3-70B,8,100,empirical_plugin,199,0.1995,0.695805489503
Llama-3-70B,8,100,empirical_plugin,200,0.2005,0.70784817243
Llama-3-70B,8,100,empirical_plugin,201,0.2015,0.70784817243
Llama-3-70B,8,100,empirical_plugin,202,0.2025,0.70784817243
Llama-3-70B,8,100,empirical_plugin,203,0.2035,0.70784817243
Llama-3-70B,8,100,empirical_plugin,204,0.2045,0.70784817243
Llama-3-70B,8,100,empirical_plugin,205,0.2055,0.70784817243
Llama-3-70B,8,100,empirical_plugin,206,0.2065,0.70784817243
Llama-3-70B,8,100,empirical_plugin,207,0.2075,0.70784817243
Llama-3-70B,8,100,empirical_plugin,208,0.2085,0.70784817243
Llama-3-70B,8,100,empirical_plugin,209,0.2095,0.70784817243
Llama-3-70B,8,100,empirical_plugin,210,0.2105,0.713945733406
Llama-3-70B,8,100,empirical_plugin,211,0.2115,0.713945733406
Llama-3-70B,8,100,empirical_plugin,212,0.2125,0.713945733406
Llama-3-70B,8,100,empirical_plugin,213,0.2135,0.713945733406
Llama-3-70B,8,100,empirical_plugin,214,0.2145,0.713945733406
Llama-3-70B,8,100,empirical_plugin,215,0.2155,0.713945733406
Llama-3-70B,8,100,empirical_plugin,216,0.2165,0.713945733406
Llama-3-70B,8,100,empirical_plugin,217,0.2175,0.713945733406
Llama-3-70B,8,100,empirical_plugin,218,0.2185,0.713945733406
Llama-3-70B,8,100,empirical_plugin,219,0.2195,0.713945733406
Llama-3-70B,8,100,empirical_plugin,220,0.2205,0.713945733406
Llama-3-70B,8,100,empirical_plugin,221,0.2215,0.713945733406
Llama-3-70B,8,100,empirical_plugin,222,0.2225,0.713945733406
Llama-3-70B,8,100,empirical_plugin,223,0.2235,0.713945733406
Llama-3-70B,8,100,empirical_plugin,224,0.2245,0.713945733406
Llama-3-70B,8,100,empirical_plugin,225,0.2255,0.713945733406
Llama-3-70B,8,100,empirical_plugin,226,0.2265,0.713945733406
Llama-3-70B,8,100,empirical_plugin,227,0.2275,0.713945733406
Llama-3-70B,8,100,empirical_plugin,228,0.2285,0.713945733406
Llama-3-70B,8,100,empirical_plugin,229,0.2295,0.713945733406
Llama-3-70B,8,100,empirical_plugin,230,0.2305,0.713945733406
Llama-3-70B,8,100,empirical_plugin,231,0.2315,0.713945733406
Llama-3-70B,8,100,empirical_plugin,232,0.2325,0.713945733406
Llama-3-70B,8,100,empirical_plugin,233,0.2335,0.713945733406
Llama-3-70B,8,100,empirical_plugin,234,0.2345,0.713945733406
Llama-3-70B,8,100,empirical_plugin,235,0.2355,0.713945733406
Llama-3-70B,8,100,empirical_plugin,236,0.2365,0.713945733406
Llama-3-70B,8,100,empirical_plugin,237,0.2375,0.713945733406
Llama-3-70B,8,100,empirical_plugin,238,0.2385,0.713945733406
Llama-3-70B,8,100,empirical_plugin,239,0.2395,0.713945733406
Llama-3-70B,8,100,empirical_plugin,240,0.2405,0.713945733406
Llama-3-70B,8,100,empirical_plugin,241,0.2415,0.713945733406
Llama-3-70B,8,100,empirical_plugin,242,0.2425,0.713945733406
Llama-3-70B,8,100,empirical_plugin,243,0.2435,0.713945733406
Llama-3-70B,8,100,empirical_plugin,244,0.2445,0.713945733406
Llama-3-70B,8,100,empirical_plugin,245,0.2455,0.713945733406
Llama-3-70B,8,100,empirical_plugin,246,0.2465,0.713945733406
Llama-3-70B,8,100,empirical_plugin,247,0.2475,0.713945733406
Llama-3-70B,8,100,empirical_plugin,248,0.2485,0.713945733406
Llama-3-70B,8,100,empirical_plugin,249,0.2495,0.713945733406
Llama-3-70B,8,100,empirical_plugin,250,0.2505,0.713945733406
Llama-3-70B,8,100,empirical_plugin,251,0.2515,0.713945733406
Llama-3-70B,8,100,empirical_plugin,252,0.2525,0.713945733406
Llama-3-70B,8,100,empirical_plugin,253,0.2535,0.713945733406
Llama-3-70B,8,100,empirical_plugin,254,0.2545,0.713945733406
Llama-3-70B,8,100,empirical_plugin,255,0.2555,0.713945733406
Llama-3-70B,8,100,empirical_plugin,256,0.2565,0.713945733406
Llama-3-70B,8,100,empirical_plugin,257,0.2575,0.713945733406
Llama-3-70B,8,100,empirical_plugin,258,0.2585,0.713945733406
Llama-3-70B,8,100,empirical_plugin,259,0.2595,0.713945733406
Llama-3-70B,8,100,empirical_plugin,260,0.2605,0.713945733406
Llama-3-70B,8,100,empirical_plugin,261,0.2615,0.713945733406
Llama-3-70B,8,100,empirical_plugin,262,0.2625,0.713945733406
Llama-3-70B,8,100,empirical_plugin,263,0.2635,0.713945733406
Llama-3-70B,8,100,empirical_plugin,264,0.2645,0.713945733406
Llama-3-70B,8,100,empirical_plugin,265,0.2655,0.713945733406
Llama-3-70B,8,100,empirical_plugin,266,0.2665,0.713945733406
Llama-3-70B,8,100,empirical_plugin,267,0.2675,0.713945733406
Llama-3-70B,8,100,empirical_plugin,268,0.2685,0.713945733406
Llama-3-70B,8,100,empirical_plugin,269,0.2695,0.713945733406
Llama-3-70B,8,100,empirical_plugin,270,0.2705,0.713945733406
Llama-3-70B,8,100,empirical_plugin,271,0.2715,0.713945733406
Llama-3-70B,8,100,empirical_plugin,272,0.2725,0.713945733406
Llama-3-70B,8,100,empirical_plugin,273,0.2735,0.713945733406
Llama-3-70B,8,100,empirical_plugin,274,0.2745,0.713945733406
Llama-3-70B,8,100,empirical_plugin,275,0.2755,0.713945733406
Llama-3-70B,8,100,empirical_plugin,276,0.2765,0.713945733406
Llama-3-70B,8,100,empirical_plugin,277,0.2775,0.713945733406
Llama-3-70B,8,100,empirical_plugin,278,0.2785,0.713945733406
Llama-3-70B,8,100,empirical_plugin,279,0.2795,0.713945733406
Llama-3-70B,8,100,empirical_plugin,280,0.2805,0.713945733406
Llama-3-70B,8,100,empirical_plugin,281,0.2815,0.713945733406
Llama-3-70B,8,100,empirical_plugin,282,0.2825,0.713945733406
Llama-3-70B,8,100,empirical_plugin,283,0.2835,0.713945733406
Llama-3-70B,8,100,empirical_plugin,284,0.2845,0.713945733406
Llama-3-70B,8,100,empirical_plugin,285,0.2855,0.713945733406
Llama-3-70B,8,100,empirical_plugin,286,0.2865,0.713945733406
Llama-3-70B,8,100,empirical_plugin,287,0.2875,0.713945733406
Llama-3-70B,8,100,empirical_plugin,288,0.2885,0.713945733406
Llama-3-70B,8,100,empirical_plugin,289,0.2895,0.713945733406
Llama-3-70B,8,100,empirical_plugin,290,0.2905,0.713945733406
Llama-3-70B,8,100,empirical_plugin,291,0.2915,0.713945733406
Llama-3-70B,8,100,empirical_plugin,292,0.2925,0.713945733406
Llama-3-70B,8,100,empirical_plugin,293,0.2935,0.713945733406
Llama-3-70B,8,100,empirical_plugin,294,0.2945,0.713945733406
Llama-3-70B,8,100,empirical_plugin,295,0.2955,0.713945733406
Llama-3-70B,8,100,empirical_plugin,296,0.2965,0.713945733406
Llama-3-70B,8,100,empirical_plugin,297,0.2975,0.713945733406
Llama-3-70B,8,100,empirical_plugin,298,0.2985,0.713945733406
Llama-3-70B,8,100,empirical_plugin,299,0.2995,0.713945733406
Llama-3-70B,8,100,empirical_plugin,300,0.3005,0.713945733406
Llama-3-70B,8,100,empirical_plugin,301,0.3015,0.713945733406
Llama-3-70B,8,100,empirical_plugin,302,0.3025,0.713945733406
Llama-3-70B,8,100,empirical_plugin,303,0.3035,0.713945733406
Llama-3-70B,8,100,empirical_plugin,304,0.3045,0.713945733406
Llama-3-70B,8,100,empirical_plugin,305,0.3055,0.713945733406
Llama-3-70B,8,100,empirical_plugin,306,0.3065,0.713945733406
Llama-3-70B,8,100,empirical_plugin,307,0.3075,0.713945733406
Llama-3-70B,8,100,empirical_plugin,308,0.3085,0.713945733406
Llama-3-70B,8,100,empirical_plugin,309,0.3095,0.713945733406
Llama-3-70B,8,100,empirical_plugin,310,0.3105,0.713945733406
Llama-3-70B,8,100,empirical_plugin,311,0.3115,0.713945733406
Llama-3-70B,8,100,empirical_plugin,312,0.3125,0.713945733406
Llama-3-70B,8,100,empirical_plugin,313,0.3135,0.713945733406
Llama-3-70B,8,100,empirical_plugin,314,0.3145,0.713945733406
Llama-3-70B,8,100,empirical_plugin,315,0.3155,0.713945733406
Llama-3-70B,8,100,empirical_plugin,316,0.3165,0.713945733406
Llama-3-70B,8,100,empirical_plugin,317,0.3175,0.713945733406
Llama-3-70B,8,100,empirical_plugin,318,0.3185,0.713945733406
Llama-3-70B,8,100,empirical_plugin,319,0.3195,0.713945733406
Llama-3-70B,8,100,empirical_plugin,320,0.3205,0.720043294381
Llama-3-70B,8,100,empirical_plugin,321,0.3215,0.720043294381
Llama-3-70B,8,100,empirical_plugin,322,0.3225,0.720043294381
Llama-3-70B,8,100,empirical_plugin,323,0.3235,0.720043294381
Llama-3-70B,8,100,empirical_plugin,324,0.3245,0.720043294381
Llama-3-70B,8,100,empirical_plugin,325,0.3255,0.720043294381
Llama-3-70B,8,100,empirical_plugin,326,0.3265,0.720043294381
Llama-3-70B,8,100,empirical_plugin,327,0.3275,0.720043294381
Llama-3-70B,8,100,empirical_plugin,328,0.3285,0.720043294381
Llama-3-70B,8,100,empirical_plugin,329,0.3295,0.720043294381
Llama-3-70B,8,100,empirical_plugin,330,0.3305,0.720043294381
Llama-3-70B,8,100,empirical_plugin,331,0.3315,0.720043294381
Llama-3-70B,8,100,empirical_plugin,332,0.3325,0.720043294381
Llama-3-70B,8,100,empirical_plugin,333,0.3335,0.720043294381
Llama-3-70B,8,100,empirical_plugin,334,0.3345,0.720043294381
Llama-3-70B,8,100,empirical_plugin,335,0.3355,0.720043294381
Llama-3-70B,8,100,empirical_plugin,336,0.3365,0.720043294381
Llama-3-70B,8,100,empirical_plugin,337,0.3375,0.720043294381
Llama-3-70B,8,100,empirical_plugin,338,0.3385,0.720043294381
Llama-3-70B,8,100,empirical_plugin,339,0.3395,0.720043294381
Llama-3-70B,8,100,empirical_plugin,340,0.3405,0.720043294381
Llama-3-70B,8,100,empirical_plugin,341,0.3415,0.720043294381
Llama-3-70B,8,100,empirical_plugin,342,0.3425,0.720043294381
Llama-3-70B,8,100,empirical_plugin,343,0.3435,0.720043294381
Llama-3-70B,8,100,empirical_plugin,344,0.3445,0.720043294381
Llama-3-70B,8,100,empirical_plugin,345,0.3455,0.720043294381
Llama-3-70B,8,100,empirical_plugin,346,0.3465,0.720043294381
Llama-3-70B,8,100,empirical_plugin,347,0.3475,0.720043294381
Llama-3-70B,8,100,empirical_plugin,348,0.3485,0.720043294381
Llama-3-70B,8,100,empirical_plugin,349,0.3495,0.720043294381
Llama-3-70B,8,100,empirical_plugin,350,0.3505,0.720043294381
Llama-3-70B,8,100,empirical_plugin,351,0.3515,0.720043294381
Llama-3-70B,8,100,empirical_plugin,352,0.3525,0.720043294381
Llama-3-70B,8,100,empirical_plugin,353,0.3535,0.720043294381
Llama-3-70B,8,100,empirical_plugin,354,0.3545,0.720043294381
Llama-3-70B,8,100,empirical_plugin,355,0.3555,0.720043294381
Llama-3-70B,8,100,empirical_plugin,356,0.3565,0.720043294381
Llama-3-70B,8,100,empirical_plugin,357,0.3575,0.720043294381
Llama-3-70B,8,100,empirical_plugin,358,0.3585,0.720043294381
Llama-3-70B,8,100,empirical_plugin,359,0.3595,0.720043294381
Llama-3-70B,8,100,empirical_plugin,360,0.3605,0.726140855357
Llama-3-70B,8,100,empirical_plugin,361,0.3615,0.726140855357
Llama-3-70B,8,100,empirical_plugin,362,0.3625,0.726140855357
Llama-3-70B,8,100,empirical_plugin,363,0.3635,0.726140855357
Llama-3-70B,8,100,empirical_plugin,364,0.3645,0.726140855357
Llama-3-70B,8,100,empirical_plugin,365,0.3655,0.726140855357
Llama-3-70B,8,100,empirical_plugin,366,0.3665,0.726140855357
Llama-3-70B,8,100,empirical_plugin,367,0.3675,0.726140855357
Llama-3-70B,8,100,empirical_plugin,368,0.3685,0.726140855357
Llama-3-70B,8,100,empirical_plugin,369,0.3695,0.726140855357
Llama-3-70B,8,100,empirical_plugin,370,0.3705,0.726140855357
Llama-3-70B,8,100,empirical_plugin,371,0.3715,0.726140855357
Llama-3-70B,8,100,empirical_plugin,372,0.3725,0.726140855357
Llama-3-70B,8,100,empirical_plugin,373,0.3735,0.726140855357
Llama-3-70B,8,100,empirical_plugin,374,0.3745,0.726140855357
Llama-3-70B,8,100,empirical_plugin,375,0.3755,0.726140855357
Llama-3-70B,8,100,empirical_plugin,376,0.3765,0.726140855357
Llama-3-70B,8,100,empirical_plugin,377,0.3775,0.726140855357
Llama-3-70B,8,100,empirical_plugin,378,0.3785,0.726140855357
Llama-3-70B,8,100,empirical_plugin,379,0.3795,0.726140855357
Llama-3-70B,8,100,empirical_plugin,380,0.3805,0.726140855357
Llama-3-70B,8,100,empirical_plugin,381,0.3815,0.726140855357
Llama-3-70B,8,100,empirical_plugin,382,0.3825,0.726140855357
Llama-3-70B,8,100,empirical_plugin,383,0.3835,0.726140855357
Llama-3-70B,8,100,empirical_plugin,384,0.3845,0.726140855357
Llama-3-70B,8,100,empirical_plugin,385,0.3855,0.726140855357
Llama-3-70B,8,100,empirical_plugin,386,0.3865,0.726140855357
Llama-3-70B,8,100,empirical_plugin,387,0.3875,0.726140855357
Llama-3-70B,8,100,empirical_plugin,388,0.3885,0.726140855357
Llama-3-70B,8,100,empirical_plugin,389,0.3895,0.726140855357
Llama-3-70B,8,100,empirical_plugin,390,0.3905,0.732238416333
Llama-3-70B,8,100,empirical_plugin,391,0.3915,0.732238416333
Llama-3-70B,8,100,empirical_plugin,392,0.3925,0.732238416333
Llama-3-70B,8,100,empirical_plugin,393,0.3935,0.732238416333
Llama-3-70B,8,100,empirical_plugin,394,0.3945,0.732238416333
Llama-3-70B,8,100,empirical_plugin,395,0.3955,0.732238416333
Llama-3-70B,8,100,empirical_plugin,396,0.3965,0.732238416333
Llama-3-70B,8,100,empirical_plugin,397,0.3975,0.732238416333
Llama-3-70B,8,100,empirical_plugin,398,0.3985,0.732238416333
Llama-3-70B,8,100,empirical_plugin,399,0.3995,0.732238416333
Llama-3-70B,8,100,empirical_plugin,400,0.4005,0.738335977308
Llama-3-70B,8,100,empirical_plugin,401,0.4015,0.738335977308
Llama-3-70B,8,100,empirical_plugin,402,0.4025,0.738335977308
Llama-3-70B,8,100,empirical_plugin,403,0.4035,0.738335977308
Llama-3-70B,8,100,empirical_plugin,404,0.4045,0.738335977308
Llama-3-70B,8,100,empirical_plugin,405,0.4055,0.738335977308
Llama-3-70B,8,100,empirical_plugin,406,0.4065,0.738335977308
Llama-3-70B,8,100,empirical_plugin,407,0.4075,0.738335977308
Llama-3-70B,8,100,empirical_plugin,408,0.4085,0.738335977308
Llama-3-70B,8,100,empirical_plugin,409,0.4095,0.738335977308
Llama-3-70B,8,100,empirical_plugin,410,0.4105,0.738335977308
Llama-3-70B,8,100,empirical_plugin,411,0.4115,0.738335977308
Llama-3-70B,8,100,empirical_plugin,412,0.4125,0.738335977308
Llama-3-70B,8,100,empirical_plugin,413,0.4135,0.738335977308
Llama-3-70B,8,100,empirical_plugin,414,0.4145,0.738335977308
Llama-3-70B,8,100,empirical_plugin,415,0.4155,0.738335977308
Llama-3-70B,8,100,empirical_plugin,416,0.4165,0.738335977308
Llama-3-70B,8,100,empirical_plugin,417,0.4175,0.738335977308
Llama-3-70B,8,100,empirical_plugin,418,0.4185,0.738335977308
Llama-3-70B,8,100,empirical_plugin,419,0.4195,0.738335977308
Llama-3-70B,8,100,empirical_plugin,420,0.4205,0.744433538284
Llama-3-70B,8,100,empirical_plugin,421,0.4215,0.744433538284
Llama-3-70B,8,100,empirical_plugin,422,0.4225,0.744433538284
Llama-3-70B,8,100,empirical_plugin,423,0.4235,0.744433538284
Llama-3-70B,8,100,empirical_plugin,424,0.4245,0.744433538284
Llama-3-70B,8,100,empirical_plugin,425,0.4255,0.744433538284
Llama-3-70B,8,100,empirical_plugin,426,0.4265,0.744433538284
Llama-3-70B,8,100,empirical_plugin,427,0.4275,0.744433538284
Llama-3-70B,8,100,empirical_plugin,428,0.4285,0.744433538284
Llama-3-70B,8,100,empirical_plugin,429,0.4295,0.744433538284
Llama-3-70B,8,100,empirical_plugin,430,0.4305,0.744433538284
Llama-3-70B,8,100,empirical_plugin,431,0.4315,0.744433538284
Llama-3-70B,8,100,empirical_plugin,432,0.4325,0.744433538284
Llama-3-70B,8,100,empirical_plugin,433,0.4335,0.744433538284
Llama-3-70B,8,100,empirical_plugin,434,0.4345,0.744433538284
Llama-3-70B,8,100,empirical_plugin,435,0.4355,0.744433538284
Llama-3-70B,8,100,empirical_plugin,436,0.4365,0.744433538284
Llama-3-70B,8,100,empirical_plugin,437,0.4375,0.744433538284
Llama-3-70B,8,100,empirical_plugin,438,0.4385,0.744433538284
Llama-3-70B,8,100,empirical_plugin,439,0.4395,0.744433538284
Llama-3-70B,8,100,empirical_plugin,440,0.4405,0.750531099259
Llama-3-70B,8,100,empirical_plugin,441,0.4415,0.750531099259
Llama-3-70B,8,100,empirical_plugin,442,0.4425,0.750531099259
Llama-3-70B,8,100,empirical_plugin,443,0.4435,0.750531099259
Llama-3-70B,8,100,empirical_plugin,444,0.4445,0.750531099259
Llama-3-70B,8,100,empirical_plugin,445,0.4455,0.750531099259
Llama-3-70B,8,100,empirical_plugin,446,0.4465,0.750531099259
Llama-3-70B,8,100,empirical_plugin,447,0.4475,0.750531099259
Llama-3-70B,8,100,empirical_plugin,448,0.4485,0.750531099259
Llama-3-70B,8,100,empirical_plugin,449,0.4495,0.750531099259
Llama-3-70B,8,100,empirical_plugin,450,0.4505,0.750531099259
Llama-3-70B,8,100,empirical_plugin,451,0.4515,0.750531099259
Llama-3-70B,8,100,empirical_plugin,452,0.4525,0.750531099259
Llama-3-70B,8,100,empirical_plugin,453,0.4535,0.750531099259
Llama-3-70B,8,100,empirical_plugin,454,0.4545,0.750531099259
Llama-3-70B,8,100,empirical_plugin,455,0.4555,0.750531099259
Llama-3-70B,8,100,empirical_plugin,456,0.4565,0.750531099259
Llama-3-70B,8,100,empirical_plugin,457,0.4575,0.750531099259
Llama-3-70B,8,100,empirical_plugin,458,0.4585,0.750531099259
Llama-3-70B,8,100,empirical_plugin,459,0.4595,0.750531099259
Llama-3-70B,8,100,empirical_plugin,460,0.4605,0.754015419817
Llama-3-70B,8,100,empirical_plugin,461,0.4615,0.754015419817
Llama-3-70B,8,100,empirical_plugin,462,0.4625,0.754015419817
Llama-3-70B,8,100,empirical_plugin,463,0.4635,0.754015419817
Llama-3-70B,8,100,empirical_plugin,464,0.4645,0.754015419817
Llama-3-70B,8,100,empirical_plugin,465,0.4655,0.754015419817
Llama-3-70B,8,100,empirical_plugin,466,0.4665,0.754015419817
Llama-3-70B,8,100,empirical_plugin,467,0.4675,0.754015419817
Llama-3-70B,8,100,empirical_plugin,468,0.4685,0.754015419817
Llama-3-70B,8,100,empirical_plugin,469,0.4695,0.754015419817
Llama-3-70B,8,100,empirical_plugin,470,0.4705,0.754015419817
Llama-3-70B,8,100,empirical_plugin,471,0.4715,0.754015419817
Llama-3-70B,8,100,empirical_plugin,472,0.4725,0.754015419817
Llama-3-70B,8,100,empirical_plugin,473,0.4735,0.754015419817
Llama-3-70B,8,100,empirical_plugin,474,0.4745,0.754015419817
Llama-3-70B,8,100,empirical_plugin,475,0.4755,0.754015419817
Llama-3-70B,8,100,empirical_plugin,476,0.4765,0.754015419817
Llama-3-70B,8,100,empirical_plugin,477,0.4775,0.754015419817
Llama-3-70B,8,100,empirical_plugin,478,0.4785,0.754015419817
Llama-3-70B,8,100,empirical_plugin,479,0.4795,0.754015419817
Llama-3-70B,8,100,empirical_plugin,480,0.4805,0.754015419817
Llama-3-70B,8,100,empirical_plugin,481,0.4815,0.754015419817
Llama-3-70B,8,100,empirical_plugin,482,0.4825,0.754015419817
Llama-3-70B,8,100,empirical_plugin,483,0.4835,0.754015419817
Llama-3-70B,8,100,empirical_plugin,484,0.4845,0.754015419817
Llama-3-70B,8,100,empirical_plugin,485,0.4855,0.754015419817
Llama-3-70B,8,100,empirical_plugin,486,0.4865,0.754015419817
Llama-3-70B,8,100,empirical_plugin,487,0.4875,0.754015419817
Llama-3-70B,8,100,empirical_plugin,488,0.4885,0.754015419817
Llama-3-70B,8,100,empirical_plugin,489,0.4895,0.754015419817
Llama-3-70B,8,100,empirical_plugin,490,0.4905,0.754015419817
Llama-3-70B,8,100,empirical_plugin,491,0.4915,0.754015419817
Llama-3-70B,8,100,empirical_plugin,492,0.4925,0.754015419817
Llama-3-70B,8,100,empirical_plugin,493,0.4935,0.754015419817
Llama-3-70B,8,100,empirical_plugin,494,0.4945,0.754015419817
Llama-3-70B,8,100,empirical_plugin,495,0.4955,0.754015419817
Llama-3-70B,8,100,empirical_plugin,496,0.4965,0.754015419817
Llama-3-70B,8,100,empirical_plugin,497,0.4975,0.754015419817
Llama-3-70B,8,100,empirical_plugin,498,0.4985,0.754015419817
Llama-3-70B,8,100,empirical_plugin,499,0.4995,0.754015419817
Llama-3-70B,8,100,empirical_plugin,500,0.5005,0.754015419817
Llama-3-70B,8,100,empirical_plugin,501,0.5015,0.754015419817
Llama-3-70B,8,100,empirical_plugin,502,0.5025,0.754015419817
Llama-3-70B,8,100,empirical_plugin,503,0.5035,0.754015419817
Llama-3-70B,8,100,empirical_plugin,504,0.5045,0.754015419817
Llama-3-70B,8,100,empirical_plugin,505,0.5055,0.754015419817
Llama-3-70B,8,100,empirical_plugin,506,0.5065,0.754015419817
Llama-3-70B,8,100,empirical_plugin,507,0.5075,0.754015419817
Llama-3-70B,8,100,empirical_plugin,508,0.5085,0.754015419817
Llama-3-70B,8,100,empirical_plugin,509,0.5095,0.754015419817
Llama-3-70B,8,100,empirical_plugin,510,0.5105,0.757363100353
Llama-3-70B,8,100,empirical_plugin,511,0.5115,0.757363100353
Llama-3-70B,8,100,empirical_plugin,512,0.5125,0.757363100353
Llama-3-70B,8,100,empirical_plugin,513,0.5135,0.757363100353
Llama-3-70B,8,100,empirical_plugin,514,0.5145,0.757363100353
Llama-3-70B,8,100,empirical_plugin,515,0.5155,0.757363100353
Llama-3-70B,8,100,empirical_plugin,516,0.5165,0.757363100353
Llama-3-70B,8,100,empirical_plugin,517,0.5175,0.757363100353
Llama-3-70B,8,100,empirical_plugin,518,0.5185,0.757363100353
Llama-3-70B,8,100,empirical_plugin,519,0.5195,0.757363100353
Llama-3-70B,8,100,empirical_plugin,520,0.5205,0.757363100353
Llama-3-70B,8,100,empirical_plugin,521,0.5215,0.757363100353
Llama-3-70B,8,100,empirical_plugin,522,0.5225,0.757363100353
Llama-3-70B,8,100,empirical_plugin,523,0.5235,0.757363100353
Llama-3-70B,8,100,empirical_plugin,524,0.5245,0.757363100353
Llama-3-70B,8,100,empirical_plugin,525,0.5255,0.757363100353
Llama-3-70B,8,100,empirical_plugin,526,0.5265,0.757363100353
Llama-3-70B,8,100,empirical_plugin,527,0.5275,0.757363100353
Llama-3-70B,8,100,empirical_plugin,528,0.5285,0.757363100353
Llama-3-70B,8,100,empirical_plugin,529,0.5295,0.757363100353
Llama-3-70B,8,100,empirical_plugin,530,0.5305,0.753878779795
Llama-3-70B,8,100,empirical_plugin,531,0.5315,0.753878779795
Llama-3-70B,8,100,empirical_plugin,532,0.5325,0.753878779795
Llama-3-70B,8,100,empirical_plugin,533,0.5335,0.753878779795
Llama-3-70B,8,100,empirical_plugin,534,0.5345,0.753878779795
Llama-3-70B,8,100,empirical_plugin,535,0.5355,0.753878779795
Llama-3-70B,8,100,empirical_plugin,536,0.5365,0.753878779795
Llama-3-70B,8,100,empirical_plugin,537,0.5375,0.753878779795
Llama-3-70B,8,100,empirical_plugin,538,0.5385,0.753878779795
Llama-3-70B,8,100,empirical_plugin,539,0.5395,0.753878779795
Llama-3-70B,8,100,empirical_plugin,540,0.5405,0.753878779795
Llama-3-70B,8,100,empirical_plugin,541,0.5415,0.753878779795
Llama-3-70B,8,100,empirical_plugin,542,0.5425,0.753878779795
Llama-3-70B,8,100,empirical_plugin,543,0.5435,0.753878779795
Llama-3-70B,8,100,empirical_plugin,544,0.5445,0.753878779795
Llama-3-70B,8,100,empirical_plugin,545,0.5455,0.753878779795
Llama-3-70B,8,100,empirical_plugin,546,0.5465,0.753878779795
Llama-3-70B,8,100,empirical_plugin,547,0.5475,0.753878779795
Llama-3-70B,8,100,empirical_plugin,548,0.5485,0.753878779795
Llama-3-70B,8,100,empirical_plugin,549,0.5495,0.753878779795
Llama-3-70B,8,100,empirical_plugin,550,0.5505,0.753878779795
Llama-3-70B,8,100,empirical_plugin,551,0.5515,0.753878779795
Llama-3-70B,8,100,empirical_plugin,552,0.5525,0.753878779795
Llama-3-70B,8,100,empirical_plugin,553,0.5535,0.753878779795
Llama-3-70B,8,100,empirical_plugin,554,0.5545,0.753878779795
Llama-3-70B,8,100,empirical_plugin,555,0.5555,0.753878779795
Llama-3-70B,8,100,empirical_plugin,556,0.5565,0.753878779795
Llama-3-70B,8,100,empirical_plugin,557,0.5575,0.753878779795
Llama-3-70B,8,100,empirical_plugin,558,0.5585,0.753878779795
Llama-3-70B,8,100,empirical_plugin,559,0.5595,0.753878779795
Llama-3-70B,8,100,empirical_plugin,560,0.5605,0.753878779795
Llama-3-70B,8,100,empirical_plugin,561,0.5615,0.753878779795
Llama-3-70B,8,100,empirical_plugin,562,0.5625,0.753878779795
Llama-3-70B,8,100,empirical_plugin,563,0.5635,0.753878779795
Llama-3-70B,8,100,empirical_plugin,564,0.5645,0.753878779795
Llama-3-70B,8,100,empirical_plugin,565,0.5655,0.753878779795
Llama-3-70B,8,100,empirical_plugin,566,0.5665,0.753878779795
Llama-3-70B,8,100,empirical_plugin,567,0.5675,0.753878779795
Llama-3-70B,8,100,empirical_plugin,568,0.5685,0.753878779795
Llama-3-70B,8,100,empirical_plugin,569,0.5695,0.753878779795
Llama-3-70B,8,100,empirical_plugin,570,0.5705,0.759976340771
Llama-3-70B,8,100,empirical_plugin,571,0.5715,0.759976340771
Llama-3-70B,8,100,empirical_plugin,572,0.5725,0.759976340771
Llama-3-70B,8,100,empirical_plugin,573,0.5735,0.759976340771
Llama-3-70B,8,100,empirical_plugin,574,0.5745,0.759976340771
Llama-3-70B,8,100,empirical_plugin,575,0.5755,0.759976340771
Llama-3-70B,8,100,empirical_plugin,576,0.5765,0.759976340771
Llama-3-70B,8,100,empirical_plugin,577,0.5775,0.759976340771
Llama-3-70B,8,100,empirical_plugin,578,0.5785,0.759976340771
Llama-3-70B,8,100,empirical_plugin,579,0.5795,0.759976340771
Llama-3-70B,8,100,empirical_plugin,580,0.5805,0.759976340771
Llama-3-70B,8,100,empirical_plugin,581,0.5815,0.759976340771
Llama-3-70B,8,100,empirical_plugin,582,0.5825,0.759976340771
Llama-3-70B,8,100,empirical_plugin,583,0.5835,0.759976340771
Llama-3-70B,8,100,empirical_plugin,584,0.5845,0.759976340771
Llama-3-70B,8,100,empirical_plugin,585,0.5855,0.759976340771
Llama-3-70B,8,100,empirical_plugin,586,0.5865,0.759976340771
Llama-3-70B,8,100,empirical_plugin,587,0.5875,0.759976340771
Llama-3-70B,8,100,empirical_plugin,588,0.5885,0.759976340771
Llama-3-70B,8,100,empirical_plugin,589,0.5895,0.759976340771
Llama-3-70B,8,100,empirical_plugin,590,0.5905,0.763759903823
Llama-3-70B,8,100,empirical_plugin,591,0.5915,0.763759903823
Llama-3-70B,8,100,empirical_plugin,592,0.5925,0.763759903823
Llama-3-70B,8,100,empirical_plugin,593,0.5935,0.763759903823
Llama-3-70B,8,100,empirical_plugin,594,0.5945,0.763759903823
Llama-3-70B,8,100,empirical_plugin,595,0.5955,0.763759903823
Llama-3-70B,8,100,empirical_plugin,596,0.5965,0.763759903823
Llama-3-70B,8,100,empirical_plugin,597,0.5975,0.763759903823
Llama-3-70B,8,100,empirical_plugin,598,0.5985,0.763759903823
Llama-3-70B,8,100,empirical_plugin,599,0.5995,0.763759903823
Llama-3-70B,8,100,empirical_plugin,600,0.6005,0.766275147726
Llama-3-70B,8,100,empirical_plugin,601,0.6015,0.766275147726
Llama-3-70B,8,100,empirical_plugin,602,0.6025,0.766275147726
Llama-3-70B,8,100,empirical_plugin,603,0.6035,0.766275147726
Llama-3-70B,8,100,empirical_plugin,604,0.6045,0.766275147726
Llama-3-70B,8,100,empirical_plugin,605,0.6055,0.766275147726
Llama-3-70B,8,100,empirical_plugin,606,0.6065,0.766275147726
Llama-3-70B,8,100,empirical_plugin,607,0.6075,0.766275147726
Llama-3-70B,8,100,empirical_plugin,608,0.6085,0.766275147726
Llama-3-70B,8,100,empirical_plugin,609,0.6095,0.766275147726
Llama-3-70B,8,100,empirical_plugin,610,0.6105,0.766275147726
Llama-3-70B,8,100,empirical_plugin,611,0.6115,0.766275147726
Llama-3-70B,8,100,empirical_plugin,612,0.6125,0.766275147726
Llama-3-70B,8,100,empirical_plugin,613,0.6135,0.766275147726
Llama-3-70B,8,100,empirical_plugin,614,0.6145,0.766275147726
Llama-3-70B,8,100,empirical_plugin,615,0.6155,0.766275147726
Llama-3-70B,8,100,empirical_plugin,616,0.6165,0.766275147726
Llama-3-70B,8,100,empirical_plugin,617,0.6175,0.766275147726
Llama-3-70B,8,100,empirical_plugin,618,0.6185,0.766275147726
Llama-3-70B,8,100,empirical_plugin,619,0.6195,0.766275147726
Llama-3-70B,8,100,empirical_plugin,620,0.6205,0.766275147726
Llama-3-70B,8,100,empirical_plugin,621,0.6215,0.766275147726
Llama-3-70B,8,100,empirical_plugin,622,0.6225,0.766275147726
Llama-3-70B,8,100,empirical_plugin,623,0.6235,0.766275147726
Llama-3-70B,8,100,empirical_plugin,624,0.6245,0.766275147726
Llama-3-70B,8,100,empirical_plugin,625,0.6255,0.766275147726
Llama-3-70B,8,100,empirical_plugin,626,0.6265,0.766275147726
Llama-3-70B,8,100,empirical_plugin,627,0.6275,0.766275147726
Llama-3-70B,8,100,empirical_plugin,628,0.6285,0.766275147726
Llama-3-70B,8,100,empirical_plugin,629,0.6295,0.766275147726
Llama-3-70B,8,100,empirical_plugin,630,0.6305,0.772372708701
Llama-3-70B,8,100,empirical_plugin,631,0.6315,0.772372708701
Llama-3-70B,8,100,empirical_plugin,632,0.6325,0.772372708701
Llama-3-70B,8,100,empirical_plugin,633,0.6335,0.772372708701
Llama-3-70B,8,100,empirical_plugin,634,0.6345,0.772372708701
Llama-3-70B,8,100,empirical_plugin,635,0.6355,0.772372708701
Llama-3-70B,8,100,empirical_plugin,636,0.6365,0.772372708701
Llama-3-70B,8,100,empirical_plugin,637,0.6375,0.772372708701
Llama-3-70B,8,100,empirical_plugin,638,0.6385,0.772372708701
Llama-3-70B,8,100,empirical_plugin,639,0.6395,0.772372708701
Llama-3-70B,8,100,empirical_plugin,640,0.6405,0.773897098945
Llama-3-70B,8,100,empirical_plugin,641,0.6415,0.773897098945
Llama-3-70B,8,100,empirical_plugin,642,0.6425,0.773897098945
Llama-3-70B,8,100,empirical_plugin,643,0.6435,0.773897098945
Llama-3-70B,8,100,empirical_plugin,644,0.6445,0.773897098945
Llama-3-70B,8,100,empirical_plugin,645,0.6455,0.773897098945
Llama-3-70B,8,100,empirical_plugin,646,0.6465,0.773897098945
Llama-3-70B,8,100,empirical_plugin,647,0.6475,0.773897098945
Llama-3-70B,8,100,empirical_plugin,648,0.6485,0.773897098945
Llama-3-70B,8,100,empirical_plugin,649,0.6495,0.773897098945
Llama-3-70B,8,100,empirical_plugin,650,0.6505,0.773897098945
Llama-3-70B,8,100,empirical_plugin,651,0.6515,0.773897098945
Llama-3-70B,8,100,empirical_plugin,652,0.6525,0.773897098945
Llama-3-70B,8,100,empirical_plugin,653,0.6535,0.773897098945
Llama-3-70B,8,100,empirical_plugin,654,0.6545,0.773897098945
Llama-3-70B,8,100,empirical_plugin,655,0.6555,0.773897098945
Llama-3-70B,8,100,empirical_plugin,656,0.6565,0.773897098945
Llama-3-70B,8,100,empirical_plugin,657,0.6575,0.773897098945
Llama-3-70B,8,100,empirical_plugin,658,0.6585,0.773897098945
Llama-3-70B,8,100,empirical_plugin,659,0.6595,0.773897098945
Llama-3-70B,8,100,empirical_plugin,660,0.6605,0.773897098945
Llama-3-70B,8,100,empirical_plugin,661,0.6615,0.773897098945
Llama-3-70B,8,100,empirical_plugin,662,0.6625,0.773897098945
Llama-3-70B,8,100,empirical_plugin,663,0.6635,0.773897098945
Llama-3-70B,8,100,empirical_plugin,664,0.6645,0.773897098945
Llama-3-70B,8,100,empirical_plugin,665,0.6655,0.773897098945
Llama-3-70B,8,100,empirical_plugin,666,0.6665,0.773897098945
Llama-3-70B,8,100,empirical_plugin,667,0.6675,0.773897098945
Llama-3-70B,8,100,empirical_plugin,668,0.6685,0.773897098945
Llama-3-70B,8,100,empirical_plugin,669,0.6695,0.773897098945
Llama-3-70B,8,100,empirical_plugin,670,0.6705,0.76779953797
Llama-3-70B,8,100,empirical_plugin,671,0.6715,0.76779953797
Llama-3-70B,8,100,empirical_plugin,672,0.6725,0.76779953797
Llama-3-70B,8,100,empirical_plugin,673,0.6735,0.76779953797
Llama-3-70B,8,100,empirical_plugin,674,0.6745,0.76779953797
Llama-3-70B,8,100,empirical_plugin,675,0.6755,0.76779953797
Llama-3-70B,8,100,empirical_plugin,676,0.6765,0.76779953797
Llama-3-70B,8,100,empirical_plugin,677,0.6775,0.76779953797
Llama-3-70B,8,100,empirical_plugin,678,0.6785,0.76779953797
Llama-3-70B,8,100,empirical_plugin,679,0.6795,0.76779953797
Llama-3-70B,8,100,empirical_plugin,680,0.6805,0.76779953797
Llama-3-70B,8,100,empirical_plugin,681,0.6815,0.76779953797
Llama-3-70B,8,100,empirical_plugin,682,0.6825,0.76779953797
Llama-3-70B,8,100,empirical_plugin,683,0.6835,0.76779953797
Llama-3-70B,8,100,empirical_plugin,684,0.6845,0.76779953797
Llama-3-70B,8,100,empirical_plugin,685,0.6855,0.76779953797
Llama-3-70B,8,100,empirical_plugin,686,0.6865,0.76779953797
Llama-3-70B,8,100,empirical_plugin,687,0.6875,0.76779953797
Llama-3-70B,8,100,empirical_plugin,688,0.6885,0.76779953797
Llama-3-70B,8,100,empirical_plugin,689,0.6895,0.76779953797
Llama-3-70B,8,100,empirical_plugin,690,0.6905,0.76779953797
Llama-3-70B,8,100,empirical_plugin,691,0.6915,0.76779953797
Llama-3-70B,8,100,empirical_plugin,692,0.6925,0.76779953797
Llama-3-70B,8,100,empirical_plugin,693,0.6935,0.76779953797
Llama-3-70B,8,100,empirical_plugin,694,0.6945,0.76779953797
Llama-3-70B,8,100,empirical_plugin,695,0.6955,0.76779953797
Llama-3-70B,8,100,empirical_plugin,696,0.6965,0.76779953797
Llama-3-70B,8,100,empirical_plugin,697,0.6975,0.76779953797
Llama-3-70B,8,100,empirical_plugin,698,0.6985,0.76779953797
Llama-3-70B,8,100,empirical_plugin,699,0.6995,0.76779953797
Llama-3-70B,8,100,empirical_plugin,700,0.7005,0.76779953797
Llama-3-70B,8,100,empirical_plugin,701,0.7015,0.76779953797
Llama-3-70B,8,100,empirical_plugin,702,0.7025,0.76779953797
Llama-3-70B,8,100,empirical_plugin,703,0.7035,0.76779953797
Llama-3-70B,8,100,empirical_plugin,704,0.7045,0.76779953797
Llama-3-70B,8,100,empirical_plugin,705,0.7055,0.76779953797
Llama-3-70B,8,100,empirical_plugin,706,0.7065,0.76779953797
Llama-3-70B,8,100,empirical_plugin,707,0.7075,0.76779953797
Llama-3-70B,8,100,empirical_plugin,708,0.7085,0.76779953797
Llama-3-70B,8,100,empirical_plugin,709,0.7095,0.76779953797
Llama-3-70B,8,100,empirical_plugin,710,0.7105,0.76779953797
Llama-3-70B,8,100,empirical_plugin,711,0.7115,0.76779953797
Llama-3-70B,8,100,empirical_plugin,712,0.7125,0.76779953797
Llama-3-70B,8,100,empirical_plugin,713,0.7135,0.76779953797
Llama-3-70B,8,100,empirical_plugin,714,0.7145,0.76779953797
Llama-3-70B,8,100,empirical_plugin,715,0.7155,0.76779953797
Llama-3-70B,8,100,empirical_plugin,716,0.7165,0.76779953797
Llama-3-70B,8,100,empirical_plugin,717,0.7175,0.76779953797
Llama-3-70B,8,100,empirical_plugin,718,0.7185,0.76779953797
Llama-3-70B,8,100,empirical_plugin,719,0.7195,0.76779953797
Llama-3-70B,8,100,empirical_plugin,720,0.7205,0.76779953797
Llama-3-70B,8,100,empirical_plugin,721,0.7215,0.76779953797
Llama-3-70B,8,100,empirical_plugin,722,0.7225,0.76779953797
Llama-3-70B,8,100,empirical_plugin,723,0.7235,0.76779953797
Llama-3-70B,8,100,empirical_plugin,724,0.7245,0.76779953797
Llama-3-70B,8,100,empirical_plugin,725,0.7255,0.76779953797
Llama-3-70B,8,100,empirical_plugin,726,0.7265,0.76779953797
Llama-3-70B,8,100,empirical_plugin,727,0.7275,0.76779953797
Llama-3-70B,8,100,empirical_plugin,728,0.7285,0.76779953797
Llama-3-70B,8,100,empirical_plugin,729,0.7295,0.76779953797
Llama-3-70B,8,100,empirical_plugin,730,0.7305,0.76779953797
Llama-3-70B,8,100,empirical_plugin,731,0.7315,0.76779953797
Llama-3-70B,8,100,empirical_plugin,732,0.7325,0.76779953797
Llama-3-70B,8,100,empirical_plugin,733,0.7335,0.76779953797
Llama-3-70B,8,100,empirical_plugin,734,0.7345,0.76779953797
Llama-3-70B,8,100,empirical_plugin,735,0.7355,0.76779953797
Llama-3-70B,8,100,empirical_plugin,736,0.7365,0.76779953797
Llama-3-70B,8,100,empirical_plugin,737,0.7375,0.76779953797
Llama-3-70B,8,100,empirical_plugin,738,0.7385,0.76779953797
Llama-3-70B,8,100,empirical_plugin,739,0.7395,0.76779953797
Llama-3-70B,8,100,empirical_plugin,740,0.7405,0.76779953797
Llama-3-70B,8,100,empirical_plugin,741,0.7415,0.76779953797
Llama-3-70B,8,100,empirical_plugin,742,0.7425,0.76779953797
Llama-3-70B,8,100,empirical_plugin,743,0.7435,0.76779953797
Llama-3-70B,8,100,empirical_plugin,744,0.7445,0.76779953797
Llama-3-70B,8,100,empirical_plugin,745,0.7455,0.76779953797
Llama-3-70B,8,100,empirical_plugin,746,0.7465,0.76779953797
Llama-3-70B,8,100,empirical_plugin,747,0.7475,0.76779953797
Llama-3-70B,8,100,empirical_plugin,748,0.7485,0.76779953797
Llama-3-70B,8,100,empirical_plugin,749,0.7495,0.76779953797
Llama-3-70B,8,100,empirical_plugin,750,0.7505,0.773897098945
Llama-3-70B,8,100,empirical_plugin,751,0.7515,0.773897098945
Llama-3-70B,8,100,empirical_plugin,752,0.7525,0.773897098945
Llama-3-70B,8,100,empirical_plugin,753,0.7535,0.773897098945
Llama-3-70B,8,100,empirical_plugin,754,0.7545,0.773897098945
Llama-3-70B,8,100,empirical_plugin,755,0.7555,0.773897098945
Llama-3-70B,8,100,empirical_plugin,756,0.7565,0.773897098945
Llama-3-70B,8,100,empirical_plugin,757,0.7575,0.773897098945
Llama-3-70B,8,100,empirical_plugin,758,0.7585,0.773897098945
Llama-3-70B,8,100,empirical_plugin,759,0.7595,0.773897098945
Llama-3-70B,8,100,empirical_plugin,760,0.7605,0.773897098945
Llama-3-70B,8,100,empirical_plugin,761,0.7615,0.773897098945
Llama-3-70B,8,100,empirical_plugin,762,0.7625,0.773897098945
Llama-3-70B,8,100,empirical_plugin,763,0.7635,0.773897098945
Llama-3-70B,8,100,empirical_plugin,764,0.7645,0.773897098945
Llama-3-70B,8,100,empirical_plugin,765,0.7655,0.773897098945
Llama-3-70B,8,100,empirical_plugin,766,0.7665,0.773897098945
Llama-3-70B,8,100,empirical_plugin,767,0.7675,0.773897098945
Llama-3-70B,8,100,empirical_plugin,768,0.7685,0.773897098945
Llama-3-70B,8,100,empirical_plugin,769,0.7695,0.773897098945
Llama-3-70B,8,100,empirical_plugin,770,0.7705,0.773897098945
Llama-3-70B,8,100,empirical_plugin,771,0.7715,0.773897098945
Llama-3-70B,8,100,empirical_plugin,772,0.7725,0.773897098945
Llama-3-70B,8,100,empirical_plugin,773,0.7735,0.773897098945
Llama-3-70B,8,100,empirical_plugin,774,0.7745,0.773897098945
Llama-3-70B,8,100,empirical_plugin,775,0.7755,0.773897098945
Llama-3-70B,8,100,empirical_plugin,776,0.7765,0.773897098945
Llama-3-70B,8,100,empirical_plugin,777,0.7775,0.773897098945
Llama-3-70B,8,100,empirical_plugin,778,0.7785,0.773897098945
Llama-3-70B,8,100,empirical_plugin,779,0.7795,0.773897098945
Llama-3-70B,8,100,empirical_plugin,780,0.7805,0.773897098945
Llama-3-70B,8,100,empirical_plugin,781,0.7815,0.773897098945
Llama-3-70B,8,100,empirical_plugin,782,0.7825,0.773897098945
Llama-3-70B,8,100,empirical_plugin,783,0.7835,0.773897098945
Llama-3-70B,8,100,empirical_plugin,784,0.7845,0.773897098945
Llama-3-70B,8,100,empirical_plugin,785,0.7855,0.773897098945
Llama-3-70B,8,100,empirical_plugin,786,0.7865,0.773897098945
Llama-3-70B,8,100,empirical_plugin,787,0.7875,0.773897098945
Llama-3-70B,8,100,empirical_plugin,788,0.7885,0.773897098945
Llama-3-70B,8,100,empirical_plugin,789,0.7895,0.773897098945
Llama-3-70B,8,100,empirical_plugin,790,0.7905,0.773897098945
Llama-3-70B,8,100,empirical_plugin,791,0.7915,0.773897098945
Llama-3-70B,8,100,empirical_plugin,792,0.7925,0.773897098945
Llama-3-70B,8,100,empirical_plugin,793,0.7935,0.773897098945
Llama-3-70B,8,100,empirical_plugin,794,0.7945,0.773897098945
Llama-3-70B,8,100,empirical_plugin,795,0.7955,0.773897098945
Llama-3-70B,8,100,empirical_plugin,796,0.7965,0.773897098945
Llama-3-70B,8,100,empirical_plugin,797,0.7975,0.773897098945
Llama-3-70B,8,100,empirical_plugin,798,0.7985,0.773897098945
Llama-3-70B,8,100,empirical_plugin,799,0.7995,0.773897098945
Llama-3-70B,8,100,empirical_plugin,800,0.8005,0.773897098945
Llama-3-70B,8,100,empirical_plugin,801,0.8015,0.773897098945
Llama-3-70B,8,100,empirical_plugin,802,0.8025,0.773897098945
Llama-3-70B,8,100,empirical_plugin,803,0.8035,0.773897098945
Llama-3-70B,8,100,empirical_plugin,804,0.8045,0.773897098945
Llama-3-70B,8,100,empirical_plugin,805,0.8055,0.773897098945
Llama-3-70B,8,100,empirical_plugin,806,0.8065,0.773897098945
Llama-3-70B,8,100,empirical_plugin,807,0.8075,0.773897098945
Llama-3-70B,8,100,empirical_plugin,808,0.8085,0.773897098945
Llama-3-70B,8,100,empirical_plugin,809,0.8095,0.773897098945
Llama-3-70B,8,100,empirical_plugin,810,0.8105,0.773897098945
Llama-3-70B,8,100,empirical_plugin,811,0.8115,0.773897098945
Llama-3-70B,8,100,empirical_plugin,812,0.8125,0.773897098945
Llama-3-70B,8,100,empirical_plugin,813,0.8135,0.773897098945
Llama-3-70B,8,100,empirical_plugin,814,0.8145,0.773897098945
Llama-3-70B,8,100,empirical_plugin,815,0.8155,0.773897098945
Llama-3-70B,8,100,empirical_plugin,816,0.8165,0.773897098945
Llama-3-70B,8,100,empirical_plugin,817,0.8175,0.773897098945
Llama-3-70B,8,100,empirical_plugin,818,0.8185,0.773897098945
Llama-3-70B,8,100,empirical_plugin,819,0.8195,0.773897098945
Llama-3-70B,8,100,empirical_plugin,820,0.8205,0.773897098945
Llama-3-70B,8,100,empirical_plugin,821,0.8215,0.773897098945
Llama-3-70B,8,100,empirical_plugin,822,0.8225,0.773897098945
Llama-3-70B,8,100,empirical_plugin,823,0.8235,0.773897098945
Llama-3-70B,8,100,empirical_plugin,824,0.8245,0.773897098945
Llama-3-70B,8,100,empirical_plugin,825,0.8255,0.773897098945
Llama-3-70B,8,100,empirical_plugin,826,0.8265,0.773897098945
Llama-3-70B,8,100,empirical_plugin,827,0.8275,0.773897098945
Llama-3-70B,8,100,empirical_plugin,828,0.8285,0.773897098945
Llama-3-70B,8,100,empirical_plugin,829,0.8295,0.773897098945
Llama-3-70B,8,100,empirical_plugin,830,0.8305,0.773897098945
Llama-3-70B,8,100,empirical_plugin,831,0.8315,0.773897098945
Llama-3-70B,8,100,empirical_plugin,832,0.8325,0.773897098945
Llama-3-70B,8,100,empirical_plugin,833,0.8335,0.773897098945
Llama-3-70B,8,100,empirical_plugin,834,0.8345,0.773897098945
Llama-3-70B,8,100,empirical_plugin,835,0.8355,0.773897098945
Llama-3-70B,8,100,empirical_plugin,836,0.8365,0.773897098945
Llama-3-70B,8,100,empirical_plugin,837,0.8375,0.773897098945
Llama-3-70B,8,100,empirical_plugin,838,0.8385,0.773897098945
Llama-3-70B,8,100,empirical_plugin,839,0.8395,0.773897098945
Llama-3-70B,8,100,empirical_plugin,840,0.8405,0.773897098945
Llama-3-70B,8,100,empirical_plugin,841,0.8415,0.773897098945
Llama-3-70B,8,100,empirical_plugin,842,0.8425,0.773897098945
Llama-3-70B,8,100,empirical_plugin,843,0.8435,0.773897098945
Llama-3-70B,8,100,empirical_plugin,844,0.8445,0.773897098945
Llama-3-70B,8,100,empirical_plugin,845,0.8455,0.773897098945
Llama-3-70B,8,100,empirical_plugin,846,0.8465,0.773897098945
Llama-3-70B,8,100,empirical_plugin,847,0.8475,0.773897098945
Llama-3-70B,8,100,empirical_plugin,848,0.8485,0.773897098945
Llama-3-70B,8,100,empirical_plugin,849,0.8495,0.773897098945
Llama-3-70B,8,100,empirical_plugin,850,0.8505,0.775929619271
Llama-3-70B,8,100,empirical_plugin,851,0.8515,0.775929619271
Llama-3-70B,8,100,empirical_plugin,852,0.8525,0.775929619271
Llama-3-70B,8,100,empirical_plugin,853,0.8535,0.775929619271
Llama-3-70B,8,100,empirical_plugin,854,0.8545,0.775929619271
Llama-3-70B,8,100,empirical_plugin,855,0.8555,0.775929619271
Llama-3-70B,8,100,empirical_plugin,856,0.8565,0.775929619271
Llama-3-70B,8,100,empirical_plugin,857,0.8575,0.775929619271
Llama-3-70B,8,100,empirical_plugin,858,0.8585,0.775929619271
Llama-3-70B,8,100,empirical_plugin,859,0.8595,0.775929619271
Llama-3-70B,8,100,empirical_plugin,860,0.8605,0.781672670887
Llama-3-70B,8,100,empirical_plugin,861,0.8615,0.781672670887
Llama-3-70B,8,100,empirical_plugin,862,0.8625,0.781672670887
Llama-3-70B,8,100,empirical_plugin,863,0.8635,0.781672670887
Llama-3-70B,8,100,empirical_plugin,864,0.8645,0.781672670887
Llama-3-70B,8,100,empirical_plugin,865,0.8655,0.781672670887
Llama-3-70B,8,100,empirical_plugin,866,0.8665,0.781672670887
Llama-3-70B,8,100,empirical_plugin,867,0.8675,0.781672670887
Llama-3-70B,8,100,empirical_plugin,868,0.8685,0.781672670887
Llama-3-70B,8,100,empirical_plugin,869,0.8695,0.781672670887
Llama-3-70B,8,100,empirical_plugin,870,0.8705,0.777467456421
Llama-3-70B,8,100,empirical_plugin,871,0.8715,0.777467456421
Llama-3-70B,8,100,empirical_plugin,872,0.8725,0.777467456421
Llama-3-70B,8,100,empirical_plugin,873,0.8735,0.777467456421
Llama-3-70B,8,100,empirical_plugin,874,0.8745,0.777467456421
Llama-3-70B,8,100,empirical_plugin,875,0.8755,0.777467456421
Llama-3-70B,8,100,empirical_plugin,876,0.8765,0.777467456421
Llama-3-70B,8,100,empirical_plugin,877,0.8775,0.777467456421
Llama-3-70B,8,100,empirical_plugin,878,0.8785,0.777467456421
Llama-3-70B,8,100,empirical_plugin,879,0.8795,0.777467456421
Llama-3-70B,8,100,empirical_plugin,880,0.8805,0.783565017397
Llama-3-70B,8,100,empirical_plugin,881,0.8815,0.783565017397
Llama-3-70B,8,100,empirical_plugin,882,0.8825,0.783565017397
Llama-3-70B,8,100,empirical_plugin,883,0.8835,0.783565017397
Llama-3-70B,8,100,empirical_plugin,884,0.8845,0.783565017397
Llama-3-70B,8,100,empirical_plugin,885,0.8855,0.783565017397
Llama-3-70B,8,100,empirical_plugin,886,0.8865,0.783565017397
Llama-3-70B,8,100,empirical_plugin,887,0.8875,0.783565017397
Llama-3-70B,8,100,empirical_plugin,888,0.8885,0.783565017397
Llama-3-70B,8,100,empirical_plugin,889,0.8895,0.783565017397
Llama-3-70B,8,100,empirical_plugin,890,0.8905,0.783565017397
Llama-3-70B,8,100,empirical_plugin,891,0.8915,0.783565017397
Llama-3-70B,8,100,empirical_plugin,892,0.8925,0.783565017397
Llama-3-70B,8,100,empirical_plugin,893,0.8935,0.783565017397
Llama-3-70B,8,100,empirical_plugin,894,0.8945,0.783565017397
Llama-3-70B,8,100,empirical_plugin,895,0.8955,0.783565017397
Llama-3-70B,8,100,empirical_plugin,896,0.8965,0.783565017397
Llama-3-70B,8,100,empirical_plugin,897,0.8975,0.783565017397
Llama-3-70B,8,100,empirical_plugin,898,0.8985,0.783565017397
Llama-3-70B,8,100,empirical_plugin,899,0.8995,0.783565017397
Llama-3-70B,8,100,empirical_plugin,900,0.9005,0.783565017397
Llama-3-70B,8,100,empirical_plugin,901,0.9015,0.783565017397
Llama-3-70B,8,100,empirical_plugin,902,0.9025,0.783565017397
Llama-3-70B,8,100,empirical_plugin,903,0.9035,0.783565017397
Llama-3-70B,8,100,empirical_plugin,904,0.9045,0.783565017397
Llama-3-70B,8,100,empirical_plugin,905,0.9055,0.783565017397
Llama-3-70B,8,100,empirical_plugin,906,0.9065,0.783565017397
Llama-3-70B,8,100,empirical_plugin,907,0.9075,0.783565017397
Llama-3-70B,8,100,empirical_plugin,908,0.9085,0.783565017397
Llama-3-70B,8,100,empirical_plugin,909,0.9095,0.783565017397
Llama-3-70B,8,100,empirical_plugin,910,0.9105,0.783565017397
Llama-3-70B,8,100,empirical_plugin,911,0.9115,0.783565017397
Llama-3-70B,8,100,empirical_plugin,912,0.9125,0.783565017397
Llama-3-70B,8,100,empirical_plugin,913,0.9135,0.783565017397
Llama-3-70B,8,100,empirical_plugin,914,0.9145,0.783565017397
Llama-3-70B,8,100,empirical_plugin,915,0.9155,0.783565017397
Llama-3-70B,8,100,empirical_plugin,916,0.9165,0.783565017397
Llama-3-70B,8,100,empirical_plugin,917,0.9175,0.783565017397
Llama-3-70B,8,100,empirical_plugin,918,0.9185,0.783565017397
Llama-3-70B,8,100,empirical_plugin,919,0.9195,0.783565017397
Llama-3-70B,8,100,empirical_plugin,920,0.9205,0.788519285689
Llama-3-70B,8,100,empirical_plugin,921,0.9215,0.788519285689
Llama-3-70B,8,100,empirical_plugin,922,0.9225,0.788519285689
Llama-3-70B,8,100,empirical_plugin,923,0.9235,0.788519285689
Llama-3-70B,8,100,empirical_plugin,924,0.9245,0.788519285689
Llama-3-70B,8,100,empirical_plugin,925,0.9255,0.788519285689
Llama-3-70B,8,100,empirical_plugin,926,0.9265,0.788519285689
Llama-3-70B,8,100,empirical_plugin,927,0.9275,0.788519285689
Llama-3-70B,8,100,empirical_plugin,928,0.9285,0.788519285689
Llama-3-70B,8,100,empirical_plugin,929,0.9295,0.788519285689
Llama-3-70B,8,100,empirical_plugin,930,0.9305,0.788519285689
Llama-3-70B,8,100,empirical_plugin,931,0.9315,0.788519285689
Llama-3-70B,8,100,empirical_plugin,932,0.9325,0.788519285689
Llama-3-70B,8,100,empirical_plugin,933,0.9335,0.788519285689
Llama-3-70B,8,100,empirical_plugin,934,0.9345,0.788519285689
Llama-3-70B,8,100,empirical_plugin,935,0.9355,0.788519285689
Llama-3-70B,8,100,empirical_plugin,936,0.9365,0.788519285689
Llama-3-70B,8,100,empirical_plugin,937,0.9375,0.788519285689
Llama-3-70B,8,100,empirical_plugin,938,0.9385,0.788519285689
Llama-3-70B,8,100,empirical_plugin,939,0.9395,0.788519285689
Llama-3-70B,8,100,empirical_plugin,940,0.9405,0.788519285689
Llama-3-70B,8,100,empirical_plugin,941,0.9415,0.788519285689
Llama-3-70B,8,100,empirical_plugin,942,0.9425,0.788519285689
Llama-3-70B,8,100,empirical_plugin,943,0.9435,0.788519285689
Llama-3-70B,8,100,empirical_plugin,944,0.9445,0.788519285689
Llama-3-70B,8,100,empirical_plugin,945,0.9455,0.788519285689
Llama-3-70B,8,100,empirical_plugin,946,0.9465,0.788519285689
Llama-3-70B,8,100,empirical_plugin,947,0.9475,0.788519285689
Llama-3-70B,8,100,empirical_plugin,948,0.9485,0.788519285689
Llama-3-70B,8,100,empirical_plugin,949,0.9495,0.788519285689
Llama-3-70B,8,100,empirical_plugin,950,0.9505,0.788519285689
Llama-3-70B,8,100,empirical_plugin,951,0.9515,0.788519285689
Llama-3-70B,8,100,empirical_plugin,952,0.9525,0.788519285689
Llama-3-70B,8,100,empirical_plugin,953,0.9535,0.788519285689
Llama-3-70B,8,100,empirical_plugin,954,0.9545,0.788519285689
Llama-3-70B,8,100,empirical_plugin,955,0.9555,0.788519285689
Llama-3-70B,8,100,empirical_plugin,956,0.9565,0.788519285689
Llama-3-70B,8,100,empirical_plugin,957,0.9575,0.788519285689
Llama-3-70B,8,100,empirical_plugin,958,0.9585,0.788519285689
Llama-3-70B,8,100,empirical_plugin,959,0.9595,0.788519285689
Llama-3-70B,8,100,empirical_plugin,960,0.9605,0.788519285689
Llama-3-70B,8,100,empirical_plugin,961,0.9615,0.788519285689
Llama-3-70B,8,100,empirical_plugin,962,0.9625,0.788519285689
Llama-3-70B,8,100,empirical_plugin,963,0.9635,0.788519285689
Llama-3-70B,8,100,empirical_plugin,964,0.9645,0.788519285689
Llama-3-70B,8,100,empirical_plugin,965,0.9655,0.788519285689
Llama-3-70B,8,100,empirical_plugin,966,0.9665,0.788519285689
Llama-3-70B,8,100,empirical_plugin,967,0.9675,0.788519285689
Llama-3-70B,8,100,empirical_plugin,968,0.9685,0.788519285689
Llama-3-70B,8,100,empirical_plugin,969,0.9695,0.788519285689
Llama-3-70B,8,100,empirical_plugin,970,0.9705,0.786947749356
Llama-3-70B,8,100,empirical_plugin,971,0.9715,0.786947749356
Llama-3-70B,8,100,empirical_plugin,972,0.9725,0.786947749356
Llama-3-70B,8,100,empirical_plugin,973,0.9735,0.786947749356
Llama-3-70B,8,100,empirical_plugin,974,0.9745,0.786947749356
Llama-3-70B,8,100,empirical_plugin,975,0.9755,0.786947749356
Llama-3-70B,8,100,empirical_plugin,976,0.9765,0.786947749356
Llama-3-70B,8,100,empirical_plugin,977,0.9775,0.786947749356
Llama-3-70B,8,100,empirical_plugin,978,0.9785,0.786947749356
Llama-3-70B,8,100,empirical_plugin,979,0.9795,0.786947749356
Llama-3-70B,8,100,empirical_plugin,980,0.9805,0.793045310331
Llama-3-70B,8,100,empirical_plugin,981,0.9815,0.793045310331
Llama-3-70B,8,100,empirical_plugin,982,0.9825,0.793045310331
Llama-3-70B,8,100,empirical_plugin,983,0.9835,0.793045310331
Llama-3-70B,8,100,empirical_plugin,984,0.9845,0.793045310331
Llama-3-70B,8,100,empirical_plugin,985,0.9855,0.793045310331
Llama-3-70B,8,100,empirical_plugin,986,0.9865,0.793045310331
Llama-3-70B,8,100,empirical_plugin,987,0.9875,0.793045310331
Llama-3-70B,8,100,empirical_plugin,988,0.9885,0.793045310331
Llama-3-70B,8,100,empirical_plugin,989,0.9895,0.793045310331
Llama-3-70B,8,100,empirical_plugin,990,0.9905,0.786947749356
Llama-3-70B,8,100,empirical_plugin,991,0.9915,0.786947749356
Llama-3-70B,8,100,empirical_plugin,992,0.9925,0.786947749356
Llama-3-70B,8,100,empirical_plugin,993,0.9935,0.786947749356
Llama-3-70B,8,100,empirical_plugin,994,0.9945,0.786947749356
Llama-3-70B,8,100,empirical_plugin,995,0.9955,0.786947749356
Llama-3-70B,8,100,empirical_plugin,996,0.9965,0.786947749356
Llama-3-70B,8,100,empirical_plugin,997,0.9975,0.786947749356
Llama-3-70B,8,100,empirical_plugin,998,0.9985,0.786947749356
Llama-3-70B,8,100,empirical_plugin,999,0.9995,0.786947749356
Llama-3-70B,8,100,lower_extremizer,0,0.0005,0
Llama-3-70B,8,100,lower_extremizer,1,0.0015,0
Llama-3-70B,8,100,lower_extremizer,2,0.0025,0
Llama-3-70B,8,100,lower_extremizer,3,0.0035,0
Llama-3-70B,8,100,lower_extremizer,4,0.0045,0
Llama-3-70B,8,100,lower_extremizer,5,0.0055,0
Llama-3-70B,8,100,lower_extremizer,6,0.0065,0
Llama-3-70B,8,100,lower_extremizer,7,0.0075,0
Llama-3-70B,8,100,lower_extremizer,8,0.0085,0
Llama-3-70B,8,100,lower_extremizer,9,0.0095,0
Llama-3-70B,8,100,lower_extremizer,10,0.0105,0
Llama-3-70B,8,100,lower_extremizer,11,0.0115,0
Llama-3-70B,8,100,lower_extremizer,12,0.0125,0
Llama-3-70B,8,100,lower_extremizer,13,0.0135,0
Llama-3-70B,8,100,lower_extremizer,14,0.0145,0
Llama-3-70B,8,100,lower_extremizer,15,0.0155,0
Llama-3-70B,8,100,lower_extremizer,16,0.0165,0
Llama-3-70B,8,100,lower_extremizer,17,0.0175,0
Llama-3-70B,8,100,lower_extremizer,18,0.0185,0
Llama-3-70B,8,100,lower_extremizer,19,0.0195,0
Llama-3-70B,8,100,lower_extremizer,20,0.0205,0
Llama-3-70B,8,100,lower_extremizer,21,0.0215,0.996799889549
Llama-3-70B,8,100,lower_extremizer,22,0.0225,1
Llama-3-70B,8,100,lower_extremizer,23,0.0235,1
Llama-3-70B,8,100,lower_extremizer,24,0.0245,1
Llama-3-70B,8,100,lower_extremizer,25,0.0255,1
Llama-3-70B,8,100,lower_extremizer,26,0.0265,1
Llama-3-70B,8,100,lower_extremizer,27,0.0275,1
Llama-3-70B,8,100,lower_extremizer,28,0.0285,1
Llama-3-70B,8,100,lower_extremizer,29,0.0295,1
Llama-3-70B,8,100,lower_extremizer,30,0.0305,1
Llama-3-70B,8,100,lower_extremizer,31,0.0315,1
Llama-3-70B,8,100,lower_extremizer,32,0.0325,1
Llama-3-70B,8,100,lower_extremizer,33,0.0335,1
Llama-3-70B,8,100,lower_extremizer,34,0.0345,1
Llama-3-70B,8,100,lower_extremizer,35,0.0355,1
Llama-3-70B,8,100,lower_extremizer,36,0.0365,1
Llama-3-70B,8,100,lower_extremizer,37,0.0375,1
Llama-3-70B,8,100,lower_extremizer,38,0.0385,1
Llama-3-70B,8,100,lower_extremizer,39,0.0395,1
Llama-3-70B,8,100,lower_extremizer,40,0.0405,1
Llama-3-70B,8,100,lower_extremizer,41,0.0415,1
Llama-3-70B,8,100,lower_extremizer,42,0.0425,1
Llama-3-70B,8,100,lower_extremizer,43,0.0435,1
Llama-3-70B,8,100,lower_extremizer,44,0.0445,1
Llama-3-70B,8,100,lower_extremizer,45,0.0455,1
Llama-3-70B,8,100,lower_extremizer,46,0.0465,1
Llama-3-70B,8,100,lower_extremizer,47,0.0475,1
Llama-3-70B,8,100,lower_extremizer,48,0.0485,1
Llama-3-70B,8,100,lower_extremizer,49,0.0495,1
Llama-3-70B,8,100,lower_extremizer,50,0.0505,1
Llama-3-70B,8,100,lower_extremizer,51,0.0515,1
Llama-3-70B,8,100,lower_extremizer,52,0.0525,1
Llama-3-70B,8,100,lower_extremizer,53,0.0535,1
Llama-3-70B,8,100,lower_extremizer,54,0.0545,1
Llama-3-70B,8,100,lower_extremizer,55,0.0555,1
Llama-3-70B,8,100,lower_extremizer,56,0.0565,1
Llama-3-70B,8,100,lower_extremizer,57,0.0575,1
Llama-3-70B,8,100,lower_extremizer,58,0.0585,1
Llama-3-70B,8,100,lower_extremizer,59,0.0595,1
Llama-3-70B,8,100,lower_extremizer,60,0.0605,1
Llama-3-70B,8,100,lower_extremizer,61,0.0615,1
Llama-3-70B,8,100,lower_extremizer,62,0.0625,1
Llama-3-70B,8,100,lower_extremizer,63,0.0635,1
Llama-3-70B,8,100,lower_extremizer,64,0.0645,1
Llama-3-70B,8,100,lower_extremizer,65,0.0655,1
Llama-3-70B,8,100,lower_extremizer,66,0.0665,1
Llama-3-70B,8,100,lower_extremizer,67,0.0675,1
Llama-3-70B,8,100,lower_extremizer,68,0.0685,1
Llama-3-70B,8,100,lower_extremizer,69,0.0695,1
Llama-3-70B,8,100,lower_extremizer,70,0.0705,1
Llama-3-70B,8,100,lower_extremizer,71,0.0715,1
Llama-3-70B,8,100,lower_extremizer,72,0.0725,1
Llama-3-70B,8,100,lower_extremizer,73,0.0735,1
Llama-3-70B,8,100,lower_extremizer,74,0.0745,1
Llama-3-70B,8,100,lower_extremizer,75,0.0755,1
Llama-3-70B,8,100,lower_extremizer,76,0.0765,1
Llama-3-70B,8,100,lower_extremizer,77,0.0775,1
Llama-3-70B,8,100,lower_extremizer,78,0.0785,1
Llama-3-70B,8,100,lower_extremizer,79,0.0795,1
Llama-3-70B,8,100,lower_extremizer,80,0.0805,1
Llama-3-70B,8,100,lower_extremizer,81,0.0815,1
Llama-3-70B,8,100,lower_extremizer,82,0.0825,1
Llama-3-70B,8,100,lower_extremizer,83,0.0835,1
Llama-3-70B,8,100,lower_extremizer,84,0.0845,1
Llama-3-70B,8,100,lower_extremizer,85,0.0855,1
Llama-3-70B,8,100,lower_extremizer,86,0.0865,1
Llama-3-70B,8,100,lower_extremizer,87,0.0875,1
Llama-3-70B,8,100,lower_extremizer,88,0.0885,1
Llama-3-70B,8,100,lower_extremizer,89,0.0895,1
Llama-3-70B,8,100,lower_extremizer,90,0.0905,1
Llama-3-70B,8,100,lower_extremizer,91,0.0915,1
Llama-3-70B,8,100,lower_extremizer,92,0.0925,1
Llama-3-70B,8,100,lower_extremizer,93,0.0935,1
Llama-3-70B,8,100,lower_extremizer,94,0.0945,1
Llama-3-70B,8,100,lower_extremizer,95,0.0955,1
Llama-3-70B,8,100,lower_extremizer,96,0.0965,1
Llama-3-70B,8,100,lower_extremizer,97,0.0975,1
Llama-3-70B,8,100,lower_extremizer,98,0.0985,1
Llama-3-70B,8,100,lower_extremizer,99,0.0995,1
Llama-3-70B,8,100,lower_extremizer,100,0.1005,1
Llama-3-70B,8,100,lower_extremizer,101,0.1015,1
Llama-3-70B,8,100,lower_extremizer,102,0.1025,1
Llama-3-70B,8,100,lower_extremizer,103,0.1035,1
Llama-3-70B,8,100,lower_extremizer,104,0.1045,1
Llama-3-70B,8,100,lower_extremizer,105,0.1055,1
Llama-3-70B,8,100,lower_extremizer,106,0.1065,1
Llama-3-70B,8,100,lower_extremizer,107,0.1075,1
Llama-3-70B,8,100,lower_extremizer,108,0.1085,1
Llama-3-70B,8,100,lower_extremizer,109,0.1095,1
Llama-3-70B,8,100,lower_extremizer,110,0.1105,1
Llama-3-70B,8,100,lower_extremizer,111,0.1115,1
Llama-3-70B,8,100,lower_extremizer,112,0.1125,1
Llama-3-70B,8,100,lower_extremizer,113,0.1135,1
Llama-3-70B,8,100,lower_extremizer,114,0.1145,1
Llama-3-70B,8,100,lower_extremizer,115,0.1155,1
Llama-3-70B,8,100,lower_extremizer,116,0.1165,1
Llama-3-70B,8,100,lower_extremizer,117,0.1175,1
Llama-3-70B,8,100,lower_extremizer,118,0.1185,1
Llama-3-70B,8,100,lower_extremizer,119,0.1195,1
Llama-3-70B,8,100,lower_extremizer,120,0.1205,1
Llama-3-70B,8,100,lower_extremizer,121,0.1215,1
Llama-3-70B,8,100,lower_extremizer,122,0.1225,1
Llama-3-70B,8,100,lower_extremizer,123,0.1235,1
Llama-3-70B,8,100,lower_extremizer,124,0.1245,1
Llama-3-70B,8,100,lower_extremizer,125,0.1255,1
Llama-3-70B,8,100,lower_extremizer,126,0.1265,1
Llama-3-70B,8,100,lower_extremizer,127,0.1275,1
Llama-3-70B,8,100,lower_extremizer,128,0.1285,1
Llama-3-70B,8,100,lower_extremizer,129,0.1295,1
Llama-3-70B,8,100,lower_extremizer,130,0.1305,1
Llama-3-70B,8,100,lower_extremizer,131,0.1315,0.137584375776
Llama-3-70B,8,100,lower_extremizer,132,0.1325,0
Llama-3-70B,8,100,lower_extremizer,133,0.1335,0
Llama-3-70B,8,100,lower_extremizer,134,0.1345,0
Llama-3-70B,8,100,lower_extremizer,135,0.1355,0
Llama-3-70B,8,100,lower_extremizer,136,0.1365,0
Llama-3-70B,8,100,lower_extremizer,137,0.1375,0
Llama-3-70B,8,100,lower_extremizer,138,0.1385,0
Llama-3-70B,8,100,lower_extremizer,139,0.1395,0
Llama-3-70B,8,100,lower_extremizer,140,0.1405,0
Llama-3-70B,8,100,lower_extremizer,141,0.1415,0
Llama-3-70B,8,100,lower_extremizer,142,0.1425,0
Llama-3-70B,8,100,lower_extremizer,143,0.1435,0
Llama-3-70B,8,100,lower_extremizer,144,0.1445,0
Llama-3-70B,8,100,lower_extremizer,145,0.1455,0
Llama-3-70B,8,100,lower_extremizer,146,0.1465,0
Llama-3-70B,8,100,lower_extremizer,147,0.1475,0
Llama-3-70B,8,100,lower_extremizer,148,0.1485,0
Llama-3-70B,8,100,lower_extremizer,149,0.1495,0
Llama-3-70B,8,100,lower_extremizer,150,0.1505,0
Llama-3-70B,8,100,lower_extremizer,151,0.1515,0
Llama-3-70B,8,100,lower_extremizer,152,0.1525,0
Llama-3-70B,8,100,lower_extremizer,153,0.1535,0
Llama-3-70B,8,100,lower_extremizer,154,0.1545,0
Llama-3-70B,8,100,lower_extremizer,155,0.1555,0
Llama-3-70B,8,100,lower_extremizer,156,0.1565,0
Llama-3-70B,8,100,lower_extremizer,157,0.1575,0
Llama-3-70B,8,100,lower_extremizer,158,0.1585,0
Llama-3-70B,8,100,lower_extremizer,159,0.1595,0
Llama-3-70B,8,100,lower_extremizer,160,0.1605,0
Llama-3-70B,8,100,lower_extremizer,161,0.1615,0
Llama-3-70B,8,100,lower_extremizer,162,0.1625,0
Llama-3-70B,8,100,lower_extremizer,163,0.1635,0
Llama-3-70B,8,100,lower_extremizer,164,0.1645,0
Llama-3-70B,8,100,lower_extremizer,165,0.1655,0
Llama-3-70B,8,100,lower_extremizer,166,0.1665,0
Llama-3-70B,8,100,lower_extremizer,167,0.1675,0
Llama-3-70B,8,100,lower_extremizer,168,0.1685,0
Llama-3-70B,8,100,lower_extremizer,169,0.1695,0
Llama-3-70B,8,100,lower_extremizer,170,0.1705,0
Llama-3-70B,8,100,lower_extremizer,171,0.1715,0
Llama-3-70B,8,100,lower_extremizer,172,0.1725,0
Llama-3-70B,8,100,lower_extremizer,173,0.1735,0
Llama-3-70B,8,100,lower_extremizer,174,0.1745,0
Llama-3-70B,8,100,lower_extremizer,175,0.1755,0
Llama-3-70B,8,100,lower_extremizer,176,0.1765,0
Llama-3-70B,8,100,lower_extremizer,177,0.1775,0
Llama-3-70B,8,100,lower_extremizer,178,0.1785,0
Llama-3-70B,8,100,lower_extremizer,179,0.1795,0
Llama-3-70B,8,100,lower_extremizer,180,0.1805,0
Llama-3-70B,8,100,lower_extremizer,181,0.1815,0
Llama-3-70B,8,100,lower_extremizer,182,0.1825,0
Llama-3-70B,8,100,lower_extremizer,183,0.1835,0
Llama-3-70B,8,100,lower_extremizer,184,0.1845,0
Llama-3-70B,8,100,lower_extremizer,185,0.1855,0
Llama-3-70B,8,100,lower_extremizer,186,0.1865,0
Llama-3-70B,8,100,lower_extremizer,187,0.1875,0
Llama-3-70B,8,100,lower_extremizer,188,0.1885,0
Llama-3-70B,8,100,lower_extremizer,189,0.1895,0
Llama-3-70B,8,100,lower_extremizer,190,0.1905,0
Llama-3-70B,8,100,lower_extremizer,191,0.1915,0
Llama-3-70B,8,100,lower_extremizer,192,0.1925,0
Llama-3-70B,8,100,lower_extremizer,193,0.1935,0
Llama-3-70B,8,100,lower_extremizer,194,0.1945,0
Llama-3-70B,8,100,lower_extremizer,195,0.1955,0
Llama-3-70B,8,100,lower_extremizer,196,0.1965,0
Llama-3-70B,8,100,lower_extremizer,197,0.1975,0
Llama-3-70B,8,100,lower_extremizer,198,0.1985,0
Llama-3-70B,8,100,lower_extremizer,199,0.1995,0
Llama-3-70B,8,100,lower_extremizer,200,0.2005,0
Llama-3-70B,8,100,lower_extremizer,201,0.2015,0
Llama-3-70B,8,100,lower_extremizer,202,0.2025,0
Llama-3-70B,8,100,lower_extremizer,203,0.2035,0
Llama-3-70B,8,100,lower_extremizer,204,0.2045,0
Llama-3-70B,8,100,lower_extremizer,205,0.2055,0
Llama-3-70B,8,100,lower_extremizer,206,0.2065,0
Llama-3-70B,8,100,lower_extremizer,207,0.2075,0
Llama-3-70B,8,100,lower_extremizer,208,0.2085,0
Llama-3-70B,8,100,lower_extremizer,209,0.2095,0
Llama-3-70B,8,100,lower_extremizer,210,0.2105,0.0827099683193
Llama-3-70B,8,100,lower_extremizer,211,0.2115,1
Llama-3-70B,8,100,lower_extremizer,212,0.2125,1
Llama-3-70B,8,100,lower_extremizer,213,0.2135,1
Llama-3-70B,8,100,lower_extremizer,214,0.2145,1
Llama-3-70B,8,100,lower_extremizer,215,0.2155,1
Llama-3-70B,8,100,lower_extremizer,216,0.2165,1
Llama-3-70B,8,100,lower_extremizer,217,0.2175,1
Llama-3-70B,8,100,lower_extremizer,218,0.2185,1
Llama-3-70B,8,100,lower_extremizer,219,0.2195,1
Llama-3-70B,8,100,lower_extremizer,220,0.2205,1
Llama-3-70B,8,100,lower_extremizer,221,0.2215,1
Llama-3-70B,8,100,lower_extremizer,222,0.2225,1
Llama-3-70B,8,100,lower_extremizer,223,0.2235,1
Llama-3-70B,8,100,lower_extremizer,224,0.2245,1
Llama-3-70B,8,100,lower_extremizer,225,0.2255,1
Llama-3-70B,8,100,lower_extremizer,226,0.2265,1
Llama-3-70B,8,100,lower_extremizer,227,0.2275,1
Llama-3-70B,8,100,lower_extremizer,228,0.2285,1
Llama-3-70B,8,100,lower_extremizer,229,0.2295,1
Llama-3-70B,8,100,lower_extremizer,230,0.2305,1
Llama-3-70B,8,100,lower_extremizer,231,0.2315,1
Llama-3-70B,8,100,lower_extremizer,232,0.2325,1
Llama-3-70B,8,100,lower_extremizer,233,0.2335,1
Llama-3-70B,8,100,lower_extremizer,234,0.2345,1
Llama-3-70B,8,100,lower_extremizer,235,0.2355,1
Llama-3-70B,8,100,lower_extremizer,236,0.2365,1
Llama-3-70B,8,100,lower_extremizer,237,0.2375,1
Llama-3-70B,8,100,lower_extremizer,238,0.2385,1
Llama-3-70B,8,100,lower_extremizer,239,0.2395,1
Llama-3-70B,8,100,lower_extremizer,240,0.2405,1
Llama-3-70B,8,100,lower_extremizer,241,0.2415,1
Llama-3-70B,8,100,lower_extremizer,242,0.2425,1
Llama-3-70B,8,100,lower_extremizer,243,0.2435,1
Llama-3-70B,8,100,lower_extremizer,244,0.2445,1
Llama-3-70B,8,100,lower_extremizer,245,0.2455,1
Llama-3-70B,8,100,lower_extremizer,246,0.2465,1
Llama-3-70B,8,100,lower_extremizer,247,0.2475,1
Llama-3-70B,8,100,lower_extremizer,248,0.2485,1
Llama-3-70B,8,100,lower_extremizer,249,0.2495,1
Llama-3-70B,8,100,lower_extremizer,250,0.2505,1
Llama-3-70B,8,100,lower_extremizer,251,0.2515,1
Llama-3-70B,8,100,lower_extremizer,252,0.2525,1
Llama-3-70B,8,100,lower_extremizer,253,0.2535,1
Llama-3-70B,8,100,lower_extremizer,254,0.2545,1
Llama-3-70B,8,100,lower_extremizer,255,0.2555,1
Llama-3-70B,8,100,lower_extremizer,256,0.2565,1
Llama-3-70B,8,100,lower_extremizer,257,0.2575,1
Llama-3-70B,8,100,lower_extremizer,258,0.2585,1
Llama-3-70B,8,100,lower_extremizer,259,0.2595,1
Llama-3-70B,8,100,lower_extremizer,260,0.2605,1
Llama-3-70B,8,100,lower_extremizer,261,0.2615,1
Llama-3-70B,8,100,lower_extremizer,262,0.2625,1
Llama-3-70B,8,100,lower_extremizer,263,0.2635,1
Llama-3-70B,8,100,lower_extremizer,264,0.2645,1
Llama-3-70B,8,100,lower_extremizer,265,0.2655,1
Llama-3-70B,8,100,lower_extremizer,266,0.2665,1
Llama-3-70B,8,100,lower_extremizer,267,0.2675,1
Llama-3-70B,8,100,lower_extremizer,268,0.2685,1
Llama-3-70B,8,100,lower_extremizer,269,0.2695,1
Llama-3-70B,8,100,lower_extremizer,270,0.2705,1
Llama-3-70B,8,100,lower_extremizer,271,0.2715,1
Llama-3-70B,8,100,lower_extremizer,272,0.2725,1
Llama-3-70B,8,100,lower_extremizer,273,0.2735,1
Llama-3-70B,8,100,lower_extremizer,274,0.2745,1
Llama-3-70B,8,100,lower_extremizer,275,0.2755,1
Llama-3-70B,8,100,lower_extremizer,276,0.2765,1
Llama-3-70B,8,100,lower_extremizer,277,0.2775,1
Llama-3-70B,8,100,lower_extremizer,278,0.2785,1
Llama-3-70B,8,100,lower_extremizer,279,0.2795,1
Llama-3-70B,8,100,lower_extremizer,280,0.2805,1
Llama-3-70B,8,100,lower_extremizer,281,0.2815,1
Llama-3-70B,8,100,lower_extremizer,282,0.2825,1
Llama-3-70B,8,100,lower_extremizer,283,0.2835,1
Llama-3-70B,8,100,lower_extremizer,284,0.2845,1
Llama-3-70B,8,100,lower_extremizer,285,0.2855,1
Llama-3-70B,8,100,lower_extremizer,286,0.2865,1
Llama-3-70B,8,100,lower_extremizer,287,0.2875,1
Llama-3-70B,8,100,lower_extremizer,288,0.2885,1
Llama-3-70B,8,100,lower_extremizer,289,0.2895,1
Llama-3-70B,8,100,lower_extremizer,290,0.2905,1
Llama-3-70B,8,100,lower_extremizer,291,0.2915,1
Llama-3-70B,8,100,lower_extremizer,292,0.2925,1
Llama-3-70B,8,100,lower_extremizer,293,0.2935,1
Llama-3-70B,8,100,lower_extremizer,294,0.2945,1
Llama-3-70B,8,100,lower_extremizer,295,0.2955,1
Llama-3-70B,8,100,lower_extremizer,296,0.2965,1
Llama-3-70B,8,100,lower_extremizer,297,0.2975,1
Llama-3-70B,8,100,lower_extremizer,298,0.2985,1
Llama-3-70B,8,100,lower_extremizer,299,0.2995,1
Llama-3-70B,8,100,lower_extremizer,300,0.3005,1
Llama-3-70B,8,100,lower_extremizer,301,0.3015,1
Llama-3-70B,8,100,lower_extremizer,302,0.3025,1
Llama-3-70B,8,100,lower_extremizer,303,0.3035,1
Llama-3-70B,8,100,lower_extremizer,304,0.3045,1
Llama-3-70B,8,100,lower_extremizer,305,0.3055,1
Llama-3-70B,8,100,lower_extremizer,306,0.3065,1
Llama-3-70B,8,100,lower_extremizer,307,0.3075,1
Llama-3-70B,8,100,lower_extremizer,308,0.3085,1
Llama-3-70B,8,100,lower_extremizer,309,0.3095,1
Llama-3-70B,8,100,lower_extremizer,310,0.3105,1
Llama-3-70B,8,100,lower_extremizer,311,0.3115,1
Llama-3-70B,8,100,lower_extremizer,312,0.3125,1
Llama-3-70B,8,100,lower_extremizer,313,0.3135,1
Llama-3-70B,8,100,lower_extremizer,314,0.3145,1
Llama-3-70B,8,100,lower_extremizer,315,0.3155,1
Llama-3-70B,8,100,lower_extremizer,316,0.3165,1
Llama-3-70B,8,100,lower_extremizer,317,0.3175,1
Llama-3-70B,8,100,lower_extremizer,318,0.3185,1
Llama-3-70B,8,100,lower_extremizer,319,0.3195,1
Llama-3-70B,8,100,lower_extremizer,320,0.3205,1
Llama-3-70B,8,100,lower_extremizer,321,0.3215,1
Llama-3-70B,8,100,lower_extremizer,322,0.3225,1
Llama-3-70B,8,100,lower_extremizer,323,0.3235,1
Llama-3-70B,8,100,lower_extremizer,324,0.3245,1
Llama-3-70B,8,100,lower_extremizer,325,0.3255,1
Llama-3-70B,8,100,lower_extremizer,326,0.3265,1
Llama-3-70B,8,100,lower_extremizer,327,0.3275,1
Llama-3-70B,8,100,lower_extremizer,328,0.3285,1
Llama-3-70B,8,100,lower_extremizer,329,0.3295,1
Llama-3-70B,8,100,lower_extremizer,330,0.3305,1
Llama-3-70B,8,100,lower_extremizer,331,0.3315,1
Llama-3-70B,8,100,lower_extremizer,332,0.3325,1
Llama-3-70B,8,100,lower_extremizer,333,0.3335,1
Llama-3-70B,8,100,lower_extremizer,334,0.3345,1
Llama-3-70B,8,100,lower_extremizer,335,0.3355,1
Llama-3-70B,8,100,lower_extremizer,336,0.3365,1
Llama-3-70B,8,100,lower_extremizer,337,0.3375,1
Llama-3-70B,8,100,lower_extremizer,338,0.3385,1
Llama-3-70B,8,100,lower_extremizer,339,0.3395,1
Llama-3-70B,8,100,lower_extremizer,340,0.3405,1
Llama-3-70B,8,100,lower_extremizer,341,0.3415,1
Llama-3-70B,8,100,lower_extremizer,342,0.3425,1
Llama-3-70B,8,100,lower_extremizer,343,0.3435,1
Llama-3-70B,8,100,lower_extremizer,344,0.3445,1
Llama-3-70B,8,100,lower_extremizer,345,0.3455,1
Llama-3-70B,8,100,lower_extremizer,346,0.3465,1
Llama-3-70B,8,100,lower_extremizer,347,0.3475,1
Llama-3-70B,8,100,lower_extremizer,348,0.3485,1
Llama-3-70B,8,100,lower_extremizer,349,0.3495,1
Llama-3-70B,8,100,lower_extremizer,350,0.3505,1
Llama-3-70B,8,100,lower_extremizer,351,0.3515,1
Llama-3-70B,8,100,lower_extremizer,352,0.3525,1
Llama-3-70B,8,100,lower_extremizer,353,0.3535,1
Llama-3-70B,8,100,lower_extremizer,354,0.3545,1
Llama-3-70B,8,100,lower_extremizer,355,0.3555,1
Llama-3-70B,8,100,lower_extremizer,356,0.3565,1
Llama-3-70B,8,100,lower_extremizer,357,0.3575,1
Llama-3-70B,8,100,lower_extremizer,358,0.3585,1
Llama-3-70B,8,100,lower_extremizer,359,0.3595,1
Llama-3-70B,8,100,lower_extremizer,360,0.3605,1
Llama-3-70B,8,100,lower_extremizer,361,0.3615,1
Llama-3-70B,8,100,lower_extremizer,362,0.3625,1
Llama-3-70B,8,100,lower_extremizer,363,0.3635,1
Llama-3-70B,8,100,lower_extremizer,364,0.3645,1
Llama-3-70B,8,100,lower_extremizer,365,0.3655,1
Llama-3-70B,8,100,lower_extremizer,366,0.3665,1
Llama-3-70B,8,100,lower_extremizer,367,0.3675,1
Llama-3-70B,8,100,lower_extremizer,368,0.3685,1
Llama-3-70B,8,100,lower_extremizer,369,0.3695,1
Llama-3-70B,8,100,lower_extremizer,370,0.3705,1
Llama-3-70B,8,100,lower_extremizer,371,0.3715,1
Llama-3-70B,8,100,lower_extremizer,372,0.3725,1
Llama-3-70B,8,100,lower_extremizer,373,0.3735,1
Llama-3-70B,8,100,lower_extremizer,374,0.3745,1
Llama-3-70B,8,100,lower_extremizer,375,0.3755,1
Llama-3-70B,8,100,lower_extremizer,376,0.3765,1
Llama-3-70B,8,100,lower_extremizer,377,0.3775,1
Llama-3-70B,8,100,lower_extremizer,378,0.3785,1
Llama-3-70B,8,100,lower_extremizer,379,0.3795,1
Llama-3-70B,8,100,lower_extremizer,380,0.3805,1
Llama-3-70B,8,100,lower_extremizer,381,0.3815,1
Llama-3-70B,8,100,lower_extremizer,382,0.3825,1
Llama-3-70B,8,100,lower_extremizer,383,0.3835,1
Llama-3-70B,8,100,lower_extremizer,384,0.3845,1
Llama-3-70B,8,100,lower_extremizer,385,0.3855,1
Llama-3-70B,8,100,lower_extremizer,386,0.3865,1
Llama-3-70B,8,100,lower_extremizer,387,0.3875,1
Llama-3-70B,8,100,lower_extremizer,388,0.3885,1
Llama-3-70B,8,100,lower_extremizer,389,0.3895,1
Llama-3-70B,8,100,lower_extremizer,390,0.3905,1
Llama-3-70B,8,100,lower_extremizer,391,0.3915,1
Llama-3-70B,8,100,lower_extremizer,392,0.3925,1
Llama-3-70B,8,100,lower_extremizer,393,0.3935,1
Llama-3-70B,8,100,lower_extremizer,394,0.3945,1
Llama-3-70B,8,100,lower_extremizer,395,0.3955,1
Llama-3-70B,8,100,lower_extremizer,396,0.3965,1
Llama-3-70B,8,100,lower_extremizer,397,0.3975,1
Llama-3-70B,8,100,lower_extremizer,398,0.3985,1
Llama-3-70B,8,100,lower_extremizer,399,0.3995,1
Llama-3-70B,8,100,lower_extremizer,400,0.4005,1
Llama-3-70B,8,100,lower_extremizer,401,0.4015,1
Llama-3-70B,8,100,lower_extremizer,402,0.4025,1
Llama-3-70B,8,100,lower_extremizer,403,0.4035,1
Llama-3-70B,8,100,lower_extremizer,404,0.4045,1
Llama-3-70B,8,100,lower_extremizer,405,0.4055,1
Llama-3-70B,8,100,lower_extremizer,406,0.4065,1
Llama-3-70B,8,100,lower_extremizer,407,0.4075,1
Llama-3-70B,8,100,lower_extremizer,408,0.4085,1
Llama-3-70B,8,100,lower_extremizer,409,0.4095,1
Llama-3-70B,8,100,lower_extremizer,410,0.4105,1
Llama-3-70B,8,100,lower_extremizer,411,0.4115,1
Llama-3-70B,8,100,lower_extremizer,412,0.4125,1
Llama-3-70B,8,100,lower_extremizer,413,0.4135,1
Llama-3-70B,8,100,lower_extremizer,414,0.4145,1
Llama-3-70B,8,100,lower_extremizer,415,0.4155,1
Llama-3-70B,8,100,lower_extremizer,416,0.4165,1
Llama-3-70B,8,100,lower_extremizer,417,0.4175,1
Llama-3-70B,8,100,lower_extremizer,418,0.4185,1
Llama-3-70B,8,100,lower_extremizer,419,0.4195,1
Llama-3-70B,8,100,lower_extremizer,420,0.4205,1
Llama-3-70B,8,100,lower_extremizer,421,0.4215,1
Llama-3-70B,8,100,lower_extremizer,422,0.4225,1
Llama-3-70B,8,100,lower_extremizer,423,0.4235,1
Llama-3-70B,8,100,lower_extremizer,424,0.4245,1
Llama-3-70B,8,100,lower_extremizer,425,0.4255,1
Llama-3-70B,8,100,lower_extremizer,426,0.4265,1
Llama-3-70B,8,100,lower_extremizer,427,0.4275,1
Llama-3-70B,8,100,lower_extremizer,428,0.4285,1
Llama-3-70B,8,100,lower_extremizer,429,0.4295,1
Llama-3-70B,8,100,lower_extremizer,430,0.4305,1
Llama-3-70B,8,100,lower_extremizer,431,0.4315,1
Llama-3-70B,8,100,lower_extremizer,432,0.4325,1
Llama-3-70B,8,100,lower_extremizer,433,0.4335,1
Llama-3-70B,8,100,lower_extremizer,434,0.4345,1
Llama-3-70B,8,100,lower_extremizer,435,0.4355,1
Llama-3-70B,8,100,lower_extremizer,436,0.4365,1
Llama-3-70B,8,100,lower_extremizer,437,0.4375,1
Llama-3-70B,8,100,lower_extremizer,438,0.4385,1
Llama-3-70B,8,100,lower_extremizer,439,0.4395,1
Llama-3-70B,8,100,lower_extremizer,440,0.4405,1
Llama-3-70B,8,100,lower_extremizer,441,0.4415,1
Llama-3-70B,8,100,lower_extremizer,442,0.4425,1
Llama-3-70B,8,100,lower_extremizer,443,0.4435,1
Llama-3-70B,8,100,lower_extremizer,444,0.4445,0.543850815606
Llama-3-70B,8,100,lower_extremizer,445,0.4455,0
Llama-3-70B,8,100,lower_extremizer,446,0.4465,0
Llama-3-70B,8,100,lower_extremizer,447,0.4475,0
Llama-3-70B,8,100,lower_extremizer,448,0.4485,0
Llama-3-70B,8,100,lower_extremizer,449,0.4495,0
Llama-3-70B,8,100,lower_extremizer,450,0.4505,0
Llama-3-70B,8,100,lower_extremizer,451,0.4515,0
Llama-3-70B,8,100,lower_extremizer,452,0.4525,0
Llama-3-70B,8,100,lower_extremizer,453,0.4535,0
Llama-3-70B,8,100,lower_extremizer,454,0.4545,0
Llama-3-70B,8,100,lower_extremizer,455,0.4555,0
Llama-3-70B,8,100,lower_extremizer,456,0.4565,0
Llama-3-70B,8,100,lower_extremizer,457,0.4575,0
Llama-3-70B,8,100,lower_extremizer,458,0.4585,0
Llama-3-70B,8,100,lower_extremizer,459,0.4595,0
Llama-3-70B,8,100,lower_extremizer,460,0.4605,0
Llama-3-70B,8,100,lower_extremizer,461,0.4615,0
Llama-3-70B,8,100,lower_extremizer,462,0.4625,0
Llama-3-70B,8,100,lower_extremizer,463,0.4635,0
Llama-3-70B,8,100,lower_extremizer,464,0.4645,0
Llama-3-70B,8,100,lower_extremizer,465,0.4655,0
Llama-3-70B,8,100,lower_extremizer,466,0.4665,0
Llama-3-70B,8,100,lower_extremizer,467,0.4675,0
Llama-3-70B,8,100,lower_extremizer,468,0.4685,0
Llama-3-70B,8,100,lower_extremizer,469,0.4695,0
Llama-3-70B,8,100,lower_extremizer,470,0.4705,0
Llama-3-70B,8,100,lower_extremizer,471,0.4715,0
Llama-3-70B,8,100,lower_extremizer,472,0.4725,0
Llama-3-70B,8,100,lower_extremizer,473,0.4735,0
Llama-3-70B,8,100,lower_extremizer,474,0.4745,0
Llama-3-70B,8,100,lower_extremizer,475,0.4755,0
Llama-3-70B,8,100,lower_extremizer,476,0.4765,0
Llama-3-70B,8,100,lower_extremizer,477,0.4775,0
Llama-3-70B,8,100,lower_extremizer,478,0.4785,0
Llama-3-70B,8,100,lower_extremizer,479,0.4795,0
Llama-3-70B,8,100,lower_extremizer,480,0.4805,0
Llama-3-70B,8,100,lower_extremizer,481,0.4815,0
Llama-3-70B,8,100,lower_extremizer,482,0.4825,0
Llama-3-70B,8,100,lower_extremizer,483,0.4835,0
Llama-3-70B,8,100,lower_extremizer,484,0.4845,0
Llama-3-70B,8,100,lower_extremizer,485,0.4855,0
Llama-3-70B,8,100,lower_extremizer,486,0.4865,0
Llama-3-70B,8,100,lower_extremizer,487,0.4875,0
Llama-3-70B,8,100,lower_extremizer,488,0.4885,0
Llama-3-70B,8,100,lower_extremizer,489,0.4895,0
Llama-3-70B,8,100,lower_extremizer,490,0.4905,0
Llama-3-70B,8,100,lower_extremizer,491,0.4915,0
Llama-3-70B,8,100,lower_extremizer,492,0.4925,0
Llama-3-70B,8,100,lower_extremizer,493,0.4935,0
Llama-3-70B,8,100,lower_extremizer,494,0.4945,0
Llama-3-70B,8,100,lower_extremizer,495,0.4955,0
Llama-3-70B,8,100,lower_extremizer,496,0.4965,0
Llama-3-70B,8,100,lower_extremizer,497,0.4975,0
Llama-3-70B,8,100,lower_extremizer,498,0.4985,0
Llama-3-70B,8,100,lower_extremizer,499,0.4995,0
Llama-3-70B,8,100,lower_extremizer,500,0.5005,0
Llama-3-70B,8,100,lower_extremizer,501,0.5015,0
Llama-3-70B,8,100,lower_extremizer,502,0.5025,0
Llama-3-70B,8,100,lower_extremizer,503,0.5035,0
Llama-3-70B,8,100,lower_extremizer,504,0.5045,0
Llama-3-70B,8,100,lower_extremizer,505,0.5055,0
Llama-3-70B,8,100,lower_extremizer,506,0.5065,0
Llama-3-70B,8,100,lower_extremizer,507,0.5075,0
Llama-3-70B,8,100,lower_extremizer,508,0.5085,0
Llama-3-70B,8,100,lower_extremizer,509,0.5095,0
Llama-3-70B,8,100,lower_extremizer,510,0.5105,0
Llama-3-70B,8,100,lower_extremizer,511,0.5115,0
Llama-3-70B,8,100,lower_extremizer,512,0.5125,0
Llama-3-70B,8,100,lower_extremizer,513,0.5135,0
Llama-3-70B,8,100,lower_extremizer,514,0.5145,0
Llama-3-70B,8,100,lower_extremizer,515,0.5155,0
Llama-3-70B,8,100,lower_extremizer,516,0.5165,0
Llama-3-70B,8,100,lower_extremizer,517,0.5175,0
Llama-3-70B,8,100,lower_extremizer,518,0.5185,0
Llama-3-70B,8,100,lower_extremizer,519,0.5195,0
Llama-3-70B,8,100,lower_extremizer,520,0.5205,0
Llama-3-70B,8,100,lower_extremizer,521,0.5215,0
Llama-3-70B,8,100,lower_extremizer,522,0.5225,0
Llama-3-70B,8,100,lower_extremizer,523,0.5235,0
Llama-3-70B,8,100,lower_extremizer,524,0.5245,0
Llama-3-70B,8,100,lower_extremizer,525,0.5255,0
Llama-3-70B,8,100,lower_extremizer,526,0.5265,0
Llama-3-70B,8,100,lower_extremizer,527,0.5275,0
Llama-3-70B,8,100,lower_extremizer,528,0.5285,0
Llama-3-70B,8,100,lower_extremizer,529,0.5295,0
Llama-3-70B,8,100,lower_extremizer,530,0.5305,0
Llama-3-70B,8,100,lower_extremizer,531,0.5315,0
Llama-3-70B,8,100,lower_extremizer,532,0.5325,0.077989893523
Llama-3-70B,8,100,lower_extremizer,533,0.5335,1
Llama-3-70B,8,100,lower_extremizer,534,0.5345,1
Llama-3-70B,8,100,lower_extremizer,535,0.5355,1
Llama-3-70B,8,100,lower_extremizer,536,0.5365,1
Llama-3-70B,8,100,lower_extremizer,537,0.5375,1
Llama-3-70B,8,100,lower_extremizer,538,0.5385,1
Llama-3-70B,8,100,lower_extremizer,539,0.5395,1
Llama-3-70B,8,100,lower_extremizer,540,0.5405,1
Llama-3-70B,8,100,lower_extremizer,541,0.5415,1
Llama-3-70B,8,100,lower_extremizer,542,0.5425,1
Llama-3-70B,8,100,lower_extremizer,543,0.5435,1
Llama-3-70B,8,100,lower_extremizer,544,0.5445,1
Llama-3-70B,8,100,lower_extremizer,545,0.5455,1
Llama-3-70B,8,100,lower_extremizer,546,0.5465,1
Llama-3-70B,8,100,lower_extremizer,547,0.5475,1
Llama-3-70B,8,100,lower_extremizer,548,0.5485,1
Llama-3-70B,8,100,lower_extremizer,549,0.5495,1
Llama-3-70B,8,100,lower_extremizer,550,0.5505,1
Llama-3-70B,8,100,lower_extremizer,551,0.5515,1
Llama-3-70B,8,100,lower_extremizer,552,0.5525,1
Llama-3-70B,8,100,lower_extremizer,553,0.5535,1
Llama-3-70B,8,100,lower_extremizer,554,0.5545,1
Llama-3-70B,8,100,lower_extremizer,555,0.5555,1
Llama-3-70B,8,100,lower_extremizer,556,0.5565,1
Llama-3-70B,8,100,lower_extremizer,557,0.5575,1
Llama-3-70B,8,100,lower_extremizer,558,0.5585,1
Llama-3-70B,8,100,lower_extremizer,559,0.5595,1
Llama-3-70B,8,100,lower_extremizer,560,0.5605,1
Llama-3-70B,8,100,lower_extremizer,561,0.5615,1
Llama-3-70B,8,100,lower_extremizer,562,0.5625,1
Llama-3-70B,8,100,lower_extremizer,563,0.5635,1
Llama-3-70B,8,100,lower_extremizer,564,0.5645,1
Llama-3-70B,8,100,lower_extremizer,565,0.5655,1
Llama-3-70B,8,100,lower_extremizer,566,0.5665,1
Llama-3-70B,8,100,lower_extremizer,567,0.5675,1
Llama-3-70B,8,100,lower_extremizer,568,0.5685,1
Llama-3-70B,8,100,lower_extremizer,569,0.5695,1
Llama-3-70B,8,100,lower_extremizer,570,0.5705,1
Llama-3-70B,8,100,lower_extremizer,571,0.5715,1
Llama-3-70B,8,100,lower_extremizer,572,0.5725,1
Llama-3-70B,8,100,lower_extremizer,573,0.5735,1
Llama-3-70B,8,100,lower_extremizer,574,0.5745,1
Llama-3-70B,8,100,lower_extremizer,575,0.5755,1
Llama-3-70B,8,100,lower_extremizer,576,0.5765,1
Llama-3-70B,8,100,lower_extremizer,577,0.5775,1
Llama-3-70B,8,100,lower_extremizer,578,0.5785,1
Llama-3-70B,8,100,lower_extremizer,579,0.5795,1
Llama-3-70B,8,100,lower_extremizer,580,0.5805,1
Llama-3-70B,8,100,lower_extremizer,581,0.5815,1
Llama-3-70B,8,100,lower_extremizer,582,0.5825,1
Llama-3-70B,8,100,lower_extremizer,583,0.5835,1
Llama-3-70B,8,100,lower_extremizer,584,0.5845,1
Llama-3-70B,8,100,lower_extremizer,585,0.5855,1
Llama-3-70B,8,100,lower_extremizer,586,0.5865,1
Llama-3-70B,8,100,lower_extremizer,587,0.5875,1
Llama-3-70B,8,100,lower_extremizer,588,0.5885,1
Llama-3-70B,8,100,lower_extremizer,589,0.5895,1
Llama-3-70B,8,100,lower_extremizer,590,0.5905,1
Llama-3-70B,8,100,lower_extremizer,591,0.5915,1
Llama-3-70B,8,100,lower_extremizer,592,0.5925,1
Llama-3-70B,8,100,lower_extremizer,593,0.5935,1
Llama-3-70B,8,100,lower_extremizer,594,0.5945,1
Llama-3-70B,8,100,lower_extremizer,595,0.5955,1
Llama-3-70B,8,100,lower_extremizer,596,0.5965,1
Llama-3-70B,8,100,lower_extremizer,597,0.5975,1
Llama-3-70B,8,100,lower_extremizer,598,0.5985,1
Llama-3-70B,8,100,lower_extremizer,599,0.5995,1
Llama-3-70B,8,100,lower_extremizer,600,0.6005,1
Llama-3-70B,8,100,lower_extremizer,601,0.6015,1
Llama-3-70B,8,100,lower_extremizer,602,0.6025,1
Llama-3-70B,8,100,lower_extremizer,603,0.6035,1
Llama-3-70B,8,100,lower_extremizer,604,0.6045,1
Llama-3-70B,8,100,lower_extremizer,605,0.6055,1
Llama-3-70B,8,100,lower_extremizer,606,0.6065,1
Llama-3-70B,8,100,lower_extremizer,607,0.6075,1
Llama-3-70B,8,100,lower_extremizer,608,0.6085,1
Llama-3-70B,8,100,lower_extremizer,609,0.6095,1
Llama-3-70B,8,100,lower_extremizer,610,0.6105,1
Llama-3-70B,8,100,lower_extremizer,611,0.6115,1
Llama-3-70B,8,100,lower_extremizer,612,0.6125,1
Llama-3-70B,8,100,lower_extremizer,613,0.6135,1
Llama-3-70B,8,100,lower_extremizer,614,0.6145,1
Llama-3-70B,8,100,lower_extremizer,615,0.6155,1
Llama-3-70B,8,100,lower_extremizer,616,0.6165,1
Llama-3-70B,8,100,lower_extremizer,617,0.6175,1
Llama-3-70B,8,100,lower_extremizer,618,0.6185,1
Llama-3-70B,8,100,lower_extremizer,619,0.6195,1
Llama-3-70B,8,100,lower_extremizer,620,0.6205,1
Llama-3-70B,8,100,lower_extremizer,621,0.6215,1
Llama-3-70B,8,100,lower_extremizer,622,0.6225,1
Llama-3-70B,8,100,lower_extremizer,623,0.6235,1
Llama-3-70B,8,100,lower_extremizer,624,0.6245,1
Llama-3-70B,8,100,lower_extremizer,625,0.6255,1
Llama-3-70B,8,100,lower_extremizer,626,0.6265,1
Llama-3-70B,8,100,lower_extremizer,627,0.6275,1
Llama-3-70B,8,100,lower_extremizer,628,0.6285,1
Llama-3-70B,8,100,lower_extremizer,629,0.6295,1
Llama-3-70B,8,100,lower_extremizer,630,0.6305,1
Llama-3-70B,8,100,lower_extremizer,631,0.6315,1
Llama-3-70B,8,100,lower_extremizer,632,0.6325,1
Llama-3-70B,8,100,lower_extremizer,633,0.6335,1
Llama-3-70B,8,100,lower_extremizer,634,0.6345,1
Llama-3-70B,8,100,lower_extremizer,635,0.6355,1
Llama-3-70B,8,100,lower_extremizer,636,0.6365,1
Llama-3-70B,8,100,lower_extremizer,637,0.6375,1
Llama-3-70B,8,100,lower_extremizer,638,0.6385,1
Llama-3-70B,8,100,lower_extremizer,639,0.6395,1
Llama-3-70B,8,100,lower_extremizer,640,0.6405,1
Llama-3-70B,8,100,lower_extremizer,641,0.6415,1
Llama-3-70B,8,100,lower_extremizer,642,0.6425,1
Llama-3-70B,8,100,lower_extremizer,643,0.6435,1
Llama-3-70B,8,100,lower_extremizer,644,0.6445,1
Llama-3-70B,8,100,lower_extremizer,645,0.6455,1
Llama-3-70B,8,100,lower_extremizer,646,0.6465,1
Llama-3-70B,8,100,lower_extremizer,647,0.6475,1
Llama-3-70B,8,100,lower_extremizer,648,0.6485,1
Llama-3-70B,8,100,lower_extremizer,649,0.6495,1
Llama-3-70B,8,100,lower_extremizer,650,0.6505,1
Llama-3-70B,8,100,lower_extremizer,651,0.6515,1
Llama-3-70B,8,100,lower_extremizer,652,0.6525,1
Llama-3-70B,8,100,lower_extremizer,653,0.6535,1
Llama-3-70B,8,100,lower_extremizer,654,0.6545,1
Llama-3-70B,8,100,lower_extremizer,655,0.6555,1
Llama-3-70B,8,100,lower_extremizer,656,0.6565,1
Llama-3-70B,8,100,lower_extremizer,657,0.6575,1
Llama-3-70B,8,100,lower_extremizer,658,0.6585,1
Llama-3-70B,8,100,lower_extremizer,659,0.6595,1
Llama-3-70B,8,100,lower_extremizer,660,0.6605,1
Llama-3-70B,8,100,lower_extremizer,661,0.6615,1
Llama-3-70B,8,100,lower_extremizer,662,0.6625,1
Llama-3-70B,8,100,lower_extremizer,663,0.6635,1
Llama-3-70B,8,100,lower_extremizer,664,0.6645,1
Llama-3-70B,8,100,lower_extremizer,665,0.6655,1
Llama-3-70B,8,100,lower_extremizer,666,0.6665,1
Llama-3-70B,8,100,lower_extremizer,667,0.6675,1
Llama-3-70B,8,100,lower_extremizer,668,0.6685,1
Llama-3-70B,8,100,lower_extremizer,669,0.6695,1
Llama-3-70B,8,100,lower_extremizer,670,0.6705,1
Llama-3-70B,8,100,lower_extremizer,671,0.6715,1
Llama-3-70B,8,100,lower_extremizer,672,0.6725,1
Llama-3-70B,8,100,lower_extremizer,673,0.6735,1
Llama-3-70B,8,100,lower_extremizer,674,0.6745,1
Llama-3-70B,8,100,lower_extremizer,675,0.6755,1
Llama-3-70B,8,100,lower_extremizer,676,0.6765,1
Llama-3-70B,8,100,lower_extremizer,677,0.6775,1
Llama-3-70B,8,100,lower_extremizer,678,0.6785,1
Llama-3-70B,8,100,lower_extremizer,679,0.6795,1
Llama-3-70B,8,100,lower_extremizer,680,0.6805,1
Llama-3-70B,8,100,lower_extremizer,681,0.6815,1
Llama-3-70B,8,100,lower_extremizer,682,0.6825,1
Llama-3-70B,8,100,lower_extremizer,683,0.6835,1
Llama-3-70B,8,100,lower_extremizer,684,0.6845,1
Llama-3-70B,8,100,lower_extremizer,685,0.6855,1
Llama-3-70B,8,100,lower_extremizer,686,0.6865,1
Llama-3-70B,8,100,lower_extremizer,687,0.6875,1
Llama-3-70B,8,100,lower_extremizer,688,0.6885,1
Llama-3-70B,8,100,lower_extremizer,689,0.6895,1
Llama-3-70B,8,100,lower_extremizer,690,0.6905,1
Llama-3-70B,8,100,lower_extremizer,691,0.6915,1
Llama-3-70B,8,100,lower_extremizer,692,0.6925,1
Llama-3-70B,8,100,lower_extremizer,693,0.6935,1
Llama-3-70B,8,100,lower_extremizer,694,0.6945,1
Llama-3-70B,8,100,lower_extremizer,695,0.6955,1
Llama-3-70B,8,100,lower_extremizer,696,0.6965,1
Llama-3-70B,8,100,lower_extremizer,697,0.6975,1
Llama-3-70B,8,100,lower_extremizer,698,0.6985,1
Llama-3-70B,8,100,lower_extremizer,699,0.6995,1
Llama-3-70B,8,100,lower_extremizer,700,0.7005,1
Llama-3-70B,8,100,lower_extremizer,701,0.7015,1
Llama-3-70B,8,100,lower_extremizer,702,0.7025,1
Llama-3-70B,8,100,lower_extremizer,703,0.7035,1
Llama-3-70B,8,100,lower_extremizer,704,0.7045,1
Llama-3-70B,8,100,lower_extremizer,705,0.7055,1
Llama-3-70B,8,100,lower_extremizer,706,0.7065,1
Llama-3-70B,8,100,lower_extremizer,707,0.7075,1
Llama-3-70B,8,100,lower_extremizer,708,0.7085,1
Llama-3-70B,8,100,lower_extremizer,709,0.7095,1
Llama-3-70B,8,100,lower_extremizer,710,0.7105,1
Llama-3-70B,8,100,lower_extremizer,711,0.7115,1
Llama-3-70B,8,100,lower_extremizer,712,0.7125,1
Llama-3-70B,8,100,lower_extremizer,713,0.7135,1
Llama-3-70B,8,100,lower_extremizer,714,0.7145,1
Llama-3-70B,8,100,lower_extremizer,715,0.7155,1
Llama-3-70B,8,100,lower_extremizer,716,0.7165,1
Llama-3-70B,8,100,lower_extremizer,717,0.7175,1
Llama-3-70B,8,100,lower_extremizer,718,0.7185,1
Llama-3-70B,8,100,lower_extremizer,719,0.7195,1
Llama-3-70B,8,100,lower_extremizer,720,0.7205,1
Llama-3-70B,8,100,lower_extremizer,721,0.7215,1
Llama-3-70B,8,100,lower_extremizer,722,0.7225,1
Llama-3-70B,8,100,lower_extremizer,723,0.7235,1
Llama-3-70B,8,100,lower_extremizer,724,0.7245,1
Llama-3-70B,8,100,lower_extremizer,725,0.7255,1
Llama-3-70B,8,100,lower_extremizer,726,0.7265,1
Llama-3-70B,8,100,lower_extremizer,727,0.7275,1
Llama-3-70B,8,100,lower_extremizer,728,0.7285,1
Llama-3-70B,8,100,lower_extremizer,729,0.7295,1
Llama-3-70B,8,100,lower_extremizer,730,0.7305,1
Llama-3-70B,8,100,lower_extremizer,731,0.7315,1
Llama-3-70B,8,100,lower_extremizer,732,0.7325,1
Llama-3-70B,8,100,lower_extremizer,733,0.7335,1
Llama-3-70B,8,100,lower_extremizer,734,0.7345,1
Llama-3-70B,8,100,lower_extremizer,735,0.7355,1
Llama-3-70B,8,100,lower_extremizer,736,0.7365,1
Llama-3-70B,8,100,lower_extremizer,737,0.7375,1
Llama-3-70B,8,100,lower_extremizer,738,0.7385,1
Llama-3-70B,8,100,lower_extremizer,739,0.7395,1
Llama-3-70B,8,100,lower_extremizer,740,0.7405,1
Llama-3-70B,8,100,lower_extremizer,741,0.7415,1
Llama-3-70B,8,100,lower_extremizer,742,0.7425,1
Llama-3-70B,8,100,lower_extremizer,743,0.7435,1
Llama-3-70B,8,100,lower_extremizer,744,0.7445,1
Llama-3-70B,8,100,lower_extremizer,745,0.7455,1
Llama-3-70B,8,100,lower_extremizer,746,0.7465,1
Llama-3-70B,8,100,lower_extremizer,747,0.7475,1
Llama-3-70B,8,100,lower_extremizer,748,0.7485,1
Llama-3-70B,8,100,lower_extremizer,749,0.7495,1
Llama-3-70B,8,100,lower_extremizer,750,0.7505,1
Llama-3-70B,8,100,lower_extremizer,751,0.7515,1
Llama-3-70B,8,100,lower_extremizer,752,0.7525,1
Llama-3-70B,8,100,lower_extremizer,753,0.7535,1
Llama-3-70B,8,100,lower_extremizer,754,0.7545,1
Llama-3-70B,8,100,lower_extremizer,755,0.7555,1
Llama-3-70B,8,100,lower_extremizer,756,0.7565,1
Llama-3-70B,8,100,lower_extremizer,757,0.7575,1
Llama-3-70B,8,100,lower_extremizer,758,0.7585,1
Llama-3-70B,8,100,lower_extremizer,759,0.7595,1
Llama-3-70B,8,100,lower_extremizer,760,0.7605,1
Llama-3-70B,8,100,lower_extremizer,761,0.7615,1
Llama-3-70B,8,100,lower_extremizer,762,0.7625,1
Llama-3-70B,8,100,lower_extremizer,763,0.7635,1
Llama-3-70B,8,100,lower_extremizer,764,0.7645,1
Llama-3-70B,8,100,lower_extremizer,765,0.7655,1
Llama-3-70B,8,100,lower_extremizer,766,0.7665,1
Llama-3-70B,8,100,lower_extremizer,767,0.7675,1
Llama-3-70B,8,100,lower_extremizer,768,0.7685,1
Llama-3-70B,8,100,lower_extremizer,769,0.7695,1
Llama-3-70B,8,100,lower_extremizer,770,0.7705,1
Llama-3-70B,8,100,lower_extremizer,771,0.7715,1
Llama-3-70B,8,100,lower_extremizer,772,0.7725,1
Llama-3-70B,8,100,lower_extremizer,773,0.7735,1
Llama-3-70B,8,100,lower_extremizer,774,0.7745,1
Llama-3-70B,8,100,lower_extremizer,775,0.7755,1
Llama-3-70B,8,100,lower_extremizer,776,0.7765,1
Llama-3-70B,8,100,lower_extremizer,777,0.7775,1
Llama-3-70B,8,100,lower_extremizer,778,0.7785,1
Llama-3-70B,8,100,lower_extremizer,779,0.7795,1
Llama-3-70B,8,100,lower_extremizer,780,0.7805,1
Llama-3-70B,8,100,lower_extremizer,781,0.7815,1
Llama-3-70B,8,100,lower_extremizer,782,0.7825,1
Llama-3-70B,8,100,lower_extremizer,783,0.7835,1
Llama-3-70B,8,100,lower_extremizer,784,0.7845,1
Llama-3-70B,8,100,lower_extremizer,785,0.7855,1
Llama-3-70B,8,100,lower_extremizer,786,0.7865,1
Llama-3-70B,8,100,lower_extremizer,787,0.7875,0.304654682577
Llama-3-70B,8,100,lower_extremizer,788,0.7885,0
Llama-3-70B,8,100,lower_extremizer,789,0.7895,0
Llama-3-70B,8,100,lower_extremizer,790,0.7905,0
Llama-3-70B,8,100,lower_extremizer,791,0.7915,0
Llama-3-70B,8,100,lower_extremizer,792,0.7925,0
Llama-3-70B,8,100,lower_extremizer,793,0.7935,0
Llama-3-70B,8,100,lower_extremizer,794,0.7945,0
Llama-3-70B,8,100,lower_extremizer,795,0.7955,0
Llama-3-70B,8,100,lower_extremizer,796,0.7965,0
Llama-3-70B,8,100,lower_extremizer,797,0.7975,0
Llama-3-70B,8,100,lower_extremizer,798,0.7985,0
Llama-3-70B,8,100,lower_extremizer,799,0.7995,0
Llama-3-70B,8,100,lower_extremizer,800,0.8005,0
Llama-3-70B,8,100,lower_extremizer,801,0.8015,0
Llama-3-70B,8,100,lower_extremizer,802,0.8025,0
Llama-3-70B,8,100,lower_extremizer,803,0.8035,0
Llama-3-70B,8,100,lower_extremizer,804,0.8045,0
Llama-3-70B,8,100,lower_extremizer,805,0.8055,0
Llama-3-70B,8,100,lower_extremizer,806,0.8065,0
Llama-3-70B,8,100,lower_extremizer,807,0.8075,0
Llama-3-70B,8,100,lower_extremizer,808,0.8085,0
Llama-3-70B,8,100,lower_extremizer,809,0.8095,0
Llama-3-70B,8,100,lower_extremizer,810,0.8105,0
Llama-3-70B,8,100,lower_extremizer,811,0.8115,0
Llama-3-70B,8,100,lower_extremizer,812,0.8125,0
Llama-3-70B,8,100,lower_extremizer,813,0.8135,0
Llama-3-70B,8,100,lower_extremizer,814,0.8145,0
Llama-3-70B,8,100,lower_extremizer,815,0.8155,0
Llama-3-70B,8,100,lower_extremizer,816,0.8165,0
Llama-3-70B,8,100,lower_extremizer,817,0.8175,0
Llama-3-70B,8,100,lower_extremizer,818,0.8185,0
Llama-3-70B,8,100,lower_extremizer,819,0.8195,0
Llama-3-70B,8,100,lower_extremizer,820,0.8205,0
Llama-3-70B,8,100,lower_extremizer,821,0.8215,0
Llama-3-70B,8,100,lower_extremizer,822,0.8225,0
Llama-3-70B,8,100,lower_extremizer,823,0.8235,0
Llama-3-70B,8,100,lower_extremizer,824,0.8245,0
Llama-3-70B,8,100,lower_extremizer,825,0.8255,0
Llama-3-70B,8,100,lower_extremizer,826,0.8265,0
Llama-3-70B,8,100,lower_extremizer,827,0.8275,0
Llama-3-70B,8,100,lower_extremizer,828,0.8285,0
Llama-3-70B,8,100,lower_extremizer,829,0.8295,0
Llama-3-70B,8,100,lower_extremizer,830,0.8305,0
Llama-3-70B,8,100,lower_extremizer,831,0.8315,0
Llama-3-70B,8,100,lower_extremizer,832,0.8325,0
Llama-3-70B,8,100,lower_extremizer,833,0.8335,0
Llama-3-70B,8,100,lower_extremizer,834,0.8345,0
Llama-3-70B,8,100,lower_extremizer,835,0.8355,0
Llama-3-70B,8,100,lower_extremizer,836,0.8365,0
Llama-3-70B,8,100,lower_extremizer,837,0.8375,0
Llama-3-70B,8,100,lower_extremizer,838,0.8385,0
Llama-3-70B,8,100,lower_extremizer,839,0.8395,0
Llama-3-70B,8,100,lower_extremizer,840,0.8405,0
Llama-3-70B,8,100,lower_extremizer,841,0.8415,0
Llama-3-70B,8,100,lower_extremizer,842,0.8425,0
Llama-3-70B,8,100,lower_extremizer,843,0.8435,0
Llama-3-70B,8,100,lower_extremizer,844,0.8445,0
Llama-3-70B,8,100,lower_extremizer,845,0.8455,0
Llama-3-70B,8,100,lower_extremizer,846,0.8465,0
Llama-3-70B,8,100,lower_extremizer,847,0.8475,0
Llama-3-70B,8,100,lower_extremizer,848,0.8485,0.118202633892
Llama-3-70B,8,100,lower_extremizer,849,0.8495,1
Llama-3-70B,8,100,lower_extremizer,850,0.8505,1
Llama-3-70B,8,100,lower_extremizer,851,0.8515,1
Llama-3-70B,8,100,lower_extremizer,852,0.8525,1
Llama-3-70B,8,100,lower_extremizer,853,0.8535,1
Llama-3-70B,8,100,lower_extremizer,854,0.8545,1
Llama-3-70B,8,100,lower_extremizer,855,0.8555,1
Llama-3-70B,8,100,lower_extremizer,856,0.8565,1
Llama-3-70B,8,100,lower_extremizer,857,0.8575,1
Llama-3-70B,8,100,lower_extremizer,858,0.8585,1
Llama-3-70B,8,100,lower_extremizer,859,0.8595,1
Llama-3-70B,8,100,lower_extremizer,860,0.8605,1
Llama-3-70B,8,100,lower_extremizer,861,0.8615,1
Llama-3-70B,8,100,lower_extremizer,862,0.8625,1
Llama-3-70B,8,100,lower_extremizer,863,0.8635,1
Llama-3-70B,8,100,lower_extremizer,864,0.8645,1
Llama-3-70B,8,100,lower_extremizer,865,0.8655,1
Llama-3-70B,8,100,lower_extremizer,866,0.8665,1
Llama-3-70B,8,100,lower_extremizer,867,0.8675,1
Llama-3-70B,8,100,lower_extremizer,868,0.8685,1
Llama-3-70B,8,100,lower_extremizer,869,0.8695,1
Llama-3-70B,8,100,lower_extremizer,870,0.8705,1
Llama-3-70B,8,100,lower_extremizer,871,0.8715,1
Llama-3-70B,8,100,lower_extremizer,872,0.8725,1
Llama-3-70B,8,100,lower_extremizer,873,0.8735,1
Llama-3-70B,8,100,lower_extremizer,874,0.8745,1
Llama-3-70B,8,100,lower_extremizer,875,0.8755,1
Llama-3-70B,8,100,lower_extremizer,876,0.8765,1
Llama-3-70B,8,100,lower_extremizer,877,0.8775,1
Llama-3-70B,8,100,lower_extremizer,878,0.8785,1
Llama-3-70B,8,100,lower_extremizer,879,0.8795,1
Llama-3-70B,8,100,lower_extremizer,880,0.8805,1
Llama-3-70B,8,100,lower_extremizer,881,0.8815,1
Llama-3-70B,8,100,lower_extremizer,882,0.8825,1
Llama-3-70B,8,100,lower_extremizer,883,0.8835,1
Llama-3-70B,8,100,lower_extremizer,884,0.8845,1
Llama-3-70B,8,100,lower_extremizer,885,0.8855,1
Llama-3-70B,8,100,lower_extremizer,886,0.8865,1
Llama-3-70B,8,100,lower_extremizer,887,0.8875,1
Llama-3-70B,8,100,lower_extremizer,888,0.8885,1
Llama-3-70B,8,100,lower_extremizer,889,0.8895,1
Llama-3-70B,8,100,lower_extremizer,890,0.8905,1
Llama-3-70B,8,100,lower_extremizer,891,0.8915,1
Llama-3-70B,8,100,lower_extremizer,892,0.8925,1
Llama-3-70B,8,100,lower_extremizer,893,0.8935,1
Llama-3-70B,8,100,lower_extremizer,894,0.8945,1
Llama-3-70B,8,100,lower_extremizer,895,0.8955,1
Llama-3-70B,8,100,lower_extremizer,896,0.8965,1
Llama-3-70B,8,100,lower_extremizer,897,0.8975,1
Llama-3-70B,8,100,lower_extremizer,898,0.8985,1
Llama-3-70B,8,100,lower_extremizer,899,0.8995,1
Llama-3-70B,8,100,lower_extremizer,900,0.9005,1
Llama-3-70B,8,100,lower_extremizer,901,0.9015,1
Llama-3-70B,8,100,lower_extremizer,902,0.9025,1
Llama-3-70B,8,100,lower_extremizer,903,0.9035,1
Llama-3-70B,8,100,lower_extremizer,904,0.9045,1
Llama-3-70B,8,100,lower_extremizer,905,0.9055,1
Llama-3-70B,8,100,lower_extremizer,906,0.9065,1
Llama-3-70B,8,100,lower_extremizer,907,0.9075,1
Llama-3-70B,8,100,lower_extremizer,908,0.9085,1
Llama-3-70B,8,100,lower_extremizer,909,0.9095,1
Llama-3-70B,8,100,lower_extremizer,910,0.9105,1
Llama-3-70B,8,100,lower_extremizer,911,0.9115,1
Llama-3-70B,8,100,lower_extremizer,912,0.9125,1
Llama-3-70B,8,100,lower_extremizer,913,0.9135,1
Llama-3-70B,8,100,lower_extremizer,914,0.9145,1
Llama-3-70B,8,100,lower_extremizer,915,0.9155,1
Llama-3-70B,8,100,lower_extremizer,916,0.9165,1
Llama-3-70B,8,100,lower_extremizer,917,0.9175,1
Llama-3-70B,8,100,lower_extremizer,918,0.9185,1
Llama-3-70B,8,100,lower_extremizer,919,0.9195,1
Llama-3-70B,8,100,lower_extremizer,920,0.9205,1
Llama-3-70B,8,100,lower_extremizer,921,0.9215,1
Llama-3-70B,8,100,lower_extremizer,922,0.9225,1
Llama-3-70B,8,100,lower_extremizer,923,0.9235,1
Llama-3-70B,8,100,lower_extremizer,924,0.9245,1
Llama-3-70B,8,100,lower_extremizer,925,0.9255,1
Llama-3-70B,8,100,lower_extremizer,926,0.9265,1
Llama-3-70B,8,100,lower_extremizer,927,0.9275,1
Llama-3-70B,8,100,lower_extremizer,928,0.9285,1
Llama-3-70B,8,100,lower_extremizer,929,0.9295,1
Llama-3-70B,8,100,lower_extremizer,930,0.9305,1
Llama-3-70B,8,100,lower_extremizer,931,0.9315,1
Llama-3-70B,8,100,lower_extremizer,932,0.9325,1
Llama-3-70B,8,100,lower_extremizer,933,0.9335,1
Llama-3-70B,8,100,lower_extremizer,934,0.9345,1
Llama-3-70B,8,100,lower_extremizer,935,0.9355,1
Llama-3-70B,8,100,lower_extremizer,936,0.9365,1
Llama-3-70B,8,100,lower_extremizer,937,0.9375,1
Llama-3-70B,8,100,lower_extremizer,938,0.9385,1
Llama-3-70B,8,100,lower_extremizer,939,0.9395,1
Llama-3-70B,8,100,lower_extremizer,940,0.9405,1
Llama-3-70B,8,100,lower_extremizer,941,0.9415,1
Llama-3-70B,8,100,lower_extremizer,942,0.9425,1
Llama-3-70B,8,100,lower_extremizer,943,0.9435,1
Llama-3-70B,8,100,lower_extremizer,944,0.9445,1
Llama-3-70B,8,100,lower_extremizer,945,0.9455,1
Llama-3-70B,8,100,lower_extremizer,946,0.9465,1
Llama-3-70B,8,100,lower_extremizer,947,0.9475,1
Llama-3-70B,8,100,lower_extremizer,948,0.9485,1
Llama-3-70B,8,100,lower_extremizer,949,0.9495,1
Llama-3-70B,8,100,lower_extremizer,950,0.9505,1
Llama-3-70B,8,100,lower_extremizer,951,0.9515,1
Llama-3-70B,8,100,lower_extremizer,952,0.9525,1
Llama-3-70B,8,100,lower_extremizer,953,0.9535,1
Llama-3-70B,8,100,lower_extremizer,954,0.9545,1
Llama-3-70B,8,100,lower_extremizer,955,0.9555,1
Llama-3-70B,8,100,lower_extremizer,956,0.9565,1
Llama-3-70B,8,100,lower_extremizer,957,0.9575,1
Llama-3-70B,8,100,lower_extremizer,958,0.9585,1
Llama-3-70B,8,100,lower_extremizer,959,0.9595,1
Llama-3-70B,8,100,lower_extremizer,960,0.9605,1
Llama-3-70B,8,100,lower_extremizer,961,0.9615,1
Llama-3-70B,8,100,lower_extremizer,962,0.9625,1
Llama-3-70B,8,100,lower_extremizer,963,0.9635,1
Llama-3-70B,8,100,lower_extremizer,964,0.9645,1
Llama-3-70B,8,100,lower_extremizer,965,0.9655,1
Llama-3-70B,8,100,lower_extremizer,966,0.9665,1
Llama-3-70B,8,100,lower_extremizer,967,0.9675,1
Llama-3-70B,8,100,lower_extremizer,968,0.9685,1
Llama-3-70B,8,100,lower_extremizer,969,0.9695,1
Llama-3-70B,8,100,lower_extremizer,970,0.9705,1
Llama-3-70B,8,100,lower_extremizer,971,0.9715,1
Llama-3-70B,8,100,lower_extremizer,972,0.9725,1
Llama-3-70B,8,100,lower_extremizer,973,0.9735,1
Llama-3-70B,8,100,lower_extremizer,974,0.9745,1
Llama-3-70B,8,100,lower_extremizer,975,0.9755,1
Llama-3-70B,8,100,lower_extremizer,976,0.9765,1
Llama-3-70B,8,100,lower_extremizer,977,0.9775,1
Llama-3-70B,8,100,lower_extremizer,978,0.9785,1
Llama-3-70B,8,100,lower_extremizer,979,0.9795,1
Llama-3-70B,8,100,lower_extremizer,980,0.9805,1
Llama-3-70B,8,100,lower_extremizer,981,0.9815,1
Llama-3-70B,8,100,lower_extremizer,982,0.9825,1
Llama-3-70B,8,100,lower_extremizer,983,0.9835,1
Llama-3-70B,8,100,lower_extremizer,984,0.9845,1
Llama-3-70B,8,100,lower_extremizer,985,0.9855,1
Llama-3-70B,8,100,lower_extremizer,986,0.9865,1
Llama-3-70B,8,100,lower_extremizer,987,0.9875,1
Llama-3-70B,8,100,lower_extremizer,988,0.9885,0.177232131015
Llama-3-70B,8,100,lower_extremizer,989,0.9895,0
Llama-3-70B,8,100,lower_extremizer,990,0.9905,0
Llama-3-70B,8,100,lower_extremizer,991,0.9915,0
Llama-3-70B,8,100,lower_extremizer,992,0.9925,0
Llama-3-70B,8,100,lower_extremizer,993,0.9935,0
Llama-3-70B,8,100,lower_extremizer,994,0.9945,0
Llama-3-70B,8,100,lower_extremizer,995,0.9955,0
Llama-3-70B,8,100,lower_extremizer,996,0.9965,0
Llama-3-70B,8,100,lower_extremizer,997,0.9975,0
Llama-3-70B,8,100,lower_extremizer,998,0.9985,0
Llama-3-70B,8,100,lower_extremizer,999,0.9995,0
Llama-3-70B,8,100,upper_extremizer,0,0.0005,1
Llama-3-70B,8,100,upper_extremizer,1,0.0015,1
Llama-3-70B,8,100,upper_extremizer,2,0.0025,1
Llama-3-70B,8,100,upper_extremizer,3,0.0035,1
Llama-3-70B,8,100,upper_extremizer,4,0.0045,1
Llama-3-70B,8,100,upper_extremizer,5,0.0055,1
Llama-3-70B,8,100,upper_extremizer,6,0.0065,1
Llama-3-70B,8,100,upper_extremizer,7,0.0075,1
Llama-3-70B,8,100,upper_extremizer,8,0.0085,1
Llama-3-70B,8,100,upper_extremizer,9,0.0095,1
Llama-3-70B,8,100,upper_extremizer,10,0.0105,1
Llama-3-70B,8,100,upper_extremizer,11,0.0115,1
Llama-3-70B,8,100,upper_extremizer,12,0.0125,1
Llama-3-70B,8,100,upper_extremizer,13,0.0135,1
Llama-3-70B,8,100,upper_extremizer,14,0.0145,1
Llama-3-70B,8,100,upper_extremizer,15,0.0155,1
Llama-3-70B,8,100,upper_extremizer,16,0.0165,1
Llama-3-70B,8,100,upper_extremizer,17,0.0175,1
Llama-3-70B,8,100,upper_extremizer,18,0.0185,1
Llama-3-70B,8,100,upper_extremizer,19,0.0195,1
Llama-3-70B,8,100,upper_extremizer,20,0.0205,1
Llama-3-70B,8,100,upper_extremizer,21,0.0215,1
Llama-3-70B,8,100,upper_extremizer,22,0.0225,1
Llama-3-70B,8,100,upper_extremizer,23,0.0235,1
Llama-3-70B,8,100,upper_extremizer,24,0.0245,1
Llama-3-70B,8,100,upper_extremizer,25,0.0255,1
Llama-3-70B,8,100,upper_extremizer,26,0.0265,1
Llama-3-70B,8,100,upper_extremizer,27,0.0275,1
Llama-3-70B,8,100,upper_extremizer,28,0.0285,1
Llama-3-70B,8,100,upper_extremizer,29,0.0295,1
Llama-3-70B,8,100,upper_extremizer,30,0.0305,1
Llama-3-70B,8,100,upper_extremizer,31,0.0315,1
Llama-3-70B,8,100,upper_extremizer,32,0.0325,1
Llama-3-70B,8,100,upper_extremizer,33,0.0335,1
Llama-3-70B,8,100,upper_extremizer,34,0.0345,1
Llama-3-70B,8,100,upper_extremizer,35,0.0355,1
Llama-3-70B,8,100,upper_extremizer,36,0.0365,0.510811706035
Llama-3-70B,8,100,upper_extremizer,37,0.0375,0
Llama-3-70B,8,100,upper_extremizer,38,0.0385,0
Llama-3-70B,8,100,upper_extremizer,39,0.0395,0
Llama-3-70B,8,100,upper_extremizer,40,0.0405,0
Llama-3-70B,8,100,upper_extremizer,41,0.0415,0
Llama-3-70B,8,100,upper_extremizer,42,0.0425,0
Llama-3-70B,8,100,upper_extremizer,43,0.0435,0
Llama-3-70B,8,100,upper_extremizer,44,0.0445,0
Llama-3-70B,8,100,upper_extremizer,45,0.0455,0
Llama-3-70B,8,100,upper_extremizer,46,0.0465,0
Llama-3-70B,8,100,upper_extremizer,47,0.0475,0
Llama-3-70B,8,100,upper_extremizer,48,0.0485,0
Llama-3-70B,8,100,upper_extremizer,49,0.0495,0
Llama-3-70B,8,100,upper_extremizer,50,0.0505,0
Llama-3-70B,8,100,upper_extremizer,51,0.0515,0
Llama-3-70B,8,100,upper_extremizer,52,0.0525,0
Llama-3-70B,8,100,upper_extremizer,53,0.0535,0
Llama-3-70B,8,100,upper_extremizer,54,0.0545,0
Llama-3-70B,8,100,upper_extremizer,55,0.0555,0
Llama-3-70B,8,100,upper_extremizer,56,0.0565,0
Llama-3-70B,8,100,upper_extremizer,57,0.0575,0
Llama-3-70B,8,100,upper_extremizer,58,0.0585,0
Llama-3-70B,8,100,upper_extremizer,59,0.0595,0
Llama-3-70B,8,100,upper_extremizer,60,0.0605,0
Llama-3-70B,8,100,upper_extremizer,61,0.0615,0
Llama-3-70B,8,100,upper_extremizer,62,0.0625,0
Llama-3-70B,8,100,upper_extremizer,63,0.0635,0
Llama-3-70B,8,100,upper_extremizer,64,0.0645,0
Llama-3-70B,8,100,upper_extremizer,65,0.0655,0
Llama-3-70B,8,100,upper_extremizer,66,0.0665,0
Llama-3-70B,8,100,upper_extremizer,67,0.0675,0
Llama-3-70B,8,100,upper_extremizer,68,0.0685,0
Llama-3-70B,8,100,upper_extremizer,69,0.0695,0
Llama-3-70B,8,100,upper_extremizer,70,0.0705,0
Llama-3-70B,8,100,upper_extremizer,71,0.0715,0
Llama-3-70B,8,100,upper_extremizer,72,0.0725,0
Llama-3-70B,8,100,upper_extremizer,73,0.0735,0
Llama-3-70B,8,100,upper_extremizer,74,0.0745,0
Llama-3-70B,8,100,upper_extremizer,75,0.0755,0
Llama-3-70B,8,100,upper_extremizer,76,0.0765,0
Llama-3-70B,8,100,upper_extremizer,77,0.0775,0
Llama-3-70B,8,100,upper_extremizer,78,0.0785,0
Llama-3-70B,8,100,upper_extremizer,79,0.0795,0
Llama-3-70B,8,100,upper_extremizer,80,0.0805,0
Llama-3-70B,8,100,upper_extremizer,81,0.0815,0
Llama-3-70B,8,100,upper_extremizer,82,0.0825,0
Llama-3-70B,8,100,upper_extremizer,83,0.0835,0
Llama-3-70B,8,100,upper_extremizer,84,0.0845,0
Llama-3-70B,8,100,upper_extremizer,85,0.0855,0
Llama-3-70B,8,100,upper_extremizer,86,0.0865,0
Llama-3-70B,8,100,upper_extremizer,87,0.0875,0
Llama-3-70B,8,100,upper_extremizer,88,0.0885,0
Llama-3-70B,8,100,upper_extremizer,89,0.0895,0
Llama-3-70B,8,100,upper_extremizer,90,0.0905,0
Llama-3-70B,8,100,upper_extremizer,91,0.0915,0
Llama-3-70B,8,100,upper_extremizer,92,0.0925,0
Llama-3-70B,8,100,upper_extremizer,93,0.0935,0.537954305538
Llama-3-70B,8,100,upper_extremizer,94,0.0945,1
Llama-3-70B,8,100,upper_extremizer,95,0.0955,1
Llama-3-70B,8,100,upper_extremizer,96,0.0965,1
Llama-3-70B,8,100,upper_extremizer,97,0.0975,1
Llama-3-70B,8,100,upper_extremizer,98,0.0985,1
Llama-3-70B,8,100,upper_extremizer,99,0.0995,1
Llama-3-70B,8,100,upper_extremizer,100,0.1005,1
Llama-3-70B,8,100,upper_extremizer,101,0.1015,1
Llama-3-70B,8,100,upper_extremizer,102,0.1025,1
Llama-3-70B,8,100,upper_extremizer,103,0.1035,1
Llama-3-70B,8,100,upper_extremizer,104,0.1045,1
Llama-3-70B,8,100,upper_extremizer,105,0.1055,1
Llama-3-70B,8,100,upper_extremizer,106,0.1065,1
Llama-3-70B,8,100,upper_extremizer,107,0.1075,1
Llama-3-70B,8,100,upper_extremizer,108,0.1085,1
Llama-3-70B,8,100,upper_extremizer,109,0.1095,1
Llama-3-70B,8,100,upper_extremizer,110,0.1105,1
Llama-3-70B,8,100,upper_extremizer,111,0.1115,1
Llama-3-70B,8,100,upper_extremizer,112,0.1125,1
Llama-3-70B,8,100,upper_extremizer,113,0.1135,1
Llama-3-70B,8,100,upper_extremizer,114,0.1145,1
Llama-3-70B,8,100,upper_extremizer,115,0.1155,1
Llama-3-70B,8,100,upper_extremizer,116,0.1165,1
Llama-3-70B,8,100,upper_extremizer,117,0.1175,1
Llama-3-70B,8,100,upper_extremizer,118,0.1185,1
Llama-3-70B,8,100,upper_extremizer,119,0.1195,1
Llama-3-70B,8,100,upper_extremizer,120,0.1205,1
Llama-3-70B,8,100,upper_extremizer,121,0.1215,1
Llama-3-70B,8,100,upper_extremizer,122,0.1225,1
Llama-3-70B,8,100,upper_extremizer,123,0.1235,1
Llama-3-70B,8,100,upper_extremizer,124,0.1245,1
Llama-3-70B,8,100,upper_extremizer,125,0.1255,1
Llama-3-70B,8,100,upper_extremizer,126,0.1265,1
Llama-3-70B,8,100,upper_extremizer,127,0.1275,1
Llama-3-70B,8,100,upper_extremizer,128,0.1285,1
Llama-3-70B,8,100,upper_extremizer,129,0.1295,1
Llama-3-70B,8,100,upper_extremizer,130,0.1305,1
Llama-3-70B,8,100,upper_extremizer,131,0.1315,1
Llama-3-70B,8,100,upper_extremizer,132,0.1325,1
Llama-3-70B,8,100,upper_extremizer,133,0.1335,1
Llama-3-70B,8,100,upper_extremizer,134,0.1345,1
Llama-3-70B,8,100,upper_extremizer,135,0.1355,1
Llama-3-70B,8,100,upper_extremizer,136,0.1365,1
Llama-3-70B,8,100,upper_extremizer,137,0.1375,1
Llama-3-70B,8,100,upper_extremizer,138,0.1385,1
Llama-3-70B,8,100,upper_extremizer,139,0.1395,1
Llama-3-70B,8,100,upper_extremizer,140,0.1405,1
Llama-3-70B,8,100,upper_extremizer,141,0.1415,1
Llama-3-70B,8,100,upper_extremizer,142,0.1425,1
Llama-3-70B,8,100,upper_extremizer,143,0.1435,1
Llama-3-70B,8,100,upper_extremizer,144,0.1445,1
Llama-3-70B,8,100,upper_extremizer,145,0.1455,1
Llama-3-70B,8,100,upper_extremizer,146,0.1465,1
Llama-3-70B,8,100,upper_extremizer,147,0.1475,1
Llama-3-70B,8,100,upper_extremizer,148,0.1485,1
Llama-3-70B,8,100,upper_extremizer,149,0.1495,1
Llama-3-70B,8,100,upper_extremizer,150,0.1505,1
Llama-3-70B,8,100,upper_extremizer,151,0.1515,1
Llama-3-70B,8,100,upper_extremizer,152,0.1525,1
Llama-3-70B,8,100,upper_extremizer,153,0.1535,1
Llama-3-70B,8,100,upper_extremizer,154,0.1545,1
Llama-3-70B,8,100,upper_extremizer,155,0.1555,1
Llama-3-70B,8,100,upper_extremizer,156,0.1565,1
Llama-3-70B,8,100,upper_extremizer,157,0.1575,1
Llama-3-70B,8,100,upper_extremizer,158,0.1585,1
Llama-3-70B,8,100,upper_extremizer,159,0.1595,1
Llama-3-70B,8,100,upper_extremizer,160,0.1605,1
Llama-3-70B,8,100,upper_extremizer,161,0.1615,1
Llama-3-70B,8,100,upper_extremizer,162,0.1625,1
Llama-3-70B,8,100,upper_extremizer,163,0.1635,1
Llama-3-70B,8,100,upper_extremizer,164,0.1645,1
Llama-3-70B,8,100,upper_extremizer,165,0.1655,1
Llama-3-70B,8,100,upper_extremizer,166,0.1665,1
Llama-3-70B,8,100,upper_extremizer,167,0.1675,1
Llama-3-70B,8,100,upper_extremizer,168,0.1685,1
Llama-3-70B,8,100,upper_extremizer,169,0.1695,1
Llama-3-70B,8,100,upper_extremizer,170,0.1705,1
Llama-3-70B,8,100,upper_extremizer,171,0.1715,1
Llama-3-70B,8,100,upper_extremizer,172,0.1725,1
Llama-3-70B,8,100,upper_extremizer,173,0.1735,1
Llama-3-70B,8,100,upper_extremizer,174,0.1745,1
Llama-3-70B,8,100,upper_extremizer,175,0.1755,1
Llama-3-70B,8,100,upper_extremizer,176,0.1765,1
Llama-3-70B,8,100,upper_extremizer,177,0.1775,1
Llama-3-70B,8,100,upper_extremizer,178,0.1785,1
Llama-3-70B,8,100,upper_extremizer,179,0.1795,1
Llama-3-70B,8,100,upper_extremizer,180,0.1805,1
Llama-3-70B,8,100,upper_extremizer,181,0.1815,1
Llama-3-70B,8,100,upper_extremizer,182,0.1825,1
Llama-3-70B,8,100,upper_extremizer,183,0.1835,1
Llama-3-70B,8,100,upper_extremizer,184,0.1845,1
Llama-3-70B,8,100,upper_extremizer,185,0.1855,1
Llama-3-70B,8,100,upper_extremizer,186,0.1865,1
Llama-3-70B,8,100,upper_extremizer,187,0.1875,1
Llama-3-70B,8,100,upper_extremizer,188,0.1885,1
Llama-3-70B,8,100,upper_extremizer,189,0.1895,1
Llama-3-70B,8,100,upper_extremizer,190,0.1905,1
Llama-3-70B,8,100,upper_extremizer,191,0.1915,1
Llama-3-70B,8,100,upper_extremizer,192,0.1925,1
Llama-3-70B,8,100,upper_extremizer,193,0.1935,1
Llama-3-70B,8,100,upper_extremizer,194,0.1945,1
Llama-3-70B,8,100,upper_extremizer,195,0.1955,1
Llama-3-70B,8,100,upper_extremizer,196,0.1965,1
Llama-3-70B,8,100,upper_extremizer,197,0.1975,1
Llama-3-70B,8,100,upper_extremizer,198,0.1985,1
Llama-3-70B,8,100,upper_extremizer,199,0.1995,1
Llama-3-70B,8,100,upper_extremizer,200,0.2005,1
Llama-3-70B,8,100,upper_extremizer,201,0.2015,1
Llama-3-70B,8,100,upper_extremizer,202,0.2025,1
Llama-3-70B,8,100,upper_extremizer,203,0.2035,1
Llama-3-70B,8,100,upper_extremizer,204,0.2045,1
Llama-3-70B,8,100,upper_extremizer,205,0.2055,1
Llama-3-70B,8,100,upper_extremizer,206,0.2065,1
Llama-3-70B,8,100,upper_extremizer,207,0.2075,1
Llama-3-70B,8,100,upper_extremizer,208,0.2085,1
Llama-3-70B,8,100,upper_extremizer,209,0.2095,1
Llama-3-70B,8,100,upper_extremizer,210,0.2105,1
Llama-3-70B,8,100,upper_extremizer,211,0.2115,1
Llama-3-70B,8,100,upper_extremizer,212,0.2125,1
Llama-3-70B,8,100,upper_extremizer,213,0.2135,1
Llama-3-70B,8,100,upper_extremizer,214,0.2145,1
Llama-3-70B,8,100,upper_extremizer,215,0.2155,1
Llama-3-70B,8,100,upper_extremizer,216,0.2165,1
Llama-3-70B,8,100,upper_extremizer,217,0.2175,1
Llama-3-70B,8,100,upper_extremizer,218,0.2185,1
Llama-3-70B,8,100,upper_extremizer,219,0.2195,1
Llama-3-70B,8,100,upper_extremizer,220,0.2205,1
Llama-3-70B,8,100,upper_extremizer,221,0.2215,1
Llama-3-70B,8,100,upper_extremizer,222,0.2225,1
Llama-3-70B,8,100,upper_extremizer,223,0.2235,1
Llama-3-70B,8,100,upper_extremizer,224,0.2245,1
Llama-3-70B,8,100,upper_extremizer,225,0.2255,1
Llama-3-70B,8,100,upper_extremizer,226,0.2265,1
Llama-3-70B,8,100,upper_extremizer,227,0.2275,1
Llama-3-70B,8,100,upper_extremizer,228,0.2285,1
Llama-3-70B,8,100,upper_extremizer,229,0.2295,1
Llama-3-70B,8,100,upper_extremizer,230,0.2305,1
Llama-3-70B,8,100,upper_extremizer,231,0.2315,1
Llama-3-70B,8,100,upper_extremizer,232,0.2325,1
Llama-3-70B,8,100,upper_extremizer,233,0.2335,1
Llama-3-70B,8,100,upper_extremizer,234,0.2345,1
Llama-3-70B,8,100,upper_extremizer,235,0.2355,1
Llama-3-70B,8,100,upper_extremizer,236,0.2365,1
Llama-3-70B,8,100,upper_extremizer,237,0.2375,1
Llama-3-70B,8,100,upper_extremizer,238,0.2385,1
Llama-3-70B,8,100,upper_extremizer,239,0.2395,1
Llama-3-70B,8,100,upper_extremizer,240,0.2405,1
Llama-3-70B,8,100,upper_extremizer,241,0.2415,1
Llama-3-70B,8,100,upper_extremizer,242,0.2425,1
Llama-3-70B,8,100,upper_extremizer,243,0.2435,1
Llama-3-70B,8,100,upper_extremizer,244,0.2445,1
Llama-3-70B,8,100,upper_extremizer,245,0.2455,1
Llama-3-70B,8,100,upper_extremizer,246,0.2465,1
Llama-3-70B,8,100,upper_extremizer,247,0.2475,1
Llama-3-70B,8,100,upper_extremizer,248,0.2485,1
Llama-3-70B,8,100,upper_extremizer,249,0.2495,1
Llama-3-70B,8,100,upper_extremizer,250,0.2505,1
Llama-3-70B,8,100,upper_extremizer,251,0.2515,1
Llama-3-70B,8,100,upper_extremizer,252,0.2525,1
Llama-3-70B,8,100,upper_extremizer,253,0.2535,1
Llama-3-70B,8,100,upper_extremizer,254,0.2545,1
Llama-3-70B,8,100,upper_extremizer,255,0.2555,1
Llama-3-70B,8,100,upper_extremizer,256,0.2565,1
Llama-3-70B,8,100,upper_extremizer,257,0.2575,1
Llama-3-70B,8,100,upper_extremizer,258,0.2585,1
Llama-3-70B,8,100,upper_extremizer,259,0.2595,1
Llama-3-70B,8,100,upper_extremizer,260,0.2605,1
Llama-3-70B,8,100,upper_extremizer,261,0.2615,1
Llama-3-70B,8,100,upper_extremizer,262,0.2625,1
Llama-3-70B,8,100,upper_extremizer,263,0.2635,1
Llama-3-70B,8,100,upper_extremizer,264,0.2645,1
Llama-3-70B,8,100,upper_extremizer,265,0.2655,1
Llama-3-70B,8,100,upper_extremizer,266,0.2665,1
Llama-3-70B,8,100,upper_extremizer,267,0.2675,1
Llama-3-70B,8,100,upper_extremizer,268,0.2685,1
Llama-3-70B,8,100,upper_extremizer,269,0.2695,1
Llama-3-70B,8,100,upper_extremizer,270,0.2705,1
Llama-3-70B,8,100,upper_extremizer,271,0.2715,1
Llama-3-70B,8,100,upper_extremizer,272,0.2725,1
Llama-3-70B,8,100,upper_extremizer,273,0.2735,0.281907649397
Llama-3-70B,8,100,upper_extremizer,274,0.2745,0
Llama-3-70B,8,100,upper_extremizer,275,0.2755,0
Llama-3-70B,8,100,upper_extremizer,276,0.2765,0
Llama-3-70B,8,100,upper_extremizer,277,0.2775,0
Llama-3-70B,8,100,upper_extremizer,278,0.2785,0
Llama-3-70B,8,100,upper_extremizer,279,0.2795,0
Llama-3-70B,8,100,upper_extremizer,280,0.2805,0
Llama-3-70B,8,100,upper_extremizer,281,0.2815,0
Llama-3-70B,8,100,upper_extremizer,282,0.2825,0
Llama-3-70B,8,100,upper_extremizer,283,0.2835,0
Llama-3-70B,8,100,upper_extremizer,284,0.2845,0
Llama-3-70B,8,100,upper_extremizer,285,0.2855,0
Llama-3-70B,8,100,upper_extremizer,286,0.2865,0
Llama-3-70B,8,100,upper_extremizer,287,0.2875,0
Llama-3-70B,8,100,upper_extremizer,288,0.2885,0
Llama-3-70B,8,100,upper_extremizer,289,0.2895,0
Llama-3-70B,8,100,upper_extremizer,290,0.2905,0
Llama-3-70B,8,100,upper_extremizer,291,0.2915,0
Llama-3-70B,8,100,upper_extremizer,292,0.2925,0
Llama-3-70B,8,100,upper_extremizer,293,0.2935,0
Llama-3-70B,8,100,upper_extremizer,294,0.2945,0
Llama-3-70B,8,100,upper_extremizer,295,0.2955,0
Llama-3-70B,8,100,upper_extremizer,296,0.2965,0
Llama-3-70B,8,100,upper_extremizer,297,0.2975,0
Llama-3-70B,8,100,upper_extremizer,298,0.2985,0
Llama-3-70B,8,100,upper_extremizer,299,0.2995,0
Llama-3-70B,8,100,upper_extremizer,300,0.3005,0
Llama-3-70B,8,100,upper_extremizer,301,0.3015,0
Llama-3-70B,8,100,upper_extremizer,302,0.3025,0
Llama-3-70B,8,100,upper_extremizer,303,0.3035,0
Llama-3-70B,8,100,upper_extremizer,304,0.3045,0
Llama-3-70B,8,100,upper_extremizer,305,0.3055,0
Llama-3-70B,8,100,upper_extremizer,306,0.3065,0
Llama-3-70B,8,100,upper_extremizer,307,0.3075,0
Llama-3-70B,8,100,upper_extremizer,308,0.3085,0
Llama-3-70B,8,100,upper_extremizer,309,0.3095,0
Llama-3-70B,8,100,upper_extremizer,310,0.3105,0
Llama-3-70B,8,100,upper_extremizer,311,0.3115,0
Llama-3-70B,8,100,upper_extremizer,312,0.3125,0
Llama-3-70B,8,100,upper_extremizer,313,0.3135,0
Llama-3-70B,8,100,upper_extremizer,314,0.3145,0
Llama-3-70B,8,100,upper_extremizer,315,0.3155,0
Llama-3-70B,8,100,upper_extremizer,316,0.3165,0
Llama-3-70B,8,100,upper_extremizer,317,0.3175,0
Llama-3-70B,8,100,upper_extremizer,318,0.3185,0
Llama-3-70B,8,100,upper_extremizer,319,0.3195,0
Llama-3-70B,8,100,upper_extremizer,320,0.3205,0
Llama-3-70B,8,100,upper_extremizer,321,0.3215,0
Llama-3-70B,8,100,upper_extremizer,322,0.3225,0
Llama-3-70B,8,100,upper_extremizer,323,0.3235,0
Llama-3-70B,8,100,upper_extremizer,324,0.3245,0
Llama-3-70B,8,100,upper_extremizer,325,0.3255,0
Llama-3-70B,8,100,upper_extremizer,326,0.3265,0
Llama-3-70B,8,100,upper_extremizer,327,0.3275,0
Llama-3-70B,8,100,upper_extremizer,328,0.3285,0
Llama-3-70B,8,100,upper_extremizer,329,0.3295,0
Llama-3-70B,8,100,upper_extremizer,330,0.3305,0
Llama-3-70B,8,100,upper_extremizer,331,0.3315,0
Llama-3-70B,8,100,upper_extremizer,332,0.3325,0
Llama-3-70B,8,100,upper_extremizer,333,0.3335,0
Llama-3-70B,8,100,upper_extremizer,334,0.3345,0
Llama-3-70B,8,100,upper_extremizer,335,0.3355,0
Llama-3-70B,8,100,upper_extremizer,336,0.3365,0
Llama-3-70B,8,100,upper_extremizer,337,0.3375,0
Llama-3-70B,8,100,upper_extremizer,338,0.3385,0
Llama-3-70B,8,100,upper_extremizer,339,0.3395,0
Llama-3-70B,8,100,upper_extremizer,340,0.3405,0
Llama-3-70B,8,100,upper_extremizer,341,0.3415,0
Llama-3-70B,8,100,upper_extremizer,342,0.3425,0
Llama-3-70B,8,100,upper_extremizer,343,0.3435,0
Llama-3-70B,8,100,upper_extremizer,344,0.3445,0
Llama-3-70B,8,100,upper_extremizer,345,0.3455,0
Llama-3-70B,8,100,upper_extremizer,346,0.3465,0
Llama-3-70B,8,100,upper_extremizer,347,0.3475,0
Llama-3-70B,8,100,upper_extremizer,348,0.3485,0
Llama-3-70B,8,100,upper_extremizer,349,0.3495,0
Llama-3-70B,8,100,upper_extremizer,350,0.3505,0
Llama-3-70B,8,100,upper_extremizer,351,0.3515,0
Llama-3-70B,8,100,upper_extremizer,352,0.3525,0
Llama-3-70B,8,100,upper_extremizer,353,0.3535,0
Llama-3-70B,8,100,upper_extremizer,354,0.3545,0
Llama-3-70B,8,100,upper_extremizer,355,0.3555,0
Llama-3-70B,8,100,upper_extremizer,356,0.3565,0
Llama-3-70B,8,100,upper_extremizer,357,0.3575,0
Llama-3-70B,8,100,upper_extremizer,358,0.3585,0
Llama-3-70B,8,100,upper_extremizer,359,0.3595,0
Llama-3-70B,8,100,upper_extremizer,360,0.3605,0
Llama-3-70B,8,100,upper_extremizer,361,0.3615,0
Llama-3-70B,8,100,upper_extremizer,362,0.3625,0.20640833779
Llama-3-70B,8,100,upper_extremizer,363,0.3635,1
Llama-3-70B,8,100,upper_extremizer,364,0.3645,1
Llama-3-70B,8,100,upper_extremizer,365,0.3655,1
Llama-3-70B,8,100,upper_extremizer,366,0.3665,1
Llama-3-70B,8,100,upper_extremizer,367,0.3675,1
Llama-3-70B,8,100,upper_extremizer,368,0.3685,1
Llama-3-70B,8,100,upper_extremizer,369,0.3695,1
Llama-3-70B,8,100,upper_extremizer,370,0.3705,1
Llama-3-70B,8,100,upper_extremizer,371,0.3715,1
Llama-3-70B,8,100,upper_extremizer,372,0.3725,1
Llama-3-70B,8,100,upper_extremizer,373,0.3735,1
Llama-3-70B,8,100,upper_extremizer,374,0.3745,1
Llama-3-70B,8,100,upper_extremizer,375,0.3755,1
Llama-3-70B,8,100,upper_extremizer,376,0.3765,1
Llama-3-70B,8,100,upper_extremizer,377,0.3775,1
Llama-3-70B,8,100,upper_extremizer,378,0.3785,1
Llama-3-70B,8,100,upper_extremizer,379,0.3795,1
Llama-3-70B,8,100,upper_extremizer,380,0.3805,1
Llama-3-70B,8,100,upper_extremizer,381,0.3815,1
Llama-3-70B,8,100,upper_extremizer,382,0.3825,1
Llama-3-70B,8,100,upper_extremizer,383,0.3835,1
Llama-3-70B,8,100,upper_extremizer,384,0.3845,1
Llama-3-70B,8,100,upper_extremizer,385,0.3855,1
Llama-3-70B,8,100,upper_extremizer,386,0.3865,1
Llama-3-70B,8,100,upper_extremizer,387,0.3875,1
Llama-3-70B,8,100,upper_extremizer,388,0.3885,1
Llama-3-70B,8,100,upper_extremizer,389,0.3895,1
Llama-3-70B,8,100,upper_extremizer,390,0.3905,1
Llama-3-70B,8,100,upper_extremizer,391,0.3915,1
Llama-3-70B,8,100,upper_extremizer,392,0.3925,1
Llama-3-70B,8,100,upper_extremizer,393,0.3935,1
Llama-3-70B,8,100,upper_extremizer,394,0.3945,1
Llama-3-70B,8,100,upper_extremizer,395,0.3955,1
Llama-3-70B,8,100,upper_extremizer,396,0.3965,1
Llama-3-70B,8,100,upper_extremizer,397,0.3975,1
Llama-3-70B,8,100,upper_extremizer,398,0.3985,1
Llama-3-70B,8,100,upper_extremizer,399,0.3995,1
Llama-3-70B,8,100,upper_extremizer,400,0.4005,1
Llama-3-70B,8,100,upper_extremizer,401,0.4015,1
Llama-3-70B,8,100,upper_extremizer,402,0.4025,1
Llama-3-70B,8,100,upper_extremizer,403,0.4035,1
Llama-3-70B,8,100,upper_extremizer,404,0.4045,1
Llama-3-70B,8,100,upper_extremizer,405,0.4055,1
Llama-3-70B,8,100,upper_extremizer,406,0.4065,1
Llama-3-70B,8,100,upper_extremizer,407,0.4075,1
Llama-3-70B,8,100,upper_extremizer,408,0.4085,1
Llama-3-70B,8,100,upper_extremizer,409,0.4095,1
Llama-3-70B,8,100,upper_extremizer,410,0.4105,1
Llama-3-70B,8,100,upper_extremizer,411,0.4115,1
Llama-3-70B,8,100,upper_extremizer,412,0.4125,1
Llama-3-70B,8,100,upper_extremizer,413,0.4135,1
Llama-3-70B,8,100,upper_extremizer,414,0.4145,1
Llama-3-70B,8,100,upper_extremizer,415,0.4155,1
Llama-3-70B,8,100,upper_extremizer,416,0.4165,1
Llama-3-70B,8,100,upper_extremizer,417,0.4175,1
Llama-3-70B,8,100,upper_extremizer,418,0.4185,1
Llama-3-70B,8,100,upper_extremizer,419,0.4195,1
Llama-3-70B,8,100,upper_extremizer,420,0.4205,1
Llama-3-70B,8,100,upper_extremizer,421,0.4215,1
Llama-3-70B,8,100,upper_extremizer,422,0.4225,1
Llama-3-70B,8,100,upper_extremizer,423,0.4235,1
Llama-3-70B,8,100,upper_extremizer,424,0.4245,1
Llama-3-70B,8,100,upper_extremizer,425,0.4255,1
Llama-3-70B,8,100,upper_extremizer,426,0.4265,1
Llama-3-70B,8,100,upper_extremizer,427,0.4275,1
Llama-3-70B,8,100,upper_extremizer,428,0.4285,1
Llama-3-70B,8,100,upper_extremizer,429,0.4295,1
Llama-3-70B,8,100,upper_extremizer,430,0.4305,1
Llama-3-70B,8,100,upper_extremizer,431,0.4315,1
Llama-3-70B,8,100,upper_extremizer,432,0.4325,1
Llama-3-70B,8,100,upper_extremizer,433,0.4335,1
Llama-3-70B,8,100,upper_extremizer,434,0.4345,1
Llama-3-70B,8,100,upper_extremizer,435,0.4355,1
Llama-3-70B,8,100,upper_extremizer,436,0.4365,1
Llama-3-70B,8,100,upper_extremizer,437,0.4375,1
Llama-3-70B,8,100,upper_extremizer,438,0.4385,1
Llama-3-70B,8,100,upper_extremizer,439,0.4395,1
Llama-3-70B,8,100,upper_extremizer,440,0.4405,1
Llama-3-70B,8,100,upper_extremizer,441,0.4415,1
Llama-3-70B,8,100,upper_extremizer,442,0.4425,1
Llama-3-70B,8,100,upper_extremizer,443,0.4435,1
Llama-3-70B,8,100,upper_extremizer,444,0.4445,1
Llama-3-70B,8,100,upper_extremizer,445,0.4455,1
Llama-3-70B,8,100,upper_extremizer,446,0.4465,1
Llama-3-70B,8,100,upper_extremizer,447,0.4475,1
Llama-3-70B,8,100,upper_extremizer,448,0.4485,1
Llama-3-70B,8,100,upper_extremizer,449,0.4495,1
Llama-3-70B,8,100,upper_extremizer,450,0.4505,1
Llama-3-70B,8,100,upper_extremizer,451,0.4515,1
Llama-3-70B,8,100,upper_extremizer,452,0.4525,1
Llama-3-70B,8,100,upper_extremizer,453,0.4535,1
Llama-3-70B,8,100,upper_extremizer,454,0.4545,1
Llama-3-70B,8,100,upper_extremizer,455,0.4555,1
Llama-3-70B,8,100,upper_extremizer,456,0.4565,1
Llama-3-70B,8,100,upper_extremizer,457,0.4575,1
Llama-3-70B,8,100,upper_extremizer,458,0.4585,1
Llama-3-70B,8,100,upper_extremizer,459,0.4595,1
Llama-3-70B,8,100,upper_extremizer,460,0.4605,1
Llama-3-70B,8,100,upper_extremizer,461,0.4615,1
Llama-3-70B,8,100,upper_extremizer,462,0.4625,1
Llama-3-70B,8,100,upper_extremizer,463,0.4635,1
Llama-3-70B,8,100,upper_extremizer,464,0.4645,1
Llama-3-70B,8,100,upper_extremizer,465,0.4655,1
Llama-3-70B,8,100,upper_extremizer,466,0.4665,1
Llama-3-70B,8,100,upper_extremizer,467,0.4675,1
Llama-3-70B,8,100,upper_extremizer,468,0.4685,1
Llama-3-70B,8,100,upper_extremizer,469,0.4695,1
Llama-3-70B,8,100,upper_extremizer,470,0.4705,1
Llama-3-70B,8,100,upper_extremizer,471,0.4715,1
Llama-3-70B,8,100,upper_extremizer,472,0.4725,1
Llama-3-70B,8,100,upper_extremizer,473,0.4735,1
Llama-3-70B,8,100,upper_extremizer,474,0.4745,1
Llama-3-70B,8,100,upper_extremizer,475,0.4755,1
Llama-3-70B,8,100,upper_extremizer,476,0.4765,1
Llama-3-70B,8,100,upper_extremizer,477,0.4775,1
Llama-3-70B,8,100,upper_extremizer,478,0.4785,1
Llama-3-70B,8,100,upper_extremizer,479,0.4795,1
Llama-3-70B,8,100,upper_extremizer,480,0.4805,1
Llama-3-70B,8,100,upper_extremizer,481,0.4815,1
Llama-3-70B,8,100,upper_extremizer,482,0.4825,1
Llama-3-70B,8,100,upper_extremizer,483,0.4835,1
Llama-3-70B,8,100,upper_extremizer,484,0.4845,1
Llama-3-70B,8,100,upper_extremizer,485,0.4855,1
Llama-3-70B,8,100,upper_extremizer,486,0.4865,1
Llama-3-70B,8,100,upper_extremizer,487,0.4875,1
Llama-3-70B,8,100,upper_extremizer,488,0.4885,1
Llama-3-70B,8,100,upper_extremizer,489,0.4895,1
Llama-3-70B,8,100,upper_extremizer,490,0.4905,1
Llama-3-70B,8,100,upper_extremizer,491,0.4915,1
Llama-3-70B,8,100,upper_extremizer,492,0.4925,1
Llama-3-70B,8,100,upper_extremizer,493,0.4935,1
Llama-3-70B,8,100,upper_extremizer,494,0.4945,1
Llama-3-70B,8,100,upper_extremizer,495,0.4955,1
Llama-3-70B,8,100,upper_extremizer,496,0.4965,1
Llama-3-70B,8,100,upper_extremizer,497,0.4975,1
Llama-3-70B,8,100,upper_extremizer,498,0.4985,1
Llama-3-70B,8,100,upper_extremizer,499,0.4995,1
Llama-3-70B,8,100,upper_extremizer,500,0.5005,1
Llama-3-70B,8,100,upper_extremizer,501,0.5015,1
Llama-3-70B,8,100,upper_extremizer,502,0.5025,1
Llama-3-70B,8,100,upper_extremizer,503,0.5035,1
Llama-3-70B,8,100,upper_extremizer,504,0.5045,1
Llama-3-70B,8,100,upper_extremizer,505,0.5055,1
Llama-3-70B,8,100,upper_extremizer,506,0.5065,1
Llama-3-70B,8,100,upper_extremizer,507,0.5075,1
Llama-3-70B,8,100,upper_extremizer,508,0.5085,1
Llama-3-70B,8,100,upper_extremizer,509,0.5095,1
Llama-3-70B,8,100,upper_extremizer,510,0.5105,1
Llama-3-70B,8,100,upper_extremizer,511,0.5115,1
Llama-3-70B,8,100,upper_extremizer,512,0.5125,1
Llama-3-70B,8,100,upper_extremizer,513,0.5135,1
Llama-3-70B,8,100,upper_extremizer,514,0.5145,1
Llama-3-70B,8,100,upper_extremizer,515,0.5155,1
Llama-3-70B,8,100,upper_extremizer,516,0.5165,1
Llama-3-70B,8,100,upper_extremizer,517,0.5175,1
Llama-3-70B,8,100,upper_extremizer,518,0.5185,1
Llama-3-70B,8,100,upper_extremizer,519,0.5195,1
Llama-3-70B,8,100,upper_extremizer,520,0.5205,1
Llama-3-70B,8,100,upper_extremizer,521,0.5215,1
Llama-3-70B,8,100,upper_extremizer,522,0.5225,1
Llama-3-70B,8,100,upper_extremizer,523,0.5235,1
Llama-3-70B,8,100,upper_extremizer,524,0.5245,1
Llama-3-70B,8,100,upper_extremizer,525,0.5255,1
Llama-3-70B,8,100,upper_extremizer,526,0.5265,1
Llama-3-70B,8,100,upper_extremizer,527,0.5275,1
Llama-3-70B,8,100,upper_extremizer,528,0.5285,1
Llama-3-70B,8,100,upper_extremizer,529,0.5295,1
Llama-3-70B,8,100,upper_extremizer,530,0.5305,1
Llama-3-70B,8,100,upper_extremizer,531,0.5315,1
Llama-3-70B,8,100,upper_extremizer,532,0.5325,1
Llama-3-70B,8,100,upper_extremizer,533,0.5335,1
Llama-3-70B,8,100,upper_extremizer,534,0.5345,1
Llama-3-70B,8,100,upper_extremizer,535,0.5355,1
Llama-3-70B,8,100,upper_extremizer,536,0.5365,1
Llama-3-70B,8,100,upper_extremizer,537,0.5375,1
Llama-3-70B,8,100,upper_extremizer,538,0.5385,1
Llama-3-70B,8,100,upper_extremizer,539,0.5395,1
Llama-3-70B,8,100,upper_extremizer,540,0.5405,1
Llama-3-70B,8,100,upper_extremizer,541,0.5415,1
Llama-3-70B,8,100,upper_extremizer,542,0.5425,1
Llama-3-70B,8,100,upper_extremizer,543,0.5435,1
Llama-3-70B,8,100,upper_extremizer,544,0.5445,1
Llama-3-70B,8,100,upper_extremizer,545,0.5455,1
Llama-3-70B,8,100,upper_extremizer,546,0.5465,1
Llama-3-70B,8,100,upper_extremizer,547,0.5475,1
Llama-3-70B,8,100,upper_extremizer,548,0.5485,1
Llama-3-70B,8,100,upper_extremizer,549,0.5495,1
Llama-3-70B,8,100,upper_extremizer,550,0.5505,1
Llama-3-70B,8,100,upper_extremizer,551,0.5515,1
Llama-3-70B,8,100,upper_extremizer,552,0.5525,1
Llama-3-70B,8,100,upper_extremizer,553,0.5535,1
Llama-3-70B,8,100,upper_extremizer,554,0.5545,1
Llama-3-70B,8,100,upper_extremizer,555,0.5555,1
Llama-3-70B,8,100,upper_extremizer,556,0.5565,1
Llama-3-70B,8,100,upper_extremizer,557,0.5575,1
Llama-3-70B,8,100,upper_extremizer,558,0.5585,1
Llama-3-70B,8,100,upper_extremizer,559,0.5595,1
Llama-3-70B,8,100,upper_extremizer,560,0.5605,1
Llama-3-70B,8,100,upper_extremizer,561,0.5615,1
Llama-3-70B,8,100,upper_extremizer,562,0.5625,1
Llama-3-70B,8,100,upper_extremizer,563,0.5635,1
Llama-3-70B,8,100,upper_extremizer,564,0.5645,1
Llama-3-70B,8,100,upper_extremizer,565,0.5655,1
Llama-3-70B,8,100,upper_extremizer,566,0.5665,1
Llama-3-70B,8,100,upper_extremizer,567,0.5675,1
Llama-3-70B,8,100,upper_extremizer,568,0.5685,1
Llama-3-70B,8,100,upper_extremizer,569,0.5695,1
Llama-3-70B,8,100,upper_extremizer,570,0.5705,1
Llama-3-70B,8,100,upper_extremizer,571,0.5715,1
Llama-3-70B,8,100,upper_extremizer,572,0.5725,1
Llama-3-70B,8,100,upper_extremizer,573,0.5735,1
Llama-3-70B,8,100,upper_extremizer,574,0.5745,1
Llama-3-70B,8,100,upper_extremizer,575,0.5755,1
Llama-3-70B,8,100,upper_extremizer,576,0.5765,1
Llama-3-70B,8,100,upper_extremizer,577,0.5775,1
Llama-3-70B,8,100,upper_extremizer,578,0.5785,1
Llama-3-70B,8,100,upper_extremizer,579,0.5795,1
Llama-3-70B,8,100,upper_extremizer,580,0.5805,1
Llama-3-70B,8,100,upper_extremizer,581,0.5815,1
Llama-3-70B,8,100,upper_extremizer,582,0.5825,1
Llama-3-70B,8,100,upper_extremizer,583,0.5835,1
Llama-3-70B,8,100,upper_extremizer,584,0.5845,1
Llama-3-70B,8,100,upper_extremizer,585,0.5855,1
Llama-3-70B,8,100,upper_extremizer,586,0.5865,1
Llama-3-70B,8,100,upper_extremizer,587,0.5875,1
Llama-3-70B,8,100,upper_extremizer,588,0.5885,1
Llama-3-70B,8,100,upper_extremizer,589,0.5895,1
Llama-3-70B,8,100,upper_extremizer,590,0.5905,1
Llama-3-70B,8,100,upper_extremizer,591,0.5915,1
Llama-3-70B,8,100,upper_extremizer,592,0.5925,1
Llama-3-70B,8,100,upper_extremizer,593,0.5935,1
Llama-3-70B,8,100,upper_extremizer,594,0.5945,1
Llama-3-70B,8,100,upper_extremizer,595,0.5955,1
Llama-3-70B,8,100,upper_extremizer,596,0.5965,1
Llama-3-70B,8,100,upper_extremizer,597,0.5975,1
Llama-3-70B,8,100,upper_extremizer,598,0.5985,1
Llama-3-70B,8,100,upper_extremizer,599,0.5995,1
Llama-3-70B,8,100,upper_extremizer,600,0.6005,1
Llama-3-70B,8,100,upper_extremizer,601,0.6015,1
Llama-3-70B,8,100,upper_extremizer,602,0.6025,1
Llama-3-70B,8,100,upper_extremizer,603,0.6035,1
Llama-3-70B,8,100,upper_extremizer,604,0.6045,1
Llama-3-70B,8,100,upper_extremizer,605,0.6055,1
Llama-3-70B,8,100,upper_extremizer,606,0.6065,1
Llama-3-70B,8,100,upper_extremizer,607,0.6075,1
Llama-3-70B,8,100,upper_extremizer,608,0.6085,1
Llama-3-70B,8,100,upper_extremizer,609,0.6095,1
Llama-3-70B,8,100,upper_extremizer,610,0.6105,1
Llama-3-70B,8,100,upper_extremizer,611,0.6115,1
Llama-3-70B,8,100,upper_extremizer,612,0.6125,1
Llama-3-70B,8,100,upper_extremizer,613,0.6135,1
Llama-3-70B,8,100,upper_extremizer,614,0.6145,1
Llama-3-70B,8,100,upper_extremizer,615,0.6155,1
Llama-3-70B,8,100,upper_extremizer,616,0.6165,1
Llama-3-70B,8,100,upper_extremizer,617,0.6175,1
Llama-3-70B,8,100,upper_extremizer,618,0.6185,1
Llama-3-70B,8,100,upper_extremizer,619,0.6195,1
Llama-3-70B,8,100,upper_extremizer,620,0.6205,1
Llama-3-70B,8,100,upper_extremizer,621,0.6215,1
Llama-3-70B,8,100,upper_extremizer,622,0.6225,0.168225144845
Llama-3-70B,8,100,upper_extremizer,623,0.6235,0
Llama-3-70B,8,100,upper_extremizer,624,0.6245,0
Llama-3-70B,8,100,upper_extremizer,625,0.6255,0
Llama-3-70B,8,100,upper_extremizer,626,0.6265,0
Llama-3-70B,8,100,upper_extremizer,627,0.6275,0
Llama-3-70B,8,100,upper_extremizer,628,0.6285,0
Llama-3-70B,8,100,upper_extremizer,629,0.6295,0
Llama-3-70B,8,100,upper_extremizer,630,0.6305,0
Llama-3-70B,8,100,upper_extremizer,631,0.6315,0
Llama-3-70B,8,100,upper_extremizer,632,0.6325,0
Llama-3-70B,8,100,upper_extremizer,633,0.6335,0
Llama-3-70B,8,100,upper_extremizer,634,0.6345,0
Llama-3-70B,8,100,upper_extremizer,635,0.6355,0
Llama-3-70B,8,100,upper_extremizer,636,0.6365,0
Llama-3-70B,8,100,upper_extremizer,637,0.6375,0
Llama-3-70B,8,100,upper_extremizer,638,0.6385,0
Llama-3-70B,8,100,upper_extremizer,639,0.6395,0
Llama-3-70B,8,100,upper_extremizer,640,0.6405,0
Llama-3-70B,8,100,upper_extremizer,641,0.6415,0
Llama-3-70B,8,100,upper_extremizer,642,0.6425,0
Llama-3-70B,8,100,upper_extremizer,643,0.6435,0
Llama-3-70B,8,100,upper_extremizer,644,0.6445,0
Llama-3-70B,8,100,upper_extremizer,645,0.6455,0
Llama-3-70B,8,100,upper_extremizer,646,0.6465,0
Llama-3-70B,8,100,upper_extremizer,647,0.6475,0
Llama-3-70B,8,100,upper_extremizer,648,0.6485,0
Llama-3-70B,8,100,upper_extremizer,649,0.6495,0
Llama-3-70B,8,100,upper_extremizer,650,0.6505,0
Llama-3-70B,8,100,upper_extremizer,651,0.6515,0
Llama-3-70B,8,100,upper_extremizer,652,0.6525,0
Llama-3-70B,8,100,upper_extremizer,653,0.6535,0
Llama-3-70B,8,100,upper_extremizer,654,0.6545,0
Llama-3-70B,8,100,upper_extremizer,655,0.6555,0
Llama-3-70B,8,100,upper_extremizer,656,0.6565,0
Llama-3-70B,8,100,upper_extremizer,657,0.6575,0
Llama-3-70B,8,100,upper_extremizer,658,0.6585,0
Llama-3-70B,8,100,upper_extremizer,659,0.6595,0
Llama-3-70B,8,100,upper_extremizer,660,0.6605,0
Llama-3-70B,8,100,upper_extremizer,661,0.6615,0
Llama-3-70B,8,100,upper_extremizer,662,0.6625,0
Llama-3-70B,8,100,upper_extremizer,663,0.6635,0
Llama-3-70B,8,100,upper_extremizer,664,0.6645,0
Llama-3-70B,8,100,upper_extremizer,665,0.6655,0
Llama-3-70B,8,100,upper_extremizer,666,0.6665,0
Llama-3-70B,8,100,upper_extremizer,667,0.6675,0
Llama-3-70B,8,100,upper_extremizer,668,0.6685,0
Llama-3-70B,8,100,upper_extremizer,669,0.6695,0
Llama-3-70B,8,100,upper_extremizer,670,0.6705,0
Llama-3-70B,8,100,upper_extremizer,671,0.6715,0
Llama-3-70B,8,100,upper_extremizer,672,0.6725,0
Llama-3-70B,8,100,upper_extremizer,673,0.6735,0
Llama-3-70B,8,100,upper_extremizer,674,0.6745,0
Llama-3-70B,8,100,upper_extremizer,675,0.6755,0
Llama-3-70B,8,100,upper_extremizer,676,0.6765,0
Llama-3-70B,8,100,upper_extremizer,677,0.6775,0
Llama-3-70B,8,100,upper_extremizer,678,0.6785,0
Llama-3-70B,8,100,upper_extremizer,679,0.6795,0
Llama-3-70B,8,100,upper_extremizer,680,0.6805,0
Llama-3-70B,8,100,upper_extremizer,681,0.6815,0
Llama-3-70B,8,100,upper_extremizer,682,0.6825,0
Llama-3-70B,8,100,upper_extremizer,683,0.6835,0
Llama-3-70B,8,100,upper_extremizer,684,0.6845,0
Llama-3-70B,8,100,upper_extremizer,685,0.6855,0
Llama-3-70B,8,100,upper_extremizer,686,0.6865,0
Llama-3-70B,8,100,upper_extremizer,687,0.6875,0
Llama-3-70B,8,100,upper_extremizer,688,0.6885,0
Llama-3-70B,8,100,upper_extremizer,689,0.6895,0
Llama-3-70B,8,100,upper_extremizer,690,0.6905,0
Llama-3-70B,8,100,upper_extremizer,691,0.6915,0
Llama-3-70B,8,100,upper_extremizer,692,0.6925,0
Llama-3-70B,8,100,upper_extremizer,693,0.6935,0
Llama-3-70B,8,100,upper_extremizer,694,0.6945,0
Llama-3-70B,8,100,upper_extremizer,695,0.6955,0
Llama-3-70B,8,100,upper_extremizer,696,0.6965,0
Llama-3-70B,8,100,upper_extremizer,697,0.6975,0
Llama-3-70B,8,100,upper_extremizer,698,0.6985,0
Llama-3-70B,8,100,upper_extremizer,699,0.6995,0.396289268534
Llama-3-70B,8,100,upper_extremizer,700,0.7005,1
Llama-3-70B,8,100,upper_extremizer,701,0.7015,1
Llama-3-70B,8,100,upper_extremizer,702,0.7025,1
Llama-3-70B,8,100,upper_extremizer,703,0.7035,1
Llama-3-70B,8,100,upper_extremizer,704,0.7045,1
Llama-3-70B,8,100,upper_extremizer,705,0.7055,1
Llama-3-70B,8,100,upper_extremizer,706,0.7065,1
Llama-3-70B,8,100,upper_extremizer,707,0.7075,1
Llama-3-70B,8,100,upper_extremizer,708,0.7085,1
Llama-3-70B,8,100,upper_extremizer,709,0.7095,1
Llama-3-70B,8,100,upper_extremizer,710,0.7105,1
Llama-3-70B,8,100,upper_extremizer,711,0.7115,1
Llama-3-70B,8,100,upper_extremizer,712,0.7125,1
Llama-3-70B,8,100,upper_extremizer,713,0.7135,1
Llama-3-70B,8,100,upper_extremizer,714,0.7145,1
Llama-3-70B,8,100,upper_extremizer,715,0.7155,1
Llama-3-70B,8,100,upper_extremizer,716,0.7165,1
Llama-3-70B,8,100,upper_extremizer,717,0.7175,1
Llama-3-70B,8,100,upper_extremizer,718,0.7185,1
Llama-3-70B,8,100,upper_extremizer,719,0.7195,1
Llama-3-70B,8,100,upper_extremizer,720,0.7205,1
Llama-3-70B,8,100,upper_extremizer,721,0.7215,1
Llama-3-70B,8,100,upper_extremizer,722,0.7225,1
Llama-3-70B,8,100,upper_extremizer,723,0.7235,1
Llama-3-70B,8,100,upper_extremizer,724,0.7245,1
Llama-3-70B,8,100,upper_extremizer,725,0.7255,1
Llama-3-70B,8,100,upper_extremizer,726,0.7265,1
Llama-3-70B,8,100,upper_extremizer,727,0.7275,1
Llama-3-70B,8,100,upper_extremizer,728,0.7285,1
Llama-3-70B,8,100,upper_extremizer,729,0.7295,1
Llama-3-70B,8,100,upper_extremizer,730,0.7305,1
Llama-3-70B,8,100,upper_extremizer,731,0.7315,1
Llama-3-70B,8,100,upper_extremizer,732,0.7325,1
Llama-3-70B,8,100,upper_extremizer,733,0.7335,1
Llama-3-70B,8,100,upper_extremizer,734,0.7345,1
Llama-3-70B,8,100,upper_extremizer,735,0.7355,1
Llama-3-70B,8,100,upper_extremizer,736,0.7365,1
Llama-3-70B,8,100,upper_extremizer,737,0.7375,1
Llama-3-70B,8,100,upper_extremizer,738,0.7385,1
Llama-3-70B,8,100,upper_extremizer,739,0.7395,1
Llama-3-70B,8,100,upper_extremizer,740,0.7405,1
Llama-3-70B,8,100,upper_extremizer,741,0.7415,1
Llama-3-70B,8,100,upper_extremizer,742,0.7425,1
Llama-3-70B,8,100,upper_extremizer,743,0.7435,1
Llama-3-70B,8,100,upper_extremizer,744,0.7445,1
Llama-3-70B,8,100,upper_extremizer,745,0.7455,1
Llama-3-70B,8,100,upper_extremizer,746,0.7465,1
Llama-3-70B,8,100,upper_extremizer,747,0.7475,1
Llama-3-70B,8,100,upper_extremizer,748,0.7485,1
Llama-3-70B,8,100,upper_extremizer,749,0.7495,1
Llama-3-70B,8,100,upper_extremizer,750,0.7505,1
Llama-3-70B,8,100,upper_extremizer,751,0.7515,1
Llama-3-70B,8,100,upper_extremizer,752,0.7525,1
Llama-3-70B,8,100,upper_extremizer,753,0.7535,1
Llama-3-70B,8,100,upper_extremizer,754,0.7545,1
Llama-3-70B,8,100,upper_extremizer,755,0.7555,1
Llama-3-70B,8,100,upper_extremizer,756,0.7565,1
Llama-3-70B,8,100,upper_extremizer,757,0.7575,1
Llama-3-70B,8,100,upper_extremizer,758,0.7585,1
Llama-3-70B,8,100,upper_extremizer,759,0.7595,1
Llama-3-70B,8,100,upper_extremizer,760,0.7605,1
Llama-3-70B,8,100,upper_extremizer,761,0.7615,1
Llama-3-70B,8,100,upper_extremizer,762,0.7625,1
Llama-3-70B,8,100,upper_extremizer,763,0.7635,1
Llama-3-70B,8,100,upper_extremizer,764,0.7645,1
Llama-3-70B,8,100,upper_extremizer,765,0.7655,1
Llama-3-70B,8,100,upper_extremizer,766,0.7665,1
Llama-3-70B,8,100,upper_extremizer,767,0.7675,1
Llama-3-70B,8,100,upper_extremizer,768,0.7685,1
Llama-3-70B,8,100,upper_extremizer,769,0.7695,1
Llama-3-70B,8,100,upper_extremizer,770,0.7705,1
Llama-3-70B,8,100,upper_extremizer,771,0.7715,1
Llama-3-70B,8,100,upper_extremizer,772,0.7725,1
Llama-3-70B,8,100,upper_extremizer,773,0.7735,1
Llama-3-70B,8,100,upper_extremizer,774,0.7745,1
Llama-3-70B,8,100,upper_extremizer,775,0.7755,1
Llama-3-70B,8,100,upper_extremizer,776,0.7765,1
Llama-3-70B,8,100,upper_extremizer,777,0.7775,1
Llama-3-70B,8,100,upper_extremizer,778,0.7785,1
Llama-3-70B,8,100,upper_extremizer,779,0.7795,1
Llama-3-70B,8,100,upper_extremizer,780,0.7805,1
Llama-3-70B,8,100,upper_extremizer,781,0.7815,1
Llama-3-70B,8,100,upper_extremizer,782,0.7825,1
Llama-3-70B,8,100,upper_extremizer,783,0.7835,1
Llama-3-70B,8,100,upper_extremizer,784,0.7845,1
Llama-3-70B,8,100,upper_extremizer,785,0.7855,1
Llama-3-70B,8,100,upper_extremizer,786,0.7865,1
Llama-3-70B,8,100,upper_extremizer,787,0.7875,1
Llama-3-70B,8,100,upper_extremizer,788,0.7885,1
Llama-3-70B,8,100,upper_extremizer,789,0.7895,1
Llama-3-70B,8,100,upper_extremizer,790,0.7905,1
Llama-3-70B,8,100,upper_extremizer,791,0.7915,1
Llama-3-70B,8,100,upper_extremizer,792,0.7925,1
Llama-3-70B,8,100,upper_extremizer,793,0.7935,1
Llama-3-70B,8,100,upper_extremizer,794,0.7945,1
Llama-3-70B,8,100,upper_extremizer,795,0.7955,1
Llama-3-70B,8,100,upper_extremizer,796,0.7965,1
Llama-3-70B,8,100,upper_extremizer,797,0.7975,1
Llama-3-70B,8,100,upper_extremizer,798,0.7985,1
Llama-3-70B,8,100,upper_extremizer,799,0.7995,1
Llama-3-70B,8,100,upper_extremizer,800,0.8005,1
Llama-3-70B,8,100,upper_extremizer,801,0.8015,1
Llama-3-70B,8,100,upper_extremizer,802,0.8025,1
Llama-3-70B,8,100,upper_extremizer,803,0.8035,1
Llama-3-70B,8,100,upper_extremizer,804,0.8045,1
Llama-3-70B,8,100,upper_extremizer,805,0.8055,1
Llama-3-70B,8,100,upper_extremizer,806,0.8065,1
Llama-3-70B,8,100,upper_extremizer,807,0.8075,1
Llama-3-70B,8,100,upper_extremizer,808,0.8085,1
Llama-3-70B,8,100,upper_extremizer,809,0.8095,1
Llama-3-70B,8,100,upper_extremizer,810,0.8105,1
Llama-3-70B,8,100,upper_extremizer,811,0.8115,1
Llama-3-70B,8,100,upper_extremizer,812,0.8125,1
Llama-3-70B,8,100,upper_extremizer,813,0.8135,1
Llama-3-70B,8,100,upper_extremizer,814,0.8145,1
Llama-3-70B,8,100,upper_extremizer,815,0.8155,1
Llama-3-70B,8,100,upper_extremizer,816,0.8165,1
Llama-3-70B,8,100,upper_extremizer,817,0.8175,1
Llama-3-70B,8,100,upper_extremizer,818,0.8185,1
Llama-3-70B,8,100,upper_extremizer,819,0.8195,1
Llama-3-70B,8,100,upper_extremizer,820,0.8205,1
Llama-3-70B,8,100,upper_extremizer,821,0.8215,1
Llama-3-70B,8,100,upper_extremizer,822,0.8225,1
Llama-3-70B,8,100,upper_extremizer,823,0.8235,1
Llama-3-70B,8,100,upper_extremizer,824,0.8245,1
Llama-3-70B,8,100,upper_extremizer,825,0.8255,1
Llama-3-70B,8,100,upper_extremizer,826,0.8265,1
Llama-3-70B,8,100,upper_extremizer,827,0.8275,1
Llama-3-70B,8,100,upper_extremizer,828,0.8285,1
Llama-3-70B,8,100,upper_extremizer,829,0.8295,1
Llama-3-70B,8,100,upper_extremizer,830,0.8305,1
Llama-3-70B,8,100,upper_extremizer,831,0.8315,1
Llama-3-70B,8,100,upper_extremizer,832,0.8325,1
Llama-3-70B,8,100,upper_extremizer,833,0.8335,1
Llama-3-70B,8,100,upper_extremizer,834,0.8345,1
Llama-3-70B,8,100,upper_extremizer,835,0.8355,1
Llama-3-70B,8,100,upper_extremizer,836,0.8365,1
Llama-3-70B,8,100,upper_extremizer,837,0.8375,1
Llama-3-70B,8,100,upper_extremizer,838,0.8385,1
Llama-3-70B,8,100,upper_extremizer,839,0.8395,1
Llama-3-70B,8,100,upper_extremizer,840,0.8405,1
Llama-3-70B,8,100,upper_extremizer,841,0.8415,1
Llama-3-70B,8,100,upper_extremizer,842,0.8425,1
Llama-3-70B,8,100,upper_extremizer,843,0.8435,1
Llama-3-70B,8,100,upper_extremizer,844,0.8445,1
Llama-3-70B,8,100,upper_extremizer,845,0.8455,1
Llama-3-70B,8,100,upper_extremizer,846,0.8465,1
Llama-3-70B,8,100,upper_extremizer,847,0.8475,1
Llama-3-70B,8,100,upper_extremizer,848,0.8485,1
Llama-3-70B,8,100,upper_extremizer,849,0.8495,1
Llama-3-70B,8,100,upper_extremizer,850,0.8505,1
Llama-3-70B,8,100,upper_extremizer,851,0.8515,1
Llama-3-70B,8,100,upper_extremizer,852,0.8525,1
Llama-3-70B,8,100,upper_extremizer,853,0.8535,1
Llama-3-70B,8,100,upper_extremizer,854,0.8545,1
Llama-3-70B,8,100,upper_extremizer,855,0.8555,1
Llama-3-70B,8,100,upper_extremizer,856,0.8565,1
Llama-3-70B,8,100,upper_extremizer,857,0.8575,1
Llama-3-70B,8,100,upper_extremizer,858,0.8585,1
Llama-3-70B,8,100,upper_extremizer,859,0.8595,1
Llama-3-70B,8,100,upper_extremizer,860,0.8605,1
Llama-3-70B,8,100,upper_extremizer,861,0.8615,1
Llama-3-70B,8,100,upper_extremizer,862,0.8625,1
Llama-3-70B,8,100,upper_extremizer,863,0.8635,1
Llama-3-70B,8,100,upper_extremizer,864,0.8645,1
Llama-3-70B,8,100,upper_extremizer,865,0.8655,1
Llama-3-70B,8,100,upper_extremizer,866,0.8665,1
Llama-3-70B,8,100,upper_extremizer,867,0.8675,1
Llama-3-70B,8,100,upper_extremizer,868,0.8685,1
Llama-3-70B,8,100,upper_extremizer,869,0.8695,1
Llama-3-70B,8,100,upper_extremizer,870,0.8705,1
Llama-3-70B,8,100,upper_extremizer,871,0.8715,1
Llama-3-70B,8,100,upper_extremizer,872,0.8725,1
Llama-3-70B,8,100,upper_extremizer,873,0.8735,1
Llama-3-70B,8,100,upper_extremizer,874,0.8745,1
Llama-3-70B,8,100,upper_extremizer,875,0.8755,1
Llama-3-70B,8,100,upper_extremizer,876,0.8765,1
Llama-3-70B,8,100,upper_extremizer,877,0.8775,1
Llama-3-70B,8,100,upper_extremizer,878,0.8785,1
Llama-3-70B,8,100,upper_extremizer,879,0.8795,1
Llama-3-70B,8,100,upper_extremizer,880,0.8805,1
Llama-3-70B,8,100,upper_extremizer,881,0.8815,1
Llama-3-70B,8,100,upper_extremizer,882,0.8825,1
Llama-3-70B,8,100,upper_extremizer,883,0.8835,1
Llama-3-70B,8,100,upper_extremizer,884,0.8845,1
Llama-3-70B,8,100,upper_extremizer,885,0.8855,1
Llama-3-70B,8,100,upper_extremizer,886,0.8865,1
Llama-3-70B,8,100,upper_extremizer,887,0.8875,1
Llama-3-70B,8,100,upper_extremizer,888,0.8885,1
Llama-3-70B,8,100,upper_extremizer,889,0.8895,1
Llama-3-70B,8,100,upper_extremizer,890,0.8905,1
Llama-3-70B,8,100,upper_extremizer,891,0.8915,1
Llama-3-70B,8,100,upper_extremizer,892,0.8925,1
Llama-3-70B,8,100,upper_extremizer,893,0.8935,1
Llama-3-70B,8,100,upper_extremizer,894,0.8945,1
Llama-3-70B,8,100,upper_extremizer,895,0.8955,1
Llama-3-70B,8,100,upper_extremizer,896,0.8965,1
Llama-3-70B,8,100,upper_extremizer,897,0.8975,1
Llama-3-70B,8,100,upper_extremizer,898,0.8985,1
Llama-3-70B,8,100,upper_extremizer,899,0.8995,1
Llama-3-70B,8,100,upper_extremizer,900,0.9005,1
Llama-3-70B,8,100,upper_extremizer,901,0.9015,1
Llama-3-70B,8,100,upper_extremizer,902,0.9025,1
Llama-3-70B,8,100,upper_extremizer,903,0.9035,1
Llama-3-70B,8,100,upper_extremizer,904,0.9045,1
Llama-3-70B,8,100,upper_extremizer,905,0.9055,1
Llama-3-70B,8,100,upper_extremizer,906,0.9065,1
Llama-3-70B,8,100,upper_extremizer,907,0.9075,0.70662668172
Llama-3-70B,8,100,upper_extremizer,908,0.9085,0
Llama-3-70B,8,100,upper_extremizer,909,0.9095,0
Llama-3-70B,8,100,upper_extremizer,910,0.9105,0
Llama-3-70B,8,100,upper_extremizer,911,0.9115,0
Llama-3-70B,8,100,upper_extremizer,912,0.9125,0
Llama-3-70B,8,100,upper_extremizer,913,0.9135,0
Llama-3-70B,8,100,upper_extremizer,914,0.9145,0
Llama-3-70B,8,100,upper_extremizer,915,0.9155,0
Llama-3-70B,8,100,upper_extremizer,916,0.9165,0
Llama-3-70B,8,100,upper_extremizer,917,0.9175,0
Llama-3-70B,8,100,upper_extremizer,918,0.9185,0
Llama-3-70B,8,100,upper_extremizer,919,0.9195,0
Llama-3-70B,8,100,upper_extremizer,920,0.9205,0
Llama-3-70B,8,100,upper_extremizer,921,0.9215,0
Llama-3-70B,8,100,upper_extremizer,922,0.9225,0
Llama-3-70B,8,100,upper_extremizer,923,0.9235,0
Llama-3-70B,8,100,upper_extremizer,924,0.9245,0
Llama-3-70B,8,100,upper_extremizer,925,0.9255,0
Llama-3-70B,8,100,upper_extremizer,926,0.9265,0
Llama-3-70B,8,100,upper_extremizer,927,0.9275,0
Llama-3-70B,8,100,upper_extremizer,928,0.9285,0
Llama-3-70B,8,100,upper_extremizer,929,0.9295,0
Llama-3-70B,8,100,upper_extremizer,930,0.9305,0
Llama-3-70B,8,100,upper_extremizer,931,0.9315,0
Llama-3-70B,8,100,upper_extremizer,932,0.9325,0
Llama-3-70B,8,100,upper_extremizer,933,0.9335,0
Llama-3-70B,8,100,upper_extremizer,934,0.9345,0
Llama-3-70B,8,100,upper_extremizer,935,0.9355,0
Llama-3-70B,8,100,upper_extremizer,936,0.9365,0
Llama-3-70B,8,100,upper_extremizer,937,0.9375,0
Llama-3-70B,8,100,upper_extremizer,938,0.9385,0
Llama-3-70B,8,100,upper_extremizer,939,0.9395,0
Llama-3-70B,8,100,upper_extremizer,940,0.9405,0
Llama-3-70B,8,100,upper_extremizer,941,0.9415,0
Llama-3-70B,8,100,upper_extremizer,942,0.9425,0
Llama-3-70B,8,100,upper_extremizer,943,0.9435,0
Llama-3-70B,8,100,upper_extremizer,944,0.9445,0
Llama-3-70B,8,100,upper_extremizer,945,0.9455,0
Llama-3-70B,8,100,upper_extremizer,946,0.9465,0.630801296397
Llama-3-70B,8,100,upper_extremizer,947,0.9475,1
Llama-3-70B,8,100,upper_extremizer,948,0.9485,1
Llama-3-70B,8,100,upper_extremizer,949,0.9495,1
Llama-3-70B,8,100,upper_extremizer,950,0.9505,1
Llama-3-70B,8,100,upper_extremizer,951,0.9515,1
Llama-3-70B,8,100,upper_extremizer,952,0.9525,1
Llama-3-70B,8,100,upper_extremizer,953,0.9535,1
Llama-3-70B,8,100,upper_extremizer,954,0.9545,1
Llama-3-70B,8,100,upper_extremizer,955,0.9555,1
Llama-3-70B,8,100,upper_extremizer,956,0.9565,1
Llama-3-70B,8,100,upper_extremizer,957,0.9575,1
Llama-3-70B,8,100,upper_extremizer,958,0.9585,1
Llama-3-70B,8,100,upper_extremizer,959,0.9595,1
Llama-3-70B,8,100,upper_extremizer,960,0.9605,1
Llama-3-70B,8,100,upper_extremizer,961,0.9615,1
Llama-3-70B,8,100,upper_extremizer,962,0.9625,1
Llama-3-70B,8,100,upper_extremizer,963,0.9635,1
Llama-3-70B,8,100,upper_extremizer,964,0.9645,1
Llama-3-70B,8,100,upper_extremizer,965,0.9655,1
Llama-3-70B,8,100,upper_extremizer,966,0.9665,1
Llama-3-70B,8,100,upper_extremizer,967,0.9675,1
Llama-3-70B,8,100,upper_extremizer,968,0.9685,1
Llama-3-70B,8,100,upper_extremizer,969,0.9695,1
Llama-3-70B,8,100,upper_extremizer,970,0.9705,1
Llama-3-70B,8,100,upper_extremizer,971,0.9715,1
Llama-3-70B,8,100,upper_extremizer,972,0.9725,1
Llama-3-70B,8,100,upper_extremizer,973,0.9735,1
Llama-3-70B,8,100,upper_extremizer,974,0.9745,1
Llama-3-70B,8,100,upper_extremizer,975,0.9755,1
Llama-3-70B,8,100,upper_extremizer,976,0.9765,1
Llama-3-70B,8,100,upper_extremizer,977,0.9775,1
Llama-3-70B,8,100,upper_extremizer,978,0.9785,1
Llama-3-70B,8,100,upper_extremizer,979,0.9795,1
Llama-3-70B,8,100,upper_extremizer,980,0.9805,1
Llama-3-70B,8,100,upper_extremizer,981,0.9815,1
Llama-3-70B,8,100,upper_extremizer,982,0.9825,1
Llama-3-70B,8,100,upper_extremizer,983,0.9835,1
Llama-3-70B,8,100,upper_extremizer,984,0.9845,1
Llama-3-70B,8,100,upper_extremizer,985,0.9855,1
Llama-3-70B,8,100,upper_extremizer,986,0.9865,1
Llama-3-70B,8,100,upper_extremizer,987,0.9875,1
Llama-3-70B,8,100,upper_extremizer,988,0.9885,1
Llama-3-70B,8,100,upper_extremizer,989,0.9895,1
Llama-3-70B,8,100,upper_extremizer,990,0.9905,1
Llama-3-70B,8,100,upper_extremizer,991,0.9915,1
Llama-3-70B,8,100,upper_extremizer,992,0.9925,1
Llama-3-70B,8,100,upper_extremizer,993,0.9935,1
Llama-3-70B,8,100,upper_extremizer,994,0.9945,1
Llama-3-70B,8,100,upper_extremizer,995,0.9955,1
Llama-3-70B,8,100,upper_extremizer,996,0.9965,1
Llama-3-70B,8,100,upper_extremizer,997,0.9975,1
Llama-3-70B,8,100,upper_extremizer,998,0.9985,1
Llama-3-70B,8,100,upper_extremizer,999,0.9995,1
